ISO-10303-21;
HEADER;
FILE_DESCRIPTION(('Open CASCADE Model'),'2;1');
FILE_NAME('Open CASCADE Shape Model','2000-01-01T00:00:00+00:00',(
    'Author'),('Open CASCADE'),'Open CASCADE STEP processor 7.9',
  'build123d','Unknown');
FILE_SCHEMA(('AUTOMOTIVE_DESIGN { 1 0 10303 214 1 1 1 1 }'));
ENDSEC;
DATA;
#1 = APPLICATION_PROTOCOL_DEFINITION('international standard',
  'automotive_design',2000,#2);
#2 = APPLICATION_CONTEXT(
  'core data for automotive mechanical design processes');
#3 = SHAPE_DEFINITION_REPRESENTATION(#4,#10);
#4 = PRODUCT_DEFINITION_SHAPE('','',#5);
#5 = PRODUCT_DEFINITION('design','',#6,#9);
#6 = PRODUCT_DEFINITION_FORMATION('','',#7);
#7 = PRODUCT('COMPOUND','COMPOUND','',(#8));
#8 = PRODUCT_CONTEXT('',#2,'mechanical');
#9 = PRODUCT_DEFINITION_CONTEXT('part definition',#2,'design');
#10 = ADVANCED_BREP_SHAPE_REPRESENTATION('',(#11,#15),#19489);
#11 = AXIS2_PLACEMENT_3D('',#12,#13,#14);
#12 = CARTESIAN_POINT('',(0.,0.,0.));
#13 = DIRECTION('',(0.,0.,1.));
#14 = DIRECTION('',(1.,0.,-0.));
#15 = MANIFOLD_SOLID_BREP('',#16);
#16 = CLOSED_SHELL('',(#17,#137,#220,#297,#379,#2011,#2068,#2117,#5767,
    #5792,#5841,#5891,#5940,#5968,#6042,#6087,#6136,#6163,#6219,#6295,
    #6372,#6421,#6471,#6630,#6679,#6796,#6823,#6879,#7038,#7087,#7204,
    #7231,#7363,#7412,#7507,#7534,#7666,#7715,#7810,#7837,#7970,#8019,
    #8119,#8146,#8202,#8306,#8355,#8427,#8454,#8587,#8636,#8732,#8759,
    #8918,#8967,#9084,#9111,#9187,#9292,#9341,#9414,#9573,#9622,#9739,
    #9766,#9822,#9847,#9872,#9897,#9922,#9929,#10005,#10054,#10103,
    #10152,#10201,#10250,#10299,#10348,#10397,#10446,#10495,#10544,
    #10593,#10642,#10691,#10740,#10789,#10838,#10887,#10936,#10985,
    #11012,#11088,#11137,#11186,#11213,#11289,#11338,#11387,#11436,
    #11485,#11534,#11583,#11610,#11686,#11735,#11784,#11833,#11882,
    #11931,#11980,#12007,#12083,#12132,#12181,#12230,#12279,#12328,
    #12377,#12426,#12475,#12524,#12573,#12622,#12671,#12720,#12747,
    #12823,#12872,#12921,#12970,#13019,#13068,#13117,#13144,#13220,
    #13269,#13318,#13367,#13416,#13465,#13514,#13563,#13612,#13661,
    #13710,#13759,#13808,#13857,#13906,#13933,#14009,#14058,#14107,
    #14156,#14205,#14254,#14303,#14352,#14379,#14455,#14504,#14553,
    #14602,#14651,#14700,#14749,#14798,#14847,#14896,#14945,#14994,
    #15043,#15092,#15141,#15190,#15239,#15288,#15337,#15386,#15435,
    #15462,#15538,#15587,#15636,#15663,#15739,#15788,#15837,#15864,
    #15871,#15925,#15952,#15959,#15966,#16011,#16036,#16043,#16097,
    #16104,#16149,#16174,#16181,#16208,#16235,#16242,#16269,#16296,
    #16303,#16328,#16353,#16360,#16414,#16441,#16448,#16504,#16560,
    #16567,#16574,#16619,#16644,#16651,#16678,#16705,#16712,#16719,
    #16764,#16789,#16796,#16850,#16875,#16882,#16893,#17050,#17068,
    #17079,#17098,#17110,#17135,#17142,#17149,#17203,#17257,#17311,
    #17366,#17421,#17475,#17551,#17600,#17649,#17698,#17725,#17780,
    #17835,#17890,#17894,#17898,#17953,#17961,#17996,#18031,#18066,
    #18101,#18155,#18209,#18263,#18317,#18371,#18425,#18479,#18533,
    #18588,#18643,#18698,#18753,#18788,#18823,#18858,#18893,#18948,
    #19003,#19058,#19113,#19148,#19183,#19218,#19253,#19308,#19363,
    #19418,#19473,#19477,#19481,#19485));
#17 = ADVANCED_FACE('',(#18),#32,.F.);
#18 = FACE_BOUND('',#19,.F.);
#19 = EDGE_LOOP('',(#20,#55,#83,#111));
#20 = ORIENTED_EDGE('',*,*,#21,.F.);
#21 = EDGE_CURVE('',#22,#24,#26,.T.);
#22 = VERTEX_POINT('',#23);
#23 = CARTESIAN_POINT('',(-37.8,-20.45,0.6));
#24 = VERTEX_POINT('',#25);
#25 = CARTESIAN_POINT('',(-37.8,-20.45,3.5));
#26 = SURFACE_CURVE('',#27,(#31,#43),.PCURVE_S1.);
#27 = LINE('',#28,#29);
#28 = CARTESIAN_POINT('',(-37.8,-20.45,0.));
#29 = VECTOR('',#30,1.);
#30 = DIRECTION('',(0.,0.,1.));
#31 = PCURVE('',#32,#37);
#32 = PLANE('',#33);
#33 = AXIS2_PLACEMENT_3D('',#34,#35,#36);
#34 = CARTESIAN_POINT('',(-37.8,-23.45,0.));
#35 = DIRECTION('',(1.,0.,-0.));
#36 = DIRECTION('',(0.,0.,1.));
#37 = DEFINITIONAL_REPRESENTATION('',(#38),#42);
#38 = LINE('',#39,#40);
#39 = CARTESIAN_POINT('',(0.,-3.));
#40 = VECTOR('',#41,1.);
#41 = DIRECTION('',(1.,0.));
#42 = ( GEOMETRIC_REPRESENTATION_CONTEXT(2) 
PARAMETRIC_REPRESENTATION_CONTEXT() REPRESENTATION_CONTEXT('2D SPACE',''
  ) );
#43 = PCURVE('',#44,#49);
#44 = CYLINDRICAL_SURFACE('',#45,3.);
#45 = AXIS2_PLACEMENT_3D('',#46,#47,#48);
#46 = CARTESIAN_POINT('',(-34.8,-20.45,0.));
#47 = DIRECTION('',(0.,0.,1.));
#48 = DIRECTION('',(-1.,-0.,0.));
#49 = DEFINITIONAL_REPRESENTATION('',(#50),#54);
#50 = LINE('',#51,#52);
#51 = CARTESIAN_POINT('',(0.,0.));
#52 = VECTOR('',#53,1.);
#53 = DIRECTION('',(0.,1.));
#54 = ( GEOMETRIC_REPRESENTATION_CONTEXT(2) 
PARAMETRIC_REPRESENTATION_CONTEXT() REPRESENTATION_CONTEXT('2D SPACE',''
  ) );
#55 = ORIENTED_EDGE('',*,*,#56,.T.);
#56 = EDGE_CURVE('',#22,#57,#59,.T.);
#57 = VERTEX_POINT('',#58);
#58 = CARTESIAN_POINT('',(-37.8,20.45,0.6));
#59 = SURFACE_CURVE('',#60,(#64,#71),.PCURVE_S1.);
#60 = LINE('',#61,#62);
#61 = CARTESIAN_POINT('',(-37.8,-20.45,0.6));
#62 = VECTOR('',#63,1.);
#63 = DIRECTION('',(-0.,1.,0.));
#64 = PCURVE('',#32,#65);
#65 = DEFINITIONAL_REPRESENTATION('',(#66),#70);
#66 = LINE('',#67,#68);
#67 = CARTESIAN_POINT('',(0.6,-3.));
#68 = VECTOR('',#69,1.);
#69 = DIRECTION('',(0.,-1.));
#70 = ( GEOMETRIC_REPRESENTATION_CONTEXT(2) 
PARAMETRIC_REPRESENTATION_CONTEXT() REPRESENTATION_CONTEXT('2D SPACE',''
  ) );
#71 = PCURVE('',#72,#77);
#72 = PLANE('',#73);
#73 = AXIS2_PLACEMENT_3D('',#74,#75,#76);
#74 = CARTESIAN_POINT('',(-37.5,-20.45,0.3));
#75 = DIRECTION('',(-0.707106781187,0.,-0.707106781187));
#76 = DIRECTION('',(0.,1.,0.));
#77 = DEFINITIONAL_REPRESENTATION('',(#78),#82);
#78 = LINE('',#79,#80);
#79 = CARTESIAN_POINT('',(0.,-0.424264068712));
#80 = VECTOR('',#81,1.);
#81 = DIRECTION('',(1.,0.));
#82 = ( GEOMETRIC_REPRESENTATION_CONTEXT(2) 
PARAMETRIC_REPRESENTATION_CONTEXT() REPRESENTATION_CONTEXT('2D SPACE',''
  ) );
#83 = ORIENTED_EDGE('',*,*,#84,.T.);
#84 = EDGE_CURVE('',#57,#85,#87,.T.);
#85 = VERTEX_POINT('',#86);
#86 = CARTESIAN_POINT('',(-37.8,20.45,3.5));
#87 = SURFACE_CURVE('',#88,(#92,#99),.PCURVE_S1.);
#88 = LINE('',#89,#90);
#89 = CARTESIAN_POINT('',(-37.8,20.45,0.));
#90 = VECTOR('',#91,1.);
#91 = DIRECTION('',(0.,0.,1.));
#92 = PCURVE('',#32,#93);
#93 = DEFINITIONAL_REPRESENTATION('',(#94),#98);
#94 = LINE('',#95,#96);
#95 = CARTESIAN_POINT('',(0.,-43.9));
#96 = VECTOR('',#97,1.);
#97 = DIRECTION('',(1.,0.));
#98 = ( GEOMETRIC_REPRESENTATION_CONTEXT(2) 
PARAMETRIC_REPRESENTATION_CONTEXT() REPRESENTATION_CONTEXT('2D SPACE',''
  ) );
#99 = PCURVE('',#100,#105);
#100 = CYLINDRICAL_SURFACE('',#101,3.);
#101 = AXIS2_PLACEMENT_3D('',#102,#103,#104);
#102 = CARTESIAN_POINT('',(-34.8,20.45,0.));
#103 = DIRECTION('',(0.,0.,1.));
#104 = DIRECTION('',(-1.,-0.,0.));
#105 = DEFINITIONAL_REPRESENTATION('',(#106),#110);
#106 = LINE('',#107,#108);
#107 = CARTESIAN_POINT('',(-0.,0.));
#108 = VECTOR('',#109,1.);
#109 = DIRECTION('',(-0.,1.));
#110 = ( GEOMETRIC_REPRESENTATION_CONTEXT(2) 
PARAMETRIC_REPRESENTATION_CONTEXT() REPRESENTATION_CONTEXT('2D SPACE',''
  ) );
#111 = ORIENTED_EDGE('',*,*,#112,.F.);
#112 = EDGE_CURVE('',#24,#85,#113,.T.);
#113 = SURFACE_CURVE('',#114,(#118,#125),.PCURVE_S1.);
#114 = LINE('',#115,#116);
#115 = CARTESIAN_POINT('',(-37.8,-20.45,3.5));
#116 = VECTOR('',#117,1.);
#117 = DIRECTION('',(0.,1.,0.));
#118 = PCURVE('',#32,#119);
#119 = DEFINITIONAL_REPRESENTATION('',(#120),#124);
#120 = LINE('',#121,#122);
#121 = CARTESIAN_POINT('',(3.5,-3.));
#122 = VECTOR('',#123,1.);
#123 = DIRECTION('',(0.,-1.));
#124 = ( GEOMETRIC_REPRESENTATION_CONTEXT(2) 
PARAMETRIC_REPRESENTATION_CONTEXT() REPRESENTATION_CONTEXT('2D SPACE',''
  ) );
#125 = PCURVE('',#126,#131);
#126 = PLANE('',#127);
#127 = AXIS2_PLACEMENT_3D('',#128,#129,#130);
#128 = CARTESIAN_POINT('',(-37.8,-23.45,3.5));
#129 = DIRECTION('',(0.,0.,1.));
#130 = DIRECTION('',(1.,0.,-0.));
#131 = DEFINITIONAL_REPRESENTATION('',(#132),#136);
#132 = LINE('',#133,#134);
#133 = CARTESIAN_POINT('',(0.,3.));
#134 = VECTOR('',#135,1.);
#135 = DIRECTION('',(0.,1.));
#136 = ( GEOMETRIC_REPRESENTATION_CONTEXT(2) 
PARAMETRIC_REPRESENTATION_CONTEXT() REPRESENTATION_CONTEXT('2D SPACE',''
  ) );
#137 = ADVANCED_FACE('',(#138),#44,.T.);
#138 = FACE_BOUND('',#139,.T.);
#139 = EDGE_LOOP('',(#140,#141,#170,#198));
#140 = ORIENTED_EDGE('',*,*,#21,.F.);
#141 = ORIENTED_EDGE('',*,*,#142,.F.);
#142 = EDGE_CURVE('',#143,#22,#145,.T.);
#143 = VERTEX_POINT('',#144);
#144 = CARTESIAN_POINT('',(-34.8,-23.45,0.6));
#145 = SURFACE_CURVE('',#146,(#151,#158),.PCURVE_S1.);
#146 = CIRCLE('',#147,3.);
#147 = AXIS2_PLACEMENT_3D('',#148,#149,#150);
#148 = CARTESIAN_POINT('',(-34.8,-20.45,0.6));
#149 = DIRECTION('',(-0.,-0.,-1.));
#150 = DIRECTION('',(0.,-1.,0.));
#151 = PCURVE('',#44,#152);
#152 = DEFINITIONAL_REPRESENTATION('',(#153),#157);
#153 = LINE('',#154,#155);
#154 = CARTESIAN_POINT('',(1.570796326795,0.6));
#155 = VECTOR('',#156,1.);
#156 = DIRECTION('',(-1.,-0.));
#157 = ( GEOMETRIC_REPRESENTATION_CONTEXT(2) 
PARAMETRIC_REPRESENTATION_CONTEXT() REPRESENTATION_CONTEXT('2D SPACE',''
  ) );
#158 = PCURVE('',#159,#164);
#159 = CONICAL_SURFACE('',#160,3.,0.785398163397);
#160 = AXIS2_PLACEMENT_3D('',#161,#162,#163);
#161 = CARTESIAN_POINT('',(-34.8,-20.45,0.6));
#162 = DIRECTION('',(0.,0.,1.));
#163 = DIRECTION('',(0.,-1.,0.));
#164 = DEFINITIONAL_REPRESENTATION('',(#165),#169);
#165 = LINE('',#166,#167);
#166 = CARTESIAN_POINT('',(-0.,-0.));
#167 = VECTOR('',#168,1.);
#168 = DIRECTION('',(-1.,-0.));
#169 = ( GEOMETRIC_REPRESENTATION_CONTEXT(2) 
PARAMETRIC_REPRESENTATION_CONTEXT() REPRESENTATION_CONTEXT('2D SPACE',''
  ) );
#170 = ORIENTED_EDGE('',*,*,#171,.T.);
#171 = EDGE_CURVE('',#143,#172,#174,.T.);
#172 = VERTEX_POINT('',#173);
#173 = CARTESIAN_POINT('',(-34.8,-23.45,3.5));
#174 = SURFACE_CURVE('',#175,(#179,#186),.PCURVE_S1.);
#175 = LINE('',#176,#177);
#176 = CARTESIAN_POINT('',(-34.8,-23.45,0.));
#177 = VECTOR('',#178,1.);
#178 = DIRECTION('',(0.,0.,1.));
#179 = PCURVE('',#44,#180);
#180 = DEFINITIONAL_REPRESENTATION('',(#181),#185);
#181 = LINE('',#182,#183);
#182 = CARTESIAN_POINT('',(1.570796326795,0.));
#183 = VECTOR('',#184,1.);
#184 = DIRECTION('',(0.,1.));
#185 = ( GEOMETRIC_REPRESENTATION_CONTEXT(2) 
PARAMETRIC_REPRESENTATION_CONTEXT() REPRESENTATION_CONTEXT('2D SPACE',''
  ) );
#186 = PCURVE('',#187,#192);
#187 = PLANE('',#188);
#188 = AXIS2_PLACEMENT_3D('',#189,#190,#191);
#189 = CARTESIAN_POINT('',(-37.8,-23.45,0.));
#190 = DIRECTION('',(-0.,1.,0.));
#191 = DIRECTION('',(0.,0.,1.));
#192 = DEFINITIONAL_REPRESENTATION('',(#193),#197);
#193 = LINE('',#194,#195);
#194 = CARTESIAN_POINT('',(0.,3.));
#195 = VECTOR('',#196,1.);
#196 = DIRECTION('',(1.,0.));
#197 = ( GEOMETRIC_REPRESENTATION_CONTEXT(2) 
PARAMETRIC_REPRESENTATION_CONTEXT() REPRESENTATION_CONTEXT('2D SPACE',''
  ) );
#198 = ORIENTED_EDGE('',*,*,#199,.F.);
#199 = EDGE_CURVE('',#24,#172,#200,.T.);
#200 = SURFACE_CURVE('',#201,(#206,#213),.PCURVE_S1.);
#201 = CIRCLE('',#202,3.);
#202 = AXIS2_PLACEMENT_3D('',#203,#204,#205);
#203 = CARTESIAN_POINT('',(-34.8,-20.45,3.5));
#204 = DIRECTION('',(0.,0.,1.));
#205 = DIRECTION('',(0.,-1.,0.));
#206 = PCURVE('',#44,#207);
#207 = DEFINITIONAL_REPRESENTATION('',(#208),#212);
#208 = LINE('',#209,#210);
#209 = CARTESIAN_POINT('',(-4.712388980385,3.5));
#210 = VECTOR('',#211,1.);
#211 = DIRECTION('',(1.,0.));
#212 = ( GEOMETRIC_REPRESENTATION_CONTEXT(2) 
PARAMETRIC_REPRESENTATION_CONTEXT() REPRESENTATION_CONTEXT('2D SPACE',''
  ) );
#213 = PCURVE('',#126,#214);
#214 = DEFINITIONAL_REPRESENTATION('',(#215),#219);
#215 = CIRCLE('',#216,3.);
#216 = AXIS2_PLACEMENT_2D('',#217,#218);
#217 = CARTESIAN_POINT('',(3.,3.));
#218 = DIRECTION('',(0.,-1.));
#219 = ( GEOMETRIC_REPRESENTATION_CONTEXT(2) 
PARAMETRIC_REPRESENTATION_CONTEXT() REPRESENTATION_CONTEXT('2D SPACE',''
  ) );
#220 = ADVANCED_FACE('',(#221),#72,.T.);
#221 = FACE_BOUND('',#222,.T.);
#222 = EDGE_LOOP('',(#223,#244,#245,#271));
#223 = ORIENTED_EDGE('',*,*,#224,.F.);
#224 = EDGE_CURVE('',#22,#225,#227,.T.);
#225 = VERTEX_POINT('',#226);
#226 = CARTESIAN_POINT('',(-37.2,-20.45,-1.554312234475E-15));
#227 = SURFACE_CURVE('',#228,(#232,#238),.PCURVE_S1.);
#228 = LINE('',#229,#230);
#229 = CARTESIAN_POINT('',(-37.5,-20.45,0.3));
#230 = VECTOR('',#231,1.);
#231 = DIRECTION('',(0.707106781187,0.,-0.707106781187));
#232 = PCURVE('',#72,#233);
#233 = DEFINITIONAL_REPRESENTATION('',(#234),#237);
#234 = B_SPLINE_CURVE_WITH_KNOTS('',1,(#235,#236),.UNSPECIFIED.,.F.,.F.,
  (2,2),(-0.424264068712,0.424264068712),.PIECEWISE_BEZIER_KNOTS.);
#235 = CARTESIAN_POINT('',(0.,-0.424264068712));
#236 = CARTESIAN_POINT('',(0.,0.424264068712));
#237 = ( GEOMETRIC_REPRESENTATION_CONTEXT(2) 
PARAMETRIC_REPRESENTATION_CONTEXT() REPRESENTATION_CONTEXT('2D SPACE',''
  ) );
#238 = PCURVE('',#159,#239);
#239 = DEFINITIONAL_REPRESENTATION('',(#240),#243);
#240 = B_SPLINE_CURVE_WITH_KNOTS('',1,(#241,#242),.UNSPECIFIED.,.F.,.F.,
  (2,2),(-0.424264068712,0.424264068712),.PIECEWISE_BEZIER_KNOTS.);
#241 = CARTESIAN_POINT('',(-1.570796326795,0.));
#242 = CARTESIAN_POINT('',(-1.570796326795,-0.6));
#243 = ( GEOMETRIC_REPRESENTATION_CONTEXT(2) 
PARAMETRIC_REPRESENTATION_CONTEXT() REPRESENTATION_CONTEXT('2D SPACE',''
  ) );
#244 = ORIENTED_EDGE('',*,*,#56,.T.);
#245 = ORIENTED_EDGE('',*,*,#246,.T.);
#246 = EDGE_CURVE('',#57,#247,#249,.T.);
#247 = VERTEX_POINT('',#248);
#248 = CARTESIAN_POINT('',(-37.2,20.45,-1.554312234475E-15));
#249 = SURFACE_CURVE('',#250,(#254,#260),.PCURVE_S1.);
#250 = LINE('',#251,#252);
#251 = CARTESIAN_POINT('',(-37.5,20.45,0.3));
#252 = VECTOR('',#253,1.);
#253 = DIRECTION('',(0.707106781187,0.,-0.707106781187));
#254 = PCURVE('',#72,#255);
#255 = DEFINITIONAL_REPRESENTATION('',(#256),#259);
#256 = B_SPLINE_CURVE_WITH_KNOTS('',1,(#257,#258),.UNSPECIFIED.,.F.,.F.,
  (2,2),(-0.424264068712,0.424264068712),.PIECEWISE_BEZIER_KNOTS.);
#257 = CARTESIAN_POINT('',(40.9,-0.424264068712));
#258 = CARTESIAN_POINT('',(40.9,0.424264068712));
#259 = ( GEOMETRIC_REPRESENTATION_CONTEXT(2) 
PARAMETRIC_REPRESENTATION_CONTEXT() REPRESENTATION_CONTEXT('2D SPACE',''
  ) );
#260 = PCURVE('',#261,#266);
#261 = CONICAL_SURFACE('',#262,3.,0.785398163397);
#262 = AXIS2_PLACEMENT_3D('',#263,#264,#265);
#263 = CARTESIAN_POINT('',(-34.8,20.45,0.6));
#264 = DIRECTION('',(0.,0.,1.));
#265 = DIRECTION('',(-1.,0.,0.));
#266 = DEFINITIONAL_REPRESENTATION('',(#267),#270);
#267 = B_SPLINE_CURVE_WITH_KNOTS('',1,(#268,#269),.UNSPECIFIED.,.F.,.F.,
  (2,2),(-0.424264068712,0.424264068712),.PIECEWISE_BEZIER_KNOTS.);
#268 = CARTESIAN_POINT('',(0.,0.));
#269 = CARTESIAN_POINT('',(0.,-0.6));
#270 = ( GEOMETRIC_REPRESENTATION_CONTEXT(2) 
PARAMETRIC_REPRESENTATION_CONTEXT() REPRESENTATION_CONTEXT('2D SPACE',''
  ) );
#271 = ORIENTED_EDGE('',*,*,#272,.F.);
#272 = EDGE_CURVE('',#225,#247,#273,.T.);
#273 = SURFACE_CURVE('',#274,(#278,#285),.PCURVE_S1.);
#274 = LINE('',#275,#276);
#275 = CARTESIAN_POINT('',(-37.2,-20.45,0.));
#276 = VECTOR('',#277,1.);
#277 = DIRECTION('',(-0.,1.,0.));
#278 = PCURVE('',#72,#279);
#279 = DEFINITIONAL_REPRESENTATION('',(#280),#284);
#280 = LINE('',#281,#282);
#281 = CARTESIAN_POINT('',(0.,0.424264068712));
#282 = VECTOR('',#283,1.);
#283 = DIRECTION('',(1.,0.));
#284 = ( GEOMETRIC_REPRESENTATION_CONTEXT(2) 
PARAMETRIC_REPRESENTATION_CONTEXT() REPRESENTATION_CONTEXT('2D SPACE',''
  ) );
#285 = PCURVE('',#286,#291);
#286 = PLANE('',#287);
#287 = AXIS2_PLACEMENT_3D('',#288,#289,#290);
#288 = CARTESIAN_POINT('',(-37.8,-23.45,0.));
#289 = DIRECTION('',(0.,0.,1.));
#290 = DIRECTION('',(1.,0.,-0.));
#291 = DEFINITIONAL_REPRESENTATION('',(#292),#296);
#292 = LINE('',#293,#294);
#293 = CARTESIAN_POINT('',(0.6,3.));
#294 = VECTOR('',#295,1.);
#295 = DIRECTION('',(0.,1.));
#296 = ( GEOMETRIC_REPRESENTATION_CONTEXT(2) 
PARAMETRIC_REPRESENTATION_CONTEXT() REPRESENTATION_CONTEXT('2D SPACE',''
  ) );
#297 = ADVANCED_FACE('',(#298),#100,.T.);
#298 = FACE_BOUND('',#299,.F.);
#299 = EDGE_LOOP('',(#300,#301,#325,#353));
#300 = ORIENTED_EDGE('',*,*,#84,.F.);
#301 = ORIENTED_EDGE('',*,*,#302,.T.);
#302 = EDGE_CURVE('',#57,#303,#305,.T.);
#303 = VERTEX_POINT('',#304);
#304 = CARTESIAN_POINT('',(-34.8,23.45,0.6));
#305 = SURFACE_CURVE('',#306,(#311,#318),.PCURVE_S1.);
#306 = CIRCLE('',#307,3.);
#307 = AXIS2_PLACEMENT_3D('',#308,#309,#310);
#308 = CARTESIAN_POINT('',(-34.8,20.45,0.6));
#309 = DIRECTION('',(-0.,0.,-1.));
#310 = DIRECTION('',(-1.,0.,0.));
#311 = PCURVE('',#100,#312);
#312 = DEFINITIONAL_REPRESENTATION('',(#313),#317);
#313 = LINE('',#314,#315);
#314 = CARTESIAN_POINT('',(-0.,0.6));
#315 = VECTOR('',#316,1.);
#316 = DIRECTION('',(-1.,0.));
#317 = ( GEOMETRIC_REPRESENTATION_CONTEXT(2) 
PARAMETRIC_REPRESENTATION_CONTEXT() REPRESENTATION_CONTEXT('2D SPACE',''
  ) );
#318 = PCURVE('',#261,#319);
#319 = DEFINITIONAL_REPRESENTATION('',(#320),#324);
#320 = LINE('',#321,#322);
#321 = CARTESIAN_POINT('',(-0.,-0.));
#322 = VECTOR('',#323,1.);
#323 = DIRECTION('',(-1.,-0.));
#324 = ( GEOMETRIC_REPRESENTATION_CONTEXT(2) 
PARAMETRIC_REPRESENTATION_CONTEXT() REPRESENTATION_CONTEXT('2D SPACE',''
  ) );
#325 = ORIENTED_EDGE('',*,*,#326,.T.);
#326 = EDGE_CURVE('',#303,#327,#329,.T.);
#327 = VERTEX_POINT('',#328);
#328 = CARTESIAN_POINT('',(-34.8,23.45,3.5));
#329 = SURFACE_CURVE('',#330,(#334,#341),.PCURVE_S1.);
#330 = LINE('',#331,#332);
#331 = CARTESIAN_POINT('',(-34.8,23.45,0.));
#332 = VECTOR('',#333,1.);
#333 = DIRECTION('',(0.,0.,1.));
#334 = PCURVE('',#100,#335);
#335 = DEFINITIONAL_REPRESENTATION('',(#336),#340);
#336 = LINE('',#337,#338);
#337 = CARTESIAN_POINT('',(-1.570796326795,0.));
#338 = VECTOR('',#339,1.);
#339 = DIRECTION('',(-0.,1.));
#340 = ( GEOMETRIC_REPRESENTATION_CONTEXT(2) 
PARAMETRIC_REPRESENTATION_CONTEXT() REPRESENTATION_CONTEXT('2D SPACE',''
  ) );
#341 = PCURVE('',#342,#347);
#342 = PLANE('',#343);
#343 = AXIS2_PLACEMENT_3D('',#344,#345,#346);
#344 = CARTESIAN_POINT('',(-37.8,23.45,0.));
#345 = DIRECTION('',(-0.,1.,0.));
#346 = DIRECTION('',(0.,0.,1.));
#347 = DEFINITIONAL_REPRESENTATION('',(#348),#352);
#348 = LINE('',#349,#350);
#349 = CARTESIAN_POINT('',(0.,3.));
#350 = VECTOR('',#351,1.);
#351 = DIRECTION('',(1.,0.));
#352 = ( GEOMETRIC_REPRESENTATION_CONTEXT(2) 
PARAMETRIC_REPRESENTATION_CONTEXT() REPRESENTATION_CONTEXT('2D SPACE',''
  ) );
#353 = ORIENTED_EDGE('',*,*,#354,.F.);
#354 = EDGE_CURVE('',#85,#327,#355,.T.);
#355 = SURFACE_CURVE('',#356,(#361,#368),.PCURVE_S1.);
#356 = CIRCLE('',#357,3.);
#357 = AXIS2_PLACEMENT_3D('',#358,#359,#360);
#358 = CARTESIAN_POINT('',(-34.8,20.45,3.5));
#359 = DIRECTION('',(-0.,-0.,-1.));
#360 = DIRECTION('',(0.,-1.,0.));
#361 = PCURVE('',#100,#362);
#362 = DEFINITIONAL_REPRESENTATION('',(#363),#367);
#363 = LINE('',#364,#365);
#364 = CARTESIAN_POINT('',(1.570796326795,3.5));
#365 = VECTOR('',#366,1.);
#366 = DIRECTION('',(-1.,0.));
#367 = ( GEOMETRIC_REPRESENTATION_CONTEXT(2) 
PARAMETRIC_REPRESENTATION_CONTEXT() REPRESENTATION_CONTEXT('2D SPACE',''
  ) );
#368 = PCURVE('',#126,#369);
#369 = DEFINITIONAL_REPRESENTATION('',(#370),#378);
#370 = ( BOUNDED_CURVE() B_SPLINE_CURVE(2,(#371,#372,#373,#374,#375,#376
,#377),.UNSPECIFIED.,.T.,.F.) B_SPLINE_CURVE_WITH_KNOTS((1,2,2,2,2,1),(
    -2.094395102393,0.,2.094395102393,4.188790204786,6.28318530718,
8.377580409573),.UNSPECIFIED.) CURVE() GEOMETRIC_REPRESENTATION_ITEM() 
RATIONAL_B_SPLINE_CURVE((1.,0.5,1.,0.5,1.,0.5,1.)) REPRESENTATION_ITEM(
  '') );
#371 = CARTESIAN_POINT('',(3.,40.9));
#372 = CARTESIAN_POINT('',(-2.196152422707,40.9));
#373 = CARTESIAN_POINT('',(0.401923788647,45.4));
#374 = CARTESIAN_POINT('',(3.,49.9));
#375 = CARTESIAN_POINT('',(5.598076211353,45.4));
#376 = CARTESIAN_POINT('',(8.196152422707,40.9));
#377 = CARTESIAN_POINT('',(3.,40.9));
#378 = ( GEOMETRIC_REPRESENTATION_CONTEXT(2) 
PARAMETRIC_REPRESENTATION_CONTEXT() REPRESENTATION_CONTEXT('2D SPACE',''
  ) );
#379 = ADVANCED_FACE('',(#380,#519,#633,#664,#778,#892,#923,#1037,#1151,
    #1265,#1379,#1410,#1524,#1638,#1752,#1866,#1980),#126,.T.);
#380 = FACE_BOUND('',#381,.T.);
#381 = EDGE_LOOP('',(#382,#383,#384,#407,#440,#468,#497,#518));
#382 = ORIENTED_EDGE('',*,*,#112,.F.);
#383 = ORIENTED_EDGE('',*,*,#199,.T.);
#384 = ORIENTED_EDGE('',*,*,#385,.T.);
#385 = EDGE_CURVE('',#172,#386,#388,.T.);
#386 = VERTEX_POINT('',#387);
#387 = CARTESIAN_POINT('',(34.8,-23.45,3.5));
#388 = SURFACE_CURVE('',#389,(#393,#400),.PCURVE_S1.);
#389 = LINE('',#390,#391);
#390 = CARTESIAN_POINT('',(-37.8,-23.45,3.5));
#391 = VECTOR('',#392,1.);
#392 = DIRECTION('',(1.,0.,-0.));
#393 = PCURVE('',#126,#394);
#394 = DEFINITIONAL_REPRESENTATION('',(#395),#399);
#395 = LINE('',#396,#397);
#396 = CARTESIAN_POINT('',(0.,0.));
#397 = VECTOR('',#398,1.);
#398 = DIRECTION('',(1.,0.));
#399 = ( GEOMETRIC_REPRESENTATION_CONTEXT(2) 
PARAMETRIC_REPRESENTATION_CONTEXT() REPRESENTATION_CONTEXT('2D SPACE',''
  ) );
#400 = PCURVE('',#187,#401);
#401 = DEFINITIONAL_REPRESENTATION('',(#402),#406);
#402 = LINE('',#403,#404);
#403 = CARTESIAN_POINT('',(3.5,0.));
#404 = VECTOR('',#405,1.);
#405 = DIRECTION('',(0.,1.));
#406 = ( GEOMETRIC_REPRESENTATION_CONTEXT(2) 
PARAMETRIC_REPRESENTATION_CONTEXT() REPRESENTATION_CONTEXT('2D SPACE',''
  ) );
#407 = ORIENTED_EDGE('',*,*,#408,.F.);
#408 = EDGE_CURVE('',#409,#386,#411,.T.);
#409 = VERTEX_POINT('',#410);
#410 = CARTESIAN_POINT('',(37.8,-20.45,3.5));
#411 = SURFACE_CURVE('',#412,(#417,#428),.PCURVE_S1.);
#412 = CIRCLE('',#413,3.);
#413 = AXIS2_PLACEMENT_3D('',#414,#415,#416);
#414 = CARTESIAN_POINT('',(34.8,-20.45,3.5));
#415 = DIRECTION('',(-0.,-0.,-1.));
#416 = DIRECTION('',(0.,-1.,0.));
#417 = PCURVE('',#126,#418);
#418 = DEFINITIONAL_REPRESENTATION('',(#419),#427);
#419 = ( BOUNDED_CURVE() B_SPLINE_CURVE(2,(#420,#421,#422,#423,#424,#425
,#426),.UNSPECIFIED.,.T.,.F.) B_SPLINE_CURVE_WITH_KNOTS((1,2,2,2,2,1),(
    -2.094395102393,0.,2.094395102393,4.188790204786,6.28318530718,
8.377580409573),.UNSPECIFIED.) CURVE() GEOMETRIC_REPRESENTATION_ITEM() 
RATIONAL_B_SPLINE_CURVE((1.,0.5,1.,0.5,1.,0.5,1.)) REPRESENTATION_ITEM(
  '') );
#420 = CARTESIAN_POINT('',(72.6,0.));
#421 = CARTESIAN_POINT('',(67.403847577293,0.));
#422 = CARTESIAN_POINT('',(70.001923788647,4.5));
#423 = CARTESIAN_POINT('',(72.6,9.));
#424 = CARTESIAN_POINT('',(75.198076211353,4.5));
#425 = CARTESIAN_POINT('',(77.796152422707,4.440892098501E-15));
#426 = CARTESIAN_POINT('',(72.6,0.));
#427 = ( GEOMETRIC_REPRESENTATION_CONTEXT(2) 
PARAMETRIC_REPRESENTATION_CONTEXT() REPRESENTATION_CONTEXT('2D SPACE',''
  ) );
#428 = PCURVE('',#429,#434);
#429 = CYLINDRICAL_SURFACE('',#430,3.);
#430 = AXIS2_PLACEMENT_3D('',#431,#432,#433);
#431 = CARTESIAN_POINT('',(34.8,-20.45,0.));
#432 = DIRECTION('',(0.,0.,1.));
#433 = DIRECTION('',(1.,0.,-0.));
#434 = DEFINITIONAL_REPRESENTATION('',(#435),#439);
#435 = LINE('',#436,#437);
#436 = CARTESIAN_POINT('',(4.712388980385,3.5));
#437 = VECTOR('',#438,1.);
#438 = DIRECTION('',(-1.,0.));
#439 = ( GEOMETRIC_REPRESENTATION_CONTEXT(2) 
PARAMETRIC_REPRESENTATION_CONTEXT() REPRESENTATION_CONTEXT('2D SPACE',''
  ) );
#440 = ORIENTED_EDGE('',*,*,#441,.T.);
#441 = EDGE_CURVE('',#409,#442,#444,.T.);
#442 = VERTEX_POINT('',#443);
#443 = CARTESIAN_POINT('',(37.8,20.45,3.5));
#444 = SURFACE_CURVE('',#445,(#449,#456),.PCURVE_S1.);
#445 = LINE('',#446,#447);
#446 = CARTESIAN_POINT('',(37.8,-23.45,3.5));
#447 = VECTOR('',#448,1.);
#448 = DIRECTION('',(-0.,1.,0.));
#449 = PCURVE('',#126,#450);
#450 = DEFINITIONAL_REPRESENTATION('',(#451),#455);
#451 = LINE('',#452,#453);
#452 = CARTESIAN_POINT('',(75.6,0.));
#453 = VECTOR('',#454,1.);
#454 = DIRECTION('',(0.,1.));
#455 = ( GEOMETRIC_REPRESENTATION_CONTEXT(2) 
PARAMETRIC_REPRESENTATION_CONTEXT() REPRESENTATION_CONTEXT('2D SPACE',''
  ) );
#456 = PCURVE('',#457,#462);
#457 = PLANE('',#458);
#458 = AXIS2_PLACEMENT_3D('',#459,#460,#461);
#459 = CARTESIAN_POINT('',(37.8,-23.45,0.));
#460 = DIRECTION('',(1.,0.,-0.));
#461 = DIRECTION('',(0.,0.,1.));
#462 = DEFINITIONAL_REPRESENTATION('',(#463),#467);
#463 = LINE('',#464,#465);
#464 = CARTESIAN_POINT('',(3.5,0.));
#465 = VECTOR('',#466,1.);
#466 = DIRECTION('',(0.,-1.));
#467 = ( GEOMETRIC_REPRESENTATION_CONTEXT(2) 
PARAMETRIC_REPRESENTATION_CONTEXT() REPRESENTATION_CONTEXT('2D SPACE',''
  ) );
#468 = ORIENTED_EDGE('',*,*,#469,.T.);
#469 = EDGE_CURVE('',#442,#470,#472,.T.);
#470 = VERTEX_POINT('',#471);
#471 = CARTESIAN_POINT('',(34.8,23.45,3.5));
#472 = SURFACE_CURVE('',#473,(#478,#485),.PCURVE_S1.);
#473 = CIRCLE('',#474,3.);
#474 = AXIS2_PLACEMENT_3D('',#475,#476,#477);
#475 = CARTESIAN_POINT('',(34.8,20.45,3.5));
#476 = DIRECTION('',(0.,0.,1.));
#477 = DIRECTION('',(0.,-1.,0.));
#478 = PCURVE('',#126,#479);
#479 = DEFINITIONAL_REPRESENTATION('',(#480),#484);
#480 = CIRCLE('',#481,3.);
#481 = AXIS2_PLACEMENT_2D('',#482,#483);
#482 = CARTESIAN_POINT('',(72.6,43.9));
#483 = DIRECTION('',(0.,-1.));
#484 = ( GEOMETRIC_REPRESENTATION_CONTEXT(2) 
PARAMETRIC_REPRESENTATION_CONTEXT() REPRESENTATION_CONTEXT('2D SPACE',''
  ) );
#485 = PCURVE('',#486,#491);
#486 = CYLINDRICAL_SURFACE('',#487,3.);
#487 = AXIS2_PLACEMENT_3D('',#488,#489,#490);
#488 = CARTESIAN_POINT('',(34.8,20.45,0.));
#489 = DIRECTION('',(0.,0.,1.));
#490 = DIRECTION('',(1.,0.,-0.));
#491 = DEFINITIONAL_REPRESENTATION('',(#492),#496);
#492 = LINE('',#493,#494);
#493 = CARTESIAN_POINT('',(-1.570796326795,3.5));
#494 = VECTOR('',#495,1.);
#495 = DIRECTION('',(1.,0.));
#496 = ( GEOMETRIC_REPRESENTATION_CONTEXT(2) 
PARAMETRIC_REPRESENTATION_CONTEXT() REPRESENTATION_CONTEXT('2D SPACE',''
  ) );
#497 = ORIENTED_EDGE('',*,*,#498,.F.);
#498 = EDGE_CURVE('',#327,#470,#499,.T.);
#499 = SURFACE_CURVE('',#500,(#504,#511),.PCURVE_S1.);
#500 = LINE('',#501,#502);
#501 = CARTESIAN_POINT('',(-37.8,23.45,3.5));
#502 = VECTOR('',#503,1.);
#503 = DIRECTION('',(1.,0.,-0.));
#504 = PCURVE('',#126,#505);
#505 = DEFINITIONAL_REPRESENTATION('',(#506),#510);
#506 = LINE('',#507,#508);
#507 = CARTESIAN_POINT('',(0.,46.9));
#508 = VECTOR('',#509,1.);
#509 = DIRECTION('',(1.,0.));
#510 = ( GEOMETRIC_REPRESENTATION_CONTEXT(2) 
PARAMETRIC_REPRESENTATION_CONTEXT() REPRESENTATION_CONTEXT('2D SPACE',''
  ) );
#511 = PCURVE('',#342,#512);
#512 = DEFINITIONAL_REPRESENTATION('',(#513),#517);
#513 = LINE('',#514,#515);
#514 = CARTESIAN_POINT('',(3.5,0.));
#515 = VECTOR('',#516,1.);
#516 = DIRECTION('',(0.,1.));
#517 = ( GEOMETRIC_REPRESENTATION_CONTEXT(2) 
PARAMETRIC_REPRESENTATION_CONTEXT() REPRESENTATION_CONTEXT('2D SPACE',''
  ) );
#518 = ORIENTED_EDGE('',*,*,#354,.F.);
#519 = FACE_BOUND('',#520,.T.);
#520 = EDGE_LOOP('',(#521,#551,#579,#607));
#521 = ORIENTED_EDGE('',*,*,#522,.F.);
#522 = EDGE_CURVE('',#523,#525,#527,.T.);
#523 = VERTEX_POINT('',#524);
#524 = CARTESIAN_POINT('',(-30.,-5.,3.5));
#525 = VERTEX_POINT('',#526);
#526 = CARTESIAN_POINT('',(-27.5,-5.,3.5));
#527 = SURFACE_CURVE('',#528,(#532,#539),.PCURVE_S1.);
#528 = LINE('',#529,#530);
#529 = CARTESIAN_POINT('',(-32.5,-5.,3.5));
#530 = VECTOR('',#531,1.);
#531 = DIRECTION('',(1.,0.,-0.));
#532 = PCURVE('',#126,#533);
#533 = DEFINITIONAL_REPRESENTATION('',(#534),#538);
#534 = LINE('',#535,#536);
#535 = CARTESIAN_POINT('',(5.3,18.45));
#536 = VECTOR('',#537,1.);
#537 = DIRECTION('',(1.,0.));
#538 = ( GEOMETRIC_REPRESENTATION_CONTEXT(2) 
PARAMETRIC_REPRESENTATION_CONTEXT() REPRESENTATION_CONTEXT('2D SPACE',''
  ) );
#539 = PCURVE('',#540,#545);
#540 = PLANE('',#541);
#541 = AXIS2_PLACEMENT_3D('',#542,#543,#544);
#542 = CARTESIAN_POINT('',(-32.5,-5.,3.5));
#543 = DIRECTION('',(-0.,1.,0.));
#544 = DIRECTION('',(0.,0.,1.));
#545 = DEFINITIONAL_REPRESENTATION('',(#546),#550);
#546 = LINE('',#547,#548);
#547 = CARTESIAN_POINT('',(0.,0.));
#548 = VECTOR('',#549,1.);
#549 = DIRECTION('',(0.,1.));
#550 = ( GEOMETRIC_REPRESENTATION_CONTEXT(2) 
PARAMETRIC_REPRESENTATION_CONTEXT() REPRESENTATION_CONTEXT('2D SPACE',''
  ) );
#551 = ORIENTED_EDGE('',*,*,#552,.T.);
#552 = EDGE_CURVE('',#523,#553,#555,.T.);
#553 = VERTEX_POINT('',#554);
#554 = CARTESIAN_POINT('',(-30.,5.,3.5));
#555 = SURFACE_CURVE('',#556,(#560,#567),.PCURVE_S1.);
#556 = LINE('',#557,#558);
#557 = CARTESIAN_POINT('',(-30.,-6.,3.5));
#558 = VECTOR('',#559,1.);
#559 = DIRECTION('',(-0.,1.,0.));
#560 = PCURVE('',#126,#561);
#561 = DEFINITIONAL_REPRESENTATION('',(#562),#566);
#562 = LINE('',#563,#564);
#563 = CARTESIAN_POINT('',(7.8,17.45));
#564 = VECTOR('',#565,1.);
#565 = DIRECTION('',(0.,1.));
#566 = ( GEOMETRIC_REPRESENTATION_CONTEXT(2) 
PARAMETRIC_REPRESENTATION_CONTEXT() REPRESENTATION_CONTEXT('2D SPACE',''
  ) );
#567 = PCURVE('',#568,#573);
#568 = PLANE('',#569);
#569 = AXIS2_PLACEMENT_3D('',#570,#571,#572);
#570 = CARTESIAN_POINT('',(-30.,-6.,3.5));
#571 = DIRECTION('',(1.,0.,-0.));
#572 = DIRECTION('',(0.,0.,1.));
#573 = DEFINITIONAL_REPRESENTATION('',(#574),#578);
#574 = LINE('',#575,#576);
#575 = CARTESIAN_POINT('',(0.,0.));
#576 = VECTOR('',#577,1.);
#577 = DIRECTION('',(0.,-1.));
#578 = ( GEOMETRIC_REPRESENTATION_CONTEXT(2) 
PARAMETRIC_REPRESENTATION_CONTEXT() REPRESENTATION_CONTEXT('2D SPACE',''
  ) );
#579 = ORIENTED_EDGE('',*,*,#580,.T.);
#580 = EDGE_CURVE('',#553,#581,#583,.T.);
#581 = VERTEX_POINT('',#582);
#582 = CARTESIAN_POINT('',(-27.5,5.,3.5));
#583 = SURFACE_CURVE('',#584,(#588,#595),.PCURVE_S1.);
#584 = LINE('',#585,#586);
#585 = CARTESIAN_POINT('',(-32.5,5.,3.5));
#586 = VECTOR('',#587,1.);
#587 = DIRECTION('',(1.,0.,-0.));
#588 = PCURVE('',#126,#589);
#589 = DEFINITIONAL_REPRESENTATION('',(#590),#594);
#590 = LINE('',#591,#592);
#591 = CARTESIAN_POINT('',(5.3,28.45));
#592 = VECTOR('',#593,1.);
#593 = DIRECTION('',(1.,0.));
#594 = ( GEOMETRIC_REPRESENTATION_CONTEXT(2) 
PARAMETRIC_REPRESENTATION_CONTEXT() REPRESENTATION_CONTEXT('2D SPACE',''
  ) );
#595 = PCURVE('',#596,#601);
#596 = PLANE('',#597);
#597 = AXIS2_PLACEMENT_3D('',#598,#599,#600);
#598 = CARTESIAN_POINT('',(-32.5,5.,3.5));
#599 = DIRECTION('',(-0.,1.,0.));
#600 = DIRECTION('',(0.,0.,1.));
#601 = DEFINITIONAL_REPRESENTATION('',(#602),#606);
#602 = LINE('',#603,#604);
#603 = CARTESIAN_POINT('',(0.,0.));
#604 = VECTOR('',#605,1.);
#605 = DIRECTION('',(0.,1.));
#606 = ( GEOMETRIC_REPRESENTATION_CONTEXT(2) 
PARAMETRIC_REPRESENTATION_CONTEXT() REPRESENTATION_CONTEXT('2D SPACE',''
  ) );
#607 = ORIENTED_EDGE('',*,*,#608,.F.);
#608 = EDGE_CURVE('',#525,#581,#609,.T.);
#609 = SURFACE_CURVE('',#610,(#614,#621),.PCURVE_S1.);
#610 = LINE('',#611,#612);
#611 = CARTESIAN_POINT('',(-27.5,-5.,3.5));
#612 = VECTOR('',#613,1.);
#613 = DIRECTION('',(-0.,1.,0.));
#614 = PCURVE('',#126,#615);
#615 = DEFINITIONAL_REPRESENTATION('',(#616),#620);
#616 = LINE('',#617,#618);
#617 = CARTESIAN_POINT('',(10.3,18.45));
#618 = VECTOR('',#619,1.);
#619 = DIRECTION('',(0.,1.));
#620 = ( GEOMETRIC_REPRESENTATION_CONTEXT(2) 
PARAMETRIC_REPRESENTATION_CONTEXT() REPRESENTATION_CONTEXT('2D SPACE',''
  ) );
#621 = PCURVE('',#622,#627);
#622 = PLANE('',#623);
#623 = AXIS2_PLACEMENT_3D('',#624,#625,#626);
#624 = CARTESIAN_POINT('',(-27.5,-5.,3.5));
#625 = DIRECTION('',(1.,0.,-0.));
#626 = DIRECTION('',(0.,0.,1.));
#627 = DEFINITIONAL_REPRESENTATION('',(#628),#632);
#628 = LINE('',#629,#630);
#629 = CARTESIAN_POINT('',(0.,0.));
#630 = VECTOR('',#631,1.);
#631 = DIRECTION('',(0.,-1.));
#632 = ( GEOMETRIC_REPRESENTATION_CONTEXT(2) 
PARAMETRIC_REPRESENTATION_CONTEXT() REPRESENTATION_CONTEXT('2D SPACE',''
  ) );
#633 = FACE_BOUND('',#634,.T.);
#634 = EDGE_LOOP('',(#635));
#635 = ORIENTED_EDGE('',*,*,#636,.F.);
#636 = EDGE_CURVE('',#637,#637,#639,.T.);
#637 = VERTEX_POINT('',#638);
#638 = CARTESIAN_POINT('',(-23.5,-13.6,3.5));
#639 = SURFACE_CURVE('',#640,(#645,#652),.PCURVE_S1.);
#640 = CIRCLE('',#641,4.45);
#641 = AXIS2_PLACEMENT_3D('',#642,#643,#644);
#642 = CARTESIAN_POINT('',(-27.95,-13.6,3.5));
#643 = DIRECTION('',(0.,0.,1.));
#644 = DIRECTION('',(1.,0.,-0.));
#645 = PCURVE('',#126,#646);
#646 = DEFINITIONAL_REPRESENTATION('',(#647),#651);
#647 = CIRCLE('',#648,4.45);
#648 = AXIS2_PLACEMENT_2D('',#649,#650);
#649 = CARTESIAN_POINT('',(9.85,9.85));
#650 = DIRECTION('',(1.,0.));
#651 = ( GEOMETRIC_REPRESENTATION_CONTEXT(2) 
PARAMETRIC_REPRESENTATION_CONTEXT() REPRESENTATION_CONTEXT('2D SPACE',''
  ) );
#652 = PCURVE('',#653,#658);
#653 = TOROIDAL_SURFACE('',#654,4.45,0.6);
#654 = AXIS2_PLACEMENT_3D('',#655,#656,#657);
#655 = CARTESIAN_POINT('',(-27.95,-13.6,4.1));
#656 = DIRECTION('',(0.,0.,1.));
#657 = DIRECTION('',(1.,0.,-0.));
#658 = DEFINITIONAL_REPRESENTATION('',(#659),#663);
#659 = LINE('',#660,#661);
#660 = CARTESIAN_POINT('',(0.,4.712388980385));
#661 = VECTOR('',#662,1.);
#662 = DIRECTION('',(1.,0.));
#663 = ( GEOMETRIC_REPRESENTATION_CONTEXT(2) 
PARAMETRIC_REPRESENTATION_CONTEXT() REPRESENTATION_CONTEXT('2D SPACE',''
  ) );
#664 = FACE_BOUND('',#665,.T.);
#665 = EDGE_LOOP('',(#666,#696,#724,#752));
#666 = ORIENTED_EDGE('',*,*,#667,.F.);
#667 = EDGE_CURVE('',#668,#670,#672,.T.);
#668 = VERTEX_POINT('',#669);
#669 = CARTESIAN_POINT('',(-4.,-20.75,3.5));
#670 = VERTEX_POINT('',#671);
#671 = CARTESIAN_POINT('',(4.,-20.75,3.5));
#672 = SURFACE_CURVE('',#673,(#677,#684),.PCURVE_S1.);
#673 = LINE('',#674,#675);
#674 = CARTESIAN_POINT('',(-4.,-20.75,3.5));
#675 = VECTOR('',#676,1.);
#676 = DIRECTION('',(1.,-0.,-0.));
#677 = PCURVE('',#126,#678);
#678 = DEFINITIONAL_REPRESENTATION('',(#679),#683);
#679 = LINE('',#680,#681);
#680 = CARTESIAN_POINT('',(33.8,2.7));
#681 = VECTOR('',#682,1.);
#682 = DIRECTION('',(1.,-0.));
#683 = ( GEOMETRIC_REPRESENTATION_CONTEXT(2) 
PARAMETRIC_REPRESENTATION_CONTEXT() REPRESENTATION_CONTEXT('2D SPACE',''
  ) );
#684 = PCURVE('',#685,#690);
#685 = PLANE('',#686);
#686 = AXIS2_PLACEMENT_3D('',#687,#688,#689);
#687 = CARTESIAN_POINT('',(-4.,-20.75,3.5));
#688 = DIRECTION('',(-0.,-1.,0.));
#689 = DIRECTION('',(0.,0.,-1.));
#690 = DEFINITIONAL_REPRESENTATION('',(#691),#695);
#691 = LINE('',#692,#693);
#692 = CARTESIAN_POINT('',(-0.,0.));
#693 = VECTOR('',#694,1.);
#694 = DIRECTION('',(0.,1.));
#695 = ( GEOMETRIC_REPRESENTATION_CONTEXT(2) 
PARAMETRIC_REPRESENTATION_CONTEXT() REPRESENTATION_CONTEXT('2D SPACE',''
  ) );
#696 = ORIENTED_EDGE('',*,*,#697,.F.);
#697 = EDGE_CURVE('',#698,#668,#700,.T.);
#698 = VERTEX_POINT('',#699);
#699 = CARTESIAN_POINT('',(-4.,-19.15,3.5));
#700 = SURFACE_CURVE('',#701,(#705,#712),.PCURVE_S1.);
#701 = LINE('',#702,#703);
#702 = CARTESIAN_POINT('',(-4.,-19.15,3.5));
#703 = VECTOR('',#704,1.);
#704 = DIRECTION('',(-0.,-1.,0.));
#705 = PCURVE('',#126,#706);
#706 = DEFINITIONAL_REPRESENTATION('',(#707),#711);
#707 = LINE('',#708,#709);
#708 = CARTESIAN_POINT('',(33.8,4.3));
#709 = VECTOR('',#710,1.);
#710 = DIRECTION('',(-0.,-1.));
#711 = ( GEOMETRIC_REPRESENTATION_CONTEXT(2) 
PARAMETRIC_REPRESENTATION_CONTEXT() REPRESENTATION_CONTEXT('2D SPACE',''
  ) );
#712 = PCURVE('',#713,#718);
#713 = PLANE('',#714);
#714 = AXIS2_PLACEMENT_3D('',#715,#716,#717);
#715 = CARTESIAN_POINT('',(-4.,-19.15,3.5));
#716 = DIRECTION('',(1.,-0.,-0.));
#717 = DIRECTION('',(0.,0.,-1.));
#718 = DEFINITIONAL_REPRESENTATION('',(#719),#723);
#719 = LINE('',#720,#721);
#720 = CARTESIAN_POINT('',(-0.,0.));
#721 = VECTOR('',#722,1.);
#722 = DIRECTION('',(-0.,-1.));
#723 = ( GEOMETRIC_REPRESENTATION_CONTEXT(2) 
PARAMETRIC_REPRESENTATION_CONTEXT() REPRESENTATION_CONTEXT('2D SPACE',''
  ) );
#724 = ORIENTED_EDGE('',*,*,#725,.T.);
#725 = EDGE_CURVE('',#698,#726,#728,.T.);
#726 = VERTEX_POINT('',#727);
#727 = CARTESIAN_POINT('',(4.,-19.15,3.5));
#728 = SURFACE_CURVE('',#729,(#733,#740),.PCURVE_S1.);
#729 = LINE('',#730,#731);
#730 = CARTESIAN_POINT('',(-4.,-19.15,3.5));
#731 = VECTOR('',#732,1.);
#732 = DIRECTION('',(1.,-0.,-0.));
#733 = PCURVE('',#126,#734);
#734 = DEFINITIONAL_REPRESENTATION('',(#735),#739);
#735 = LINE('',#736,#737);
#736 = CARTESIAN_POINT('',(33.8,4.3));
#737 = VECTOR('',#738,1.);
#738 = DIRECTION('',(1.,-0.));
#739 = ( GEOMETRIC_REPRESENTATION_CONTEXT(2) 
PARAMETRIC_REPRESENTATION_CONTEXT() REPRESENTATION_CONTEXT('2D SPACE',''
  ) );
#740 = PCURVE('',#741,#746);
#741 = PLANE('',#742);
#742 = AXIS2_PLACEMENT_3D('',#743,#744,#745);
#743 = CARTESIAN_POINT('',(-4.,-19.15,3.5));
#744 = DIRECTION('',(-0.,-1.,0.));
#745 = DIRECTION('',(0.,0.,-1.));
#746 = DEFINITIONAL_REPRESENTATION('',(#747),#751);
#747 = LINE('',#748,#749);
#748 = CARTESIAN_POINT('',(-0.,0.));
#749 = VECTOR('',#750,1.);
#750 = DIRECTION('',(0.,1.));
#751 = ( GEOMETRIC_REPRESENTATION_CONTEXT(2) 
PARAMETRIC_REPRESENTATION_CONTEXT() REPRESENTATION_CONTEXT('2D SPACE',''
  ) );
#752 = ORIENTED_EDGE('',*,*,#753,.T.);
#753 = EDGE_CURVE('',#726,#670,#754,.T.);
#754 = SURFACE_CURVE('',#755,(#759,#766),.PCURVE_S1.);
#755 = LINE('',#756,#757);
#756 = CARTESIAN_POINT('',(4.,-19.15,3.5));
#757 = VECTOR('',#758,1.);
#758 = DIRECTION('',(-0.,-1.,0.));
#759 = PCURVE('',#126,#760);
#760 = DEFINITIONAL_REPRESENTATION('',(#761),#765);
#761 = LINE('',#762,#763);
#762 = CARTESIAN_POINT('',(41.8,4.3));
#763 = VECTOR('',#764,1.);
#764 = DIRECTION('',(-0.,-1.));
#765 = ( GEOMETRIC_REPRESENTATION_CONTEXT(2) 
PARAMETRIC_REPRESENTATION_CONTEXT() REPRESENTATION_CONTEXT('2D SPACE',''
  ) );
#766 = PCURVE('',#767,#772);
#767 = PLANE('',#768);
#768 = AXIS2_PLACEMENT_3D('',#769,#770,#771);
#769 = CARTESIAN_POINT('',(4.,-19.15,3.5));
#770 = DIRECTION('',(1.,-0.,-0.));
#771 = DIRECTION('',(0.,0.,-1.));
#772 = DEFINITIONAL_REPRESENTATION('',(#773),#777);
#773 = LINE('',#774,#775);
#774 = CARTESIAN_POINT('',(-0.,0.));
#775 = VECTOR('',#776,1.);
#776 = DIRECTION('',(-0.,-1.));
#777 = ( GEOMETRIC_REPRESENTATION_CONTEXT(2) 
PARAMETRIC_REPRESENTATION_CONTEXT() REPRESENTATION_CONTEXT('2D SPACE',''
  ) );
#778 = FACE_BOUND('',#779,.T.);
#779 = EDGE_LOOP('',(#780,#810,#838,#866));
#780 = ORIENTED_EDGE('',*,*,#781,.T.);
#781 = EDGE_CURVE('',#782,#784,#786,.T.);
#782 = VERTEX_POINT('',#783);
#783 = CARTESIAN_POINT('',(13.,-16.25,3.5));
#784 = VERTEX_POINT('',#785);
#785 = CARTESIAN_POINT('',(13.,-13.25,3.5));
#786 = SURFACE_CURVE('',#787,(#791,#798),.PCURVE_S1.);
#787 = LINE('',#788,#789);
#788 = CARTESIAN_POINT('',(13.,-16.25,3.5));
#789 = VECTOR('',#790,1.);
#790 = DIRECTION('',(-0.,1.,0.));
#791 = PCURVE('',#126,#792);
#792 = DEFINITIONAL_REPRESENTATION('',(#793),#797);
#793 = LINE('',#794,#795);
#794 = CARTESIAN_POINT('',(50.8,7.2));
#795 = VECTOR('',#796,1.);
#796 = DIRECTION('',(0.,1.));
#797 = ( GEOMETRIC_REPRESENTATION_CONTEXT(2) 
PARAMETRIC_REPRESENTATION_CONTEXT() REPRESENTATION_CONTEXT('2D SPACE',''
  ) );
#798 = PCURVE('',#799,#804);
#799 = PLANE('',#800);
#800 = AXIS2_PLACEMENT_3D('',#801,#802,#803);
#801 = CARTESIAN_POINT('',(13.,-16.25,3.5));
#802 = DIRECTION('',(1.,0.,-0.));
#803 = DIRECTION('',(0.,0.,1.));
#804 = DEFINITIONAL_REPRESENTATION('',(#805),#809);
#805 = LINE('',#806,#807);
#806 = CARTESIAN_POINT('',(0.,0.));
#807 = VECTOR('',#808,1.);
#808 = DIRECTION('',(0.,-1.));
#809 = ( GEOMETRIC_REPRESENTATION_CONTEXT(2) 
PARAMETRIC_REPRESENTATION_CONTEXT() REPRESENTATION_CONTEXT('2D SPACE',''
  ) );
#810 = ORIENTED_EDGE('',*,*,#811,.T.);
#811 = EDGE_CURVE('',#784,#812,#814,.T.);
#812 = VERTEX_POINT('',#813);
#813 = CARTESIAN_POINT('',(17.,-13.25,3.5));
#814 = SURFACE_CURVE('',#815,(#819,#826),.PCURVE_S1.);
#815 = LINE('',#816,#817);
#816 = CARTESIAN_POINT('',(13.,-13.25,3.5));
#817 = VECTOR('',#818,1.);
#818 = DIRECTION('',(1.,0.,-0.));
#819 = PCURVE('',#126,#820);
#820 = DEFINITIONAL_REPRESENTATION('',(#821),#825);
#821 = LINE('',#822,#823);
#822 = CARTESIAN_POINT('',(50.8,10.2));
#823 = VECTOR('',#824,1.);
#824 = DIRECTION('',(1.,0.));
#825 = ( GEOMETRIC_REPRESENTATION_CONTEXT(2) 
PARAMETRIC_REPRESENTATION_CONTEXT() REPRESENTATION_CONTEXT('2D SPACE',''
  ) );
#826 = PCURVE('',#827,#832);
#827 = PLANE('',#828);
#828 = AXIS2_PLACEMENT_3D('',#829,#830,#831);
#829 = CARTESIAN_POINT('',(13.,-13.25,3.5));
#830 = DIRECTION('',(-0.,1.,0.));
#831 = DIRECTION('',(0.,0.,1.));
#832 = DEFINITIONAL_REPRESENTATION('',(#833),#837);
#833 = LINE('',#834,#835);
#834 = CARTESIAN_POINT('',(0.,0.));
#835 = VECTOR('',#836,1.);
#836 = DIRECTION('',(0.,1.));
#837 = ( GEOMETRIC_REPRESENTATION_CONTEXT(2) 
PARAMETRIC_REPRESENTATION_CONTEXT() REPRESENTATION_CONTEXT('2D SPACE',''
  ) );
#838 = ORIENTED_EDGE('',*,*,#839,.F.);
#839 = EDGE_CURVE('',#840,#812,#842,.T.);
#840 = VERTEX_POINT('',#841);
#841 = CARTESIAN_POINT('',(17.,-16.25,3.5));
#842 = SURFACE_CURVE('',#843,(#847,#854),.PCURVE_S1.);
#843 = LINE('',#844,#845);
#844 = CARTESIAN_POINT('',(17.,-16.25,3.5));
#845 = VECTOR('',#846,1.);
#846 = DIRECTION('',(-0.,1.,0.));
#847 = PCURVE('',#126,#848);
#848 = DEFINITIONAL_REPRESENTATION('',(#849),#853);
#849 = LINE('',#850,#851);
#850 = CARTESIAN_POINT('',(54.8,7.2));
#851 = VECTOR('',#852,1.);
#852 = DIRECTION('',(0.,1.));
#853 = ( GEOMETRIC_REPRESENTATION_CONTEXT(2) 
PARAMETRIC_REPRESENTATION_CONTEXT() REPRESENTATION_CONTEXT('2D SPACE',''
  ) );
#854 = PCURVE('',#855,#860);
#855 = PLANE('',#856);
#856 = AXIS2_PLACEMENT_3D('',#857,#858,#859);
#857 = CARTESIAN_POINT('',(17.,-16.25,3.5));
#858 = DIRECTION('',(1.,0.,-0.));
#859 = DIRECTION('',(0.,0.,1.));
#860 = DEFINITIONAL_REPRESENTATION('',(#861),#865);
#861 = LINE('',#862,#863);
#862 = CARTESIAN_POINT('',(0.,0.));
#863 = VECTOR('',#864,1.);
#864 = DIRECTION('',(0.,-1.));
#865 = ( GEOMETRIC_REPRESENTATION_CONTEXT(2) 
PARAMETRIC_REPRESENTATION_CONTEXT() REPRESENTATION_CONTEXT('2D SPACE',''
  ) );
#866 = ORIENTED_EDGE('',*,*,#867,.F.);
#867 = EDGE_CURVE('',#782,#840,#868,.T.);
#868 = SURFACE_CURVE('',#869,(#873,#880),.PCURVE_S1.);
#869 = LINE('',#870,#871);
#870 = CARTESIAN_POINT('',(13.,-16.25,3.5));
#871 = VECTOR('',#872,1.);
#872 = DIRECTION('',(1.,0.,-0.));
#873 = PCURVE('',#126,#874);
#874 = DEFINITIONAL_REPRESENTATION('',(#875),#879);
#875 = LINE('',#876,#877);
#876 = CARTESIAN_POINT('',(50.8,7.2));
#877 = VECTOR('',#878,1.);
#878 = DIRECTION('',(1.,0.));
#879 = ( GEOMETRIC_REPRESENTATION_CONTEXT(2) 
PARAMETRIC_REPRESENTATION_CONTEXT() REPRESENTATION_CONTEXT('2D SPACE',''
  ) );
#880 = PCURVE('',#881,#886);
#881 = PLANE('',#882);
#882 = AXIS2_PLACEMENT_3D('',#883,#884,#885);
#883 = CARTESIAN_POINT('',(13.,-16.25,3.5));
#884 = DIRECTION('',(-0.,1.,0.));
#885 = DIRECTION('',(0.,0.,1.));
#886 = DEFINITIONAL_REPRESENTATION('',(#887),#891);
#887 = LINE('',#888,#889);
#888 = CARTESIAN_POINT('',(0.,0.));
#889 = VECTOR('',#890,1.);
#890 = DIRECTION('',(0.,1.));
#891 = ( GEOMETRIC_REPRESENTATION_CONTEXT(2) 
PARAMETRIC_REPRESENTATION_CONTEXT() REPRESENTATION_CONTEXT('2D SPACE',''
  ) );
#892 = FACE_BOUND('',#893,.T.);
#893 = EDGE_LOOP('',(#894));
#894 = ORIENTED_EDGE('',*,*,#895,.F.);
#895 = EDGE_CURVE('',#896,#896,#898,.T.);
#896 = VERTEX_POINT('',#897);
#897 = CARTESIAN_POINT('',(32.4,-13.6,3.5));
#898 = SURFACE_CURVE('',#899,(#904,#911),.PCURVE_S1.);
#899 = CIRCLE('',#900,4.45);
#900 = AXIS2_PLACEMENT_3D('',#901,#902,#903);
#901 = CARTESIAN_POINT('',(27.95,-13.6,3.5));
#902 = DIRECTION('',(0.,0.,1.));
#903 = DIRECTION('',(1.,0.,-0.));
#904 = PCURVE('',#126,#905);
#905 = DEFINITIONAL_REPRESENTATION('',(#906),#910);
#906 = CIRCLE('',#907,4.45);
#907 = AXIS2_PLACEMENT_2D('',#908,#909);
#908 = CARTESIAN_POINT('',(65.75,9.85));
#909 = DIRECTION('',(1.,0.));
#910 = ( GEOMETRIC_REPRESENTATION_CONTEXT(2) 
PARAMETRIC_REPRESENTATION_CONTEXT() REPRESENTATION_CONTEXT('2D SPACE',''
  ) );
#911 = PCURVE('',#912,#917);
#912 = TOROIDAL_SURFACE('',#913,4.45,0.6);
#913 = AXIS2_PLACEMENT_3D('',#914,#915,#916);
#914 = CARTESIAN_POINT('',(27.95,-13.6,4.1));
#915 = DIRECTION('',(0.,0.,1.));
#916 = DIRECTION('',(1.,0.,-0.));
#917 = DEFINITIONAL_REPRESENTATION('',(#918),#922);
#918 = LINE('',#919,#920);
#919 = CARTESIAN_POINT('',(0.,4.712388980385));
#920 = VECTOR('',#921,1.);
#921 = DIRECTION('',(1.,0.));
#922 = ( GEOMETRIC_REPRESENTATION_CONTEXT(2) 
PARAMETRIC_REPRESENTATION_CONTEXT() REPRESENTATION_CONTEXT('2D SPACE',''
  ) );
#923 = FACE_BOUND('',#924,.T.);
#924 = EDGE_LOOP('',(#925,#955,#983,#1011));
#925 = ORIENTED_EDGE('',*,*,#926,.T.);
#926 = EDGE_CURVE('',#927,#929,#931,.T.);
#927 = VERTEX_POINT('',#928);
#928 = CARTESIAN_POINT('',(13.,-8.75,3.5));
#929 = VERTEX_POINT('',#930);
#930 = CARTESIAN_POINT('',(13.,-5.75,3.5));
#931 = SURFACE_CURVE('',#932,(#936,#943),.PCURVE_S1.);
#932 = LINE('',#933,#934);
#933 = CARTESIAN_POINT('',(13.,-8.75,3.5));
#934 = VECTOR('',#935,1.);
#935 = DIRECTION('',(-0.,1.,0.));
#936 = PCURVE('',#126,#937);
#937 = DEFINITIONAL_REPRESENTATION('',(#938),#942);
#938 = LINE('',#939,#940);
#939 = CARTESIAN_POINT('',(50.8,14.7));
#940 = VECTOR('',#941,1.);
#941 = DIRECTION('',(0.,1.));
#942 = ( GEOMETRIC_REPRESENTATION_CONTEXT(2) 
PARAMETRIC_REPRESENTATION_CONTEXT() REPRESENTATION_CONTEXT('2D SPACE',''
  ) );
#943 = PCURVE('',#944,#949);
#944 = PLANE('',#945);
#945 = AXIS2_PLACEMENT_3D('',#946,#947,#948);
#946 = CARTESIAN_POINT('',(13.,-8.75,3.5));
#947 = DIRECTION('',(1.,0.,-0.));
#948 = DIRECTION('',(0.,0.,1.));
#949 = DEFINITIONAL_REPRESENTATION('',(#950),#954);
#950 = LINE('',#951,#952);
#951 = CARTESIAN_POINT('',(0.,0.));
#952 = VECTOR('',#953,1.);
#953 = DIRECTION('',(0.,-1.));
#954 = ( GEOMETRIC_REPRESENTATION_CONTEXT(2) 
PARAMETRIC_REPRESENTATION_CONTEXT() REPRESENTATION_CONTEXT('2D SPACE',''
  ) );
#955 = ORIENTED_EDGE('',*,*,#956,.T.);
#956 = EDGE_CURVE('',#929,#957,#959,.T.);
#957 = VERTEX_POINT('',#958);
#958 = CARTESIAN_POINT('',(17.,-5.75,3.5));
#959 = SURFACE_CURVE('',#960,(#964,#971),.PCURVE_S1.);
#960 = LINE('',#961,#962);
#961 = CARTESIAN_POINT('',(13.,-5.75,3.5));
#962 = VECTOR('',#963,1.);
#963 = DIRECTION('',(1.,0.,-0.));
#964 = PCURVE('',#126,#965);
#965 = DEFINITIONAL_REPRESENTATION('',(#966),#970);
#966 = LINE('',#967,#968);
#967 = CARTESIAN_POINT('',(50.8,17.7));
#968 = VECTOR('',#969,1.);
#969 = DIRECTION('',(1.,0.));
#970 = ( GEOMETRIC_REPRESENTATION_CONTEXT(2) 
PARAMETRIC_REPRESENTATION_CONTEXT() REPRESENTATION_CONTEXT('2D SPACE',''
  ) );
#971 = PCURVE('',#972,#977);
#972 = PLANE('',#973);
#973 = AXIS2_PLACEMENT_3D('',#974,#975,#976);
#974 = CARTESIAN_POINT('',(13.,-5.75,3.5));
#975 = DIRECTION('',(-0.,1.,0.));
#976 = DIRECTION('',(0.,0.,1.));
#977 = DEFINITIONAL_REPRESENTATION('',(#978),#982);
#978 = LINE('',#979,#980);
#979 = CARTESIAN_POINT('',(0.,0.));
#980 = VECTOR('',#981,1.);
#981 = DIRECTION('',(0.,1.));
#982 = ( GEOMETRIC_REPRESENTATION_CONTEXT(2) 
PARAMETRIC_REPRESENTATION_CONTEXT() REPRESENTATION_CONTEXT('2D SPACE',''
  ) );
#983 = ORIENTED_EDGE('',*,*,#984,.F.);
#984 = EDGE_CURVE('',#985,#957,#987,.T.);
#985 = VERTEX_POINT('',#986);
#986 = CARTESIAN_POINT('',(17.,-8.75,3.5));
#987 = SURFACE_CURVE('',#988,(#992,#999),.PCURVE_S1.);
#988 = LINE('',#989,#990);
#989 = CARTESIAN_POINT('',(17.,-8.75,3.5));
#990 = VECTOR('',#991,1.);
#991 = DIRECTION('',(-0.,1.,0.));
#992 = PCURVE('',#126,#993);
#993 = DEFINITIONAL_REPRESENTATION('',(#994),#998);
#994 = LINE('',#995,#996);
#995 = CARTESIAN_POINT('',(54.8,14.7));
#996 = VECTOR('',#997,1.);
#997 = DIRECTION('',(0.,1.));
#998 = ( GEOMETRIC_REPRESENTATION_CONTEXT(2) 
PARAMETRIC_REPRESENTATION_CONTEXT() REPRESENTATION_CONTEXT('2D SPACE',''
  ) );
#999 = PCURVE('',#1000,#1005);
#1000 = PLANE('',#1001);
#1001 = AXIS2_PLACEMENT_3D('',#1002,#1003,#1004);
#1002 = CARTESIAN_POINT('',(17.,-8.75,3.5));
#1003 = DIRECTION('',(1.,0.,-0.));
#1004 = DIRECTION('',(0.,0.,1.));
#1005 = DEFINITIONAL_REPRESENTATION('',(#1006),#1010);
#1006 = LINE('',#1007,#1008);
#1007 = CARTESIAN_POINT('',(0.,0.));
#1008 = VECTOR('',#1009,1.);
#1009 = DIRECTION('',(0.,-1.));
#1010 = ( GEOMETRIC_REPRESENTATION_CONTEXT(2) 
PARAMETRIC_REPRESENTATION_CONTEXT() REPRESENTATION_CONTEXT('2D SPACE',''
  ) );
#1011 = ORIENTED_EDGE('',*,*,#1012,.F.);
#1012 = EDGE_CURVE('',#927,#985,#1013,.T.);
#1013 = SURFACE_CURVE('',#1014,(#1018,#1025),.PCURVE_S1.);
#1014 = LINE('',#1015,#1016);
#1015 = CARTESIAN_POINT('',(13.,-8.75,3.5));
#1016 = VECTOR('',#1017,1.);
#1017 = DIRECTION('',(1.,0.,-0.));
#1018 = PCURVE('',#126,#1019);
#1019 = DEFINITIONAL_REPRESENTATION('',(#1020),#1024);
#1020 = LINE('',#1021,#1022);
#1021 = CARTESIAN_POINT('',(50.8,14.7));
#1022 = VECTOR('',#1023,1.);
#1023 = DIRECTION('',(1.,0.));
#1024 = ( GEOMETRIC_REPRESENTATION_CONTEXT(2) 
PARAMETRIC_REPRESENTATION_CONTEXT() REPRESENTATION_CONTEXT('2D SPACE',''
  ) );
#1025 = PCURVE('',#1026,#1031);
#1026 = PLANE('',#1027);
#1027 = AXIS2_PLACEMENT_3D('',#1028,#1029,#1030);
#1028 = CARTESIAN_POINT('',(13.,-8.75,3.5));
#1029 = DIRECTION('',(-0.,1.,0.));
#1030 = DIRECTION('',(0.,0.,1.));
#1031 = DEFINITIONAL_REPRESENTATION('',(#1032),#1036);
#1032 = LINE('',#1033,#1034);
#1033 = CARTESIAN_POINT('',(0.,0.));
#1034 = VECTOR('',#1035,1.);
#1035 = DIRECTION('',(0.,1.));
#1036 = ( GEOMETRIC_REPRESENTATION_CONTEXT(2) 
PARAMETRIC_REPRESENTATION_CONTEXT() REPRESENTATION_CONTEXT('2D SPACE',''
  ) );
#1037 = FACE_BOUND('',#1038,.T.);
#1038 = EDGE_LOOP('',(#1039,#1069,#1097,#1125));
#1039 = ORIENTED_EDGE('',*,*,#1040,.T.);
#1040 = EDGE_CURVE('',#1041,#1043,#1045,.T.);
#1041 = VERTEX_POINT('',#1042);
#1042 = CARTESIAN_POINT('',(13.,-2.5,3.5));
#1043 = VERTEX_POINT('',#1044);
#1044 = CARTESIAN_POINT('',(13.,-4.5,3.5));
#1045 = SURFACE_CURVE('',#1046,(#1050,#1057),.PCURVE_S1.);
#1046 = LINE('',#1047,#1048);
#1047 = CARTESIAN_POINT('',(13.,-2.5,3.5));
#1048 = VECTOR('',#1049,1.);
#1049 = DIRECTION('',(0.,-1.,-0.));
#1050 = PCURVE('',#126,#1051);
#1051 = DEFINITIONAL_REPRESENTATION('',(#1052),#1056);
#1052 = LINE('',#1053,#1054);
#1053 = CARTESIAN_POINT('',(50.8,20.95));
#1054 = VECTOR('',#1055,1.);
#1055 = DIRECTION('',(0.,-1.));
#1056 = ( GEOMETRIC_REPRESENTATION_CONTEXT(2) 
PARAMETRIC_REPRESENTATION_CONTEXT() REPRESENTATION_CONTEXT('2D SPACE',''
  ) );
#1057 = PCURVE('',#1058,#1063);
#1058 = PLANE('',#1059);
#1059 = AXIS2_PLACEMENT_3D('',#1060,#1061,#1062);
#1060 = CARTESIAN_POINT('',(13.,-2.169376655819,8.81249133298));
#1061 = DIRECTION('',(1.,0.,0.));
#1062 = DIRECTION('',(0.,1.,0.));
#1063 = DEFINITIONAL_REPRESENTATION('',(#1064),#1068);
#1064 = LINE('',#1065,#1066);
#1065 = CARTESIAN_POINT('',(-0.330623344181,-5.31249133298));
#1066 = VECTOR('',#1067,1.);
#1067 = DIRECTION('',(-1.,0.));
#1068 = ( GEOMETRIC_REPRESENTATION_CONTEXT(2) 
PARAMETRIC_REPRESENTATION_CONTEXT() REPRESENTATION_CONTEXT('2D SPACE',''
  ) );
#1069 = ORIENTED_EDGE('',*,*,#1070,.T.);
#1070 = EDGE_CURVE('',#1043,#1071,#1073,.T.);
#1071 = VERTEX_POINT('',#1072);
#1072 = CARTESIAN_POINT('',(9.,-4.5,3.5));
#1073 = SURFACE_CURVE('',#1074,(#1078,#1085),.PCURVE_S1.);
#1074 = LINE('',#1075,#1076);
#1075 = CARTESIAN_POINT('',(13.,-4.5,3.5));
#1076 = VECTOR('',#1077,1.);
#1077 = DIRECTION('',(-1.,-0.,0.));
#1078 = PCURVE('',#126,#1079);
#1079 = DEFINITIONAL_REPRESENTATION('',(#1080),#1084);
#1080 = LINE('',#1081,#1082);
#1081 = CARTESIAN_POINT('',(50.8,18.95));
#1082 = VECTOR('',#1083,1.);
#1083 = DIRECTION('',(-1.,0.));
#1084 = ( GEOMETRIC_REPRESENTATION_CONTEXT(2) 
PARAMETRIC_REPRESENTATION_CONTEXT() REPRESENTATION_CONTEXT('2D SPACE',''
  ) );
#1085 = PCURVE('',#1086,#1091);
#1086 = PLANE('',#1087);
#1087 = AXIS2_PLACEMENT_3D('',#1088,#1089,#1090);
#1088 = CARTESIAN_POINT('',(11.,-4.5,3.5));
#1089 = DIRECTION('',(-0.,-1.,-0.));
#1090 = DIRECTION('',(0.,-0.,-1.));
#1091 = DEFINITIONAL_REPRESENTATION('',(#1092),#1096);
#1092 = LINE('',#1093,#1094);
#1093 = CARTESIAN_POINT('',(-0.,2.));
#1094 = VECTOR('',#1095,1.);
#1095 = DIRECTION('',(-0.,-1.));
#1096 = ( GEOMETRIC_REPRESENTATION_CONTEXT(2) 
PARAMETRIC_REPRESENTATION_CONTEXT() REPRESENTATION_CONTEXT('2D SPACE',''
  ) );
#1097 = ORIENTED_EDGE('',*,*,#1098,.F.);
#1098 = EDGE_CURVE('',#1099,#1071,#1101,.T.);
#1099 = VERTEX_POINT('',#1100);
#1100 = CARTESIAN_POINT('',(9.,-2.5,3.5));
#1101 = SURFACE_CURVE('',#1102,(#1106,#1113),.PCURVE_S1.);
#1102 = LINE('',#1103,#1104);
#1103 = CARTESIAN_POINT('',(9.,-2.5,3.5));
#1104 = VECTOR('',#1105,1.);
#1105 = DIRECTION('',(0.,-1.,-0.));
#1106 = PCURVE('',#126,#1107);
#1107 = DEFINITIONAL_REPRESENTATION('',(#1108),#1112);
#1108 = LINE('',#1109,#1110);
#1109 = CARTESIAN_POINT('',(46.8,20.95));
#1110 = VECTOR('',#1111,1.);
#1111 = DIRECTION('',(0.,-1.));
#1112 = ( GEOMETRIC_REPRESENTATION_CONTEXT(2) 
PARAMETRIC_REPRESENTATION_CONTEXT() REPRESENTATION_CONTEXT('2D SPACE',''
  ) );
#1113 = PCURVE('',#1114,#1119);
#1114 = PLANE('',#1115);
#1115 = AXIS2_PLACEMENT_3D('',#1116,#1117,#1118);
#1116 = CARTESIAN_POINT('',(9.,-2.169376655819,8.81249133298));
#1117 = DIRECTION('',(1.,0.,0.));
#1118 = DIRECTION('',(0.,1.,0.));
#1119 = DEFINITIONAL_REPRESENTATION('',(#1120),#1124);
#1120 = LINE('',#1121,#1122);
#1121 = CARTESIAN_POINT('',(-0.330623344181,-5.31249133298));
#1122 = VECTOR('',#1123,1.);
#1123 = DIRECTION('',(-1.,0.));
#1124 = ( GEOMETRIC_REPRESENTATION_CONTEXT(2) 
PARAMETRIC_REPRESENTATION_CONTEXT() REPRESENTATION_CONTEXT('2D SPACE',''
  ) );
#1125 = ORIENTED_EDGE('',*,*,#1126,.F.);
#1126 = EDGE_CURVE('',#1041,#1099,#1127,.T.);
#1127 = SURFACE_CURVE('',#1128,(#1132,#1139),.PCURVE_S1.);
#1128 = LINE('',#1129,#1130);
#1129 = CARTESIAN_POINT('',(13.,-2.5,3.5));
#1130 = VECTOR('',#1131,1.);
#1131 = DIRECTION('',(-1.,-0.,0.));
#1132 = PCURVE('',#126,#1133);
#1133 = DEFINITIONAL_REPRESENTATION('',(#1134),#1138);
#1134 = LINE('',#1135,#1136);
#1135 = CARTESIAN_POINT('',(50.8,20.95));
#1136 = VECTOR('',#1137,1.);
#1137 = DIRECTION('',(-1.,0.));
#1138 = ( GEOMETRIC_REPRESENTATION_CONTEXT(2) 
PARAMETRIC_REPRESENTATION_CONTEXT() REPRESENTATION_CONTEXT('2D SPACE',''
  ) );
#1139 = PCURVE('',#1140,#1145);
#1140 = PLANE('',#1141);
#1141 = AXIS2_PLACEMENT_3D('',#1142,#1143,#1144);
#1142 = CARTESIAN_POINT('',(11.,-2.5,6.5));
#1143 = DIRECTION('',(-0.,1.,-0.));
#1144 = DIRECTION('',(-0.,0.,1.));
#1145 = DEFINITIONAL_REPRESENTATION('',(#1146),#1150);
#1146 = LINE('',#1147,#1148);
#1147 = CARTESIAN_POINT('',(-3.,2.));
#1148 = VECTOR('',#1149,1.);
#1149 = DIRECTION('',(-0.,-1.));
#1150 = ( GEOMETRIC_REPRESENTATION_CONTEXT(2) 
PARAMETRIC_REPRESENTATION_CONTEXT() REPRESENTATION_CONTEXT('2D SPACE',''
  ) );
#1151 = FACE_BOUND('',#1152,.T.);
#1152 = EDGE_LOOP('',(#1153,#1183,#1211,#1239));
#1153 = ORIENTED_EDGE('',*,*,#1154,.T.);
#1154 = EDGE_CURVE('',#1155,#1157,#1159,.T.);
#1155 = VERTEX_POINT('',#1156);
#1156 = CARTESIAN_POINT('',(27.,-2.5,3.5));
#1157 = VERTEX_POINT('',#1158);
#1158 = CARTESIAN_POINT('',(27.,-4.5,3.5));
#1159 = SURFACE_CURVE('',#1160,(#1164,#1171),.PCURVE_S1.);
#1160 = LINE('',#1161,#1162);
#1161 = CARTESIAN_POINT('',(27.,-2.5,3.5));
#1162 = VECTOR('',#1163,1.);
#1163 = DIRECTION('',(0.,-1.,-0.));
#1164 = PCURVE('',#126,#1165);
#1165 = DEFINITIONAL_REPRESENTATION('',(#1166),#1170);
#1166 = LINE('',#1167,#1168);
#1167 = CARTESIAN_POINT('',(64.8,20.95));
#1168 = VECTOR('',#1169,1.);
#1169 = DIRECTION('',(0.,-1.));
#1170 = ( GEOMETRIC_REPRESENTATION_CONTEXT(2) 
PARAMETRIC_REPRESENTATION_CONTEXT() REPRESENTATION_CONTEXT('2D SPACE',''
  ) );
#1171 = PCURVE('',#1172,#1177);
#1172 = PLANE('',#1173);
#1173 = AXIS2_PLACEMENT_3D('',#1174,#1175,#1176);
#1174 = CARTESIAN_POINT('',(27.,-2.169376655819,8.81249133298));
#1175 = DIRECTION('',(1.,0.,0.));
#1176 = DIRECTION('',(0.,1.,0.));
#1177 = DEFINITIONAL_REPRESENTATION('',(#1178),#1182);
#1178 = LINE('',#1179,#1180);
#1179 = CARTESIAN_POINT('',(-0.330623344181,-5.31249133298));
#1180 = VECTOR('',#1181,1.);
#1181 = DIRECTION('',(-1.,0.));
#1182 = ( GEOMETRIC_REPRESENTATION_CONTEXT(2) 
PARAMETRIC_REPRESENTATION_CONTEXT() REPRESENTATION_CONTEXT('2D SPACE',''
  ) );
#1183 = ORIENTED_EDGE('',*,*,#1184,.T.);
#1184 = EDGE_CURVE('',#1157,#1185,#1187,.T.);
#1185 = VERTEX_POINT('',#1186);
#1186 = CARTESIAN_POINT('',(23.,-4.5,3.5));
#1187 = SURFACE_CURVE('',#1188,(#1192,#1199),.PCURVE_S1.);
#1188 = LINE('',#1189,#1190);
#1189 = CARTESIAN_POINT('',(27.,-4.5,3.5));
#1190 = VECTOR('',#1191,1.);
#1191 = DIRECTION('',(-1.,-0.,0.));
#1192 = PCURVE('',#126,#1193);
#1193 = DEFINITIONAL_REPRESENTATION('',(#1194),#1198);
#1194 = LINE('',#1195,#1196);
#1195 = CARTESIAN_POINT('',(64.8,18.95));
#1196 = VECTOR('',#1197,1.);
#1197 = DIRECTION('',(-1.,0.));
#1198 = ( GEOMETRIC_REPRESENTATION_CONTEXT(2) 
PARAMETRIC_REPRESENTATION_CONTEXT() REPRESENTATION_CONTEXT('2D SPACE',''
  ) );
#1199 = PCURVE('',#1200,#1205);
#1200 = PLANE('',#1201);
#1201 = AXIS2_PLACEMENT_3D('',#1202,#1203,#1204);
#1202 = CARTESIAN_POINT('',(25.,-4.5,3.5));
#1203 = DIRECTION('',(-0.,-1.,-0.));
#1204 = DIRECTION('',(0.,-0.,-1.));
#1205 = DEFINITIONAL_REPRESENTATION('',(#1206),#1210);
#1206 = LINE('',#1207,#1208);
#1207 = CARTESIAN_POINT('',(-0.,2.));
#1208 = VECTOR('',#1209,1.);
#1209 = DIRECTION('',(-0.,-1.));
#1210 = ( GEOMETRIC_REPRESENTATION_CONTEXT(2) 
PARAMETRIC_REPRESENTATION_CONTEXT() REPRESENTATION_CONTEXT('2D SPACE',''
  ) );
#1211 = ORIENTED_EDGE('',*,*,#1212,.F.);
#1212 = EDGE_CURVE('',#1213,#1185,#1215,.T.);
#1213 = VERTEX_POINT('',#1214);
#1214 = CARTESIAN_POINT('',(23.,-2.5,3.5));
#1215 = SURFACE_CURVE('',#1216,(#1220,#1227),.PCURVE_S1.);
#1216 = LINE('',#1217,#1218);
#1217 = CARTESIAN_POINT('',(23.,-2.5,3.5));
#1218 = VECTOR('',#1219,1.);
#1219 = DIRECTION('',(0.,-1.,-0.));
#1220 = PCURVE('',#126,#1221);
#1221 = DEFINITIONAL_REPRESENTATION('',(#1222),#1226);
#1222 = LINE('',#1223,#1224);
#1223 = CARTESIAN_POINT('',(60.8,20.95));
#1224 = VECTOR('',#1225,1.);
#1225 = DIRECTION('',(0.,-1.));
#1226 = ( GEOMETRIC_REPRESENTATION_CONTEXT(2) 
PARAMETRIC_REPRESENTATION_CONTEXT() REPRESENTATION_CONTEXT('2D SPACE',''
  ) );
#1227 = PCURVE('',#1228,#1233);
#1228 = PLANE('',#1229);
#1229 = AXIS2_PLACEMENT_3D('',#1230,#1231,#1232);
#1230 = CARTESIAN_POINT('',(23.,-2.169376655819,8.81249133298));
#1231 = DIRECTION('',(1.,0.,0.));
#1232 = DIRECTION('',(0.,1.,0.));
#1233 = DEFINITIONAL_REPRESENTATION('',(#1234),#1238);
#1234 = LINE('',#1235,#1236);
#1235 = CARTESIAN_POINT('',(-0.330623344181,-5.31249133298));
#1236 = VECTOR('',#1237,1.);
#1237 = DIRECTION('',(-1.,0.));
#1238 = ( GEOMETRIC_REPRESENTATION_CONTEXT(2) 
PARAMETRIC_REPRESENTATION_CONTEXT() REPRESENTATION_CONTEXT('2D SPACE',''
  ) );
#1239 = ORIENTED_EDGE('',*,*,#1240,.F.);
#1240 = EDGE_CURVE('',#1155,#1213,#1241,.T.);
#1241 = SURFACE_CURVE('',#1242,(#1246,#1253),.PCURVE_S1.);
#1242 = LINE('',#1243,#1244);
#1243 = CARTESIAN_POINT('',(27.,-2.5,3.5));
#1244 = VECTOR('',#1245,1.);
#1245 = DIRECTION('',(-1.,-0.,0.));
#1246 = PCURVE('',#126,#1247);
#1247 = DEFINITIONAL_REPRESENTATION('',(#1248),#1252);
#1248 = LINE('',#1249,#1250);
#1249 = CARTESIAN_POINT('',(64.8,20.95));
#1250 = VECTOR('',#1251,1.);
#1251 = DIRECTION('',(-1.,0.));
#1252 = ( GEOMETRIC_REPRESENTATION_CONTEXT(2) 
PARAMETRIC_REPRESENTATION_CONTEXT() REPRESENTATION_CONTEXT('2D SPACE',''
  ) );
#1253 = PCURVE('',#1254,#1259);
#1254 = PLANE('',#1255);
#1255 = AXIS2_PLACEMENT_3D('',#1256,#1257,#1258);
#1256 = CARTESIAN_POINT('',(25.,-2.5,6.5));
#1257 = DIRECTION('',(-0.,1.,-0.));
#1258 = DIRECTION('',(-0.,0.,1.));
#1259 = DEFINITIONAL_REPRESENTATION('',(#1260),#1264);
#1260 = LINE('',#1261,#1262);
#1261 = CARTESIAN_POINT('',(-3.,2.));
#1262 = VECTOR('',#1263,1.);
#1263 = DIRECTION('',(-0.,-1.));
#1264 = ( GEOMETRIC_REPRESENTATION_CONTEXT(2) 
PARAMETRIC_REPRESENTATION_CONTEXT() REPRESENTATION_CONTEXT('2D SPACE',''
  ) );
#1265 = FACE_BOUND('',#1266,.T.);
#1266 = EDGE_LOOP('',(#1267,#1297,#1325,#1353));
#1267 = ORIENTED_EDGE('',*,*,#1268,.T.);
#1268 = EDGE_CURVE('',#1269,#1271,#1273,.T.);
#1269 = VERTEX_POINT('',#1270);
#1270 = CARTESIAN_POINT('',(-10.7,-15.,3.5));
#1271 = VERTEX_POINT('',#1272);
#1272 = CARTESIAN_POINT('',(-10.7,15.,3.5));
#1273 = SURFACE_CURVE('',#1274,(#1278,#1285),.PCURVE_S1.);
#1274 = LINE('',#1275,#1276);
#1275 = CARTESIAN_POINT('',(-10.7,-15.,3.5));
#1276 = VECTOR('',#1277,1.);
#1277 = DIRECTION('',(-0.,1.,0.));
#1278 = PCURVE('',#126,#1279);
#1279 = DEFINITIONAL_REPRESENTATION('',(#1280),#1284);
#1280 = LINE('',#1281,#1282);
#1281 = CARTESIAN_POINT('',(27.1,8.45));
#1282 = VECTOR('',#1283,1.);
#1283 = DIRECTION('',(0.,1.));
#1284 = ( GEOMETRIC_REPRESENTATION_CONTEXT(2) 
PARAMETRIC_REPRESENTATION_CONTEXT() REPRESENTATION_CONTEXT('2D SPACE',''
  ) );
#1285 = PCURVE('',#1286,#1291);
#1286 = PLANE('',#1287);
#1287 = AXIS2_PLACEMENT_3D('',#1288,#1289,#1290);
#1288 = CARTESIAN_POINT('',(-10.7,-15.,3.5));
#1289 = DIRECTION('',(1.,0.,-0.));
#1290 = DIRECTION('',(0.,0.,1.));
#1291 = DEFINITIONAL_REPRESENTATION('',(#1292),#1296);
#1292 = LINE('',#1293,#1294);
#1293 = CARTESIAN_POINT('',(0.,0.));
#1294 = VECTOR('',#1295,1.);
#1295 = DIRECTION('',(0.,-1.));
#1296 = ( GEOMETRIC_REPRESENTATION_CONTEXT(2) 
PARAMETRIC_REPRESENTATION_CONTEXT() REPRESENTATION_CONTEXT('2D SPACE',''
  ) );
#1297 = ORIENTED_EDGE('',*,*,#1298,.T.);
#1298 = EDGE_CURVE('',#1271,#1299,#1301,.T.);
#1299 = VERTEX_POINT('',#1300);
#1300 = CARTESIAN_POINT('',(-8.7,15.,3.5));
#1301 = SURFACE_CURVE('',#1302,(#1306,#1313),.PCURVE_S1.);
#1302 = LINE('',#1303,#1304);
#1303 = CARTESIAN_POINT('',(-10.7,15.,3.5));
#1304 = VECTOR('',#1305,1.);
#1305 = DIRECTION('',(1.,0.,-0.));
#1306 = PCURVE('',#126,#1307);
#1307 = DEFINITIONAL_REPRESENTATION('',(#1308),#1312);
#1308 = LINE('',#1309,#1310);
#1309 = CARTESIAN_POINT('',(27.1,38.45));
#1310 = VECTOR('',#1311,1.);
#1311 = DIRECTION('',(1.,0.));
#1312 = ( GEOMETRIC_REPRESENTATION_CONTEXT(2) 
PARAMETRIC_REPRESENTATION_CONTEXT() REPRESENTATION_CONTEXT('2D SPACE',''
  ) );
#1313 = PCURVE('',#1314,#1319);
#1314 = PLANE('',#1315);
#1315 = AXIS2_PLACEMENT_3D('',#1316,#1317,#1318);
#1316 = CARTESIAN_POINT('',(-10.7,15.,3.5));
#1317 = DIRECTION('',(-0.,1.,0.));
#1318 = DIRECTION('',(0.,0.,1.));
#1319 = DEFINITIONAL_REPRESENTATION('',(#1320),#1324);
#1320 = LINE('',#1321,#1322);
#1321 = CARTESIAN_POINT('',(0.,0.));
#1322 = VECTOR('',#1323,1.);
#1323 = DIRECTION('',(0.,1.));
#1324 = ( GEOMETRIC_REPRESENTATION_CONTEXT(2) 
PARAMETRIC_REPRESENTATION_CONTEXT() REPRESENTATION_CONTEXT('2D SPACE',''
  ) );
#1325 = ORIENTED_EDGE('',*,*,#1326,.F.);
#1326 = EDGE_CURVE('',#1327,#1299,#1329,.T.);
#1327 = VERTEX_POINT('',#1328);
#1328 = CARTESIAN_POINT('',(-8.7,-15.,3.5));
#1329 = SURFACE_CURVE('',#1330,(#1334,#1341),.PCURVE_S1.);
#1330 = LINE('',#1331,#1332);
#1331 = CARTESIAN_POINT('',(-8.7,-15.,3.5));
#1332 = VECTOR('',#1333,1.);
#1333 = DIRECTION('',(-0.,1.,0.));
#1334 = PCURVE('',#126,#1335);
#1335 = DEFINITIONAL_REPRESENTATION('',(#1336),#1340);
#1336 = LINE('',#1337,#1338);
#1337 = CARTESIAN_POINT('',(29.1,8.45));
#1338 = VECTOR('',#1339,1.);
#1339 = DIRECTION('',(0.,1.));
#1340 = ( GEOMETRIC_REPRESENTATION_CONTEXT(2) 
PARAMETRIC_REPRESENTATION_CONTEXT() REPRESENTATION_CONTEXT('2D SPACE',''
  ) );
#1341 = PCURVE('',#1342,#1347);
#1342 = PLANE('',#1343);
#1343 = AXIS2_PLACEMENT_3D('',#1344,#1345,#1346);
#1344 = CARTESIAN_POINT('',(-8.7,-15.,3.5));
#1345 = DIRECTION('',(1.,0.,-0.));
#1346 = DIRECTION('',(0.,0.,1.));
#1347 = DEFINITIONAL_REPRESENTATION('',(#1348),#1352);
#1348 = LINE('',#1349,#1350);
#1349 = CARTESIAN_POINT('',(0.,0.));
#1350 = VECTOR('',#1351,1.);
#1351 = DIRECTION('',(0.,-1.));
#1352 = ( GEOMETRIC_REPRESENTATION_CONTEXT(2) 
PARAMETRIC_REPRESENTATION_CONTEXT() REPRESENTATION_CONTEXT('2D SPACE',''
  ) );
#1353 = ORIENTED_EDGE('',*,*,#1354,.F.);
#1354 = EDGE_CURVE('',#1269,#1327,#1355,.T.);
#1355 = SURFACE_CURVE('',#1356,(#1360,#1367),.PCURVE_S1.);
#1356 = LINE('',#1357,#1358);
#1357 = CARTESIAN_POINT('',(-10.7,-15.,3.5));
#1358 = VECTOR('',#1359,1.);
#1359 = DIRECTION('',(1.,0.,-0.));
#1360 = PCURVE('',#126,#1361);
#1361 = DEFINITIONAL_REPRESENTATION('',(#1362),#1366);
#1362 = LINE('',#1363,#1364);
#1363 = CARTESIAN_POINT('',(27.1,8.45));
#1364 = VECTOR('',#1365,1.);
#1365 = DIRECTION('',(1.,0.));
#1366 = ( GEOMETRIC_REPRESENTATION_CONTEXT(2) 
PARAMETRIC_REPRESENTATION_CONTEXT() REPRESENTATION_CONTEXT('2D SPACE',''
  ) );
#1367 = PCURVE('',#1368,#1373);
#1368 = PLANE('',#1369);
#1369 = AXIS2_PLACEMENT_3D('',#1370,#1371,#1372);
#1370 = CARTESIAN_POINT('',(-10.7,-15.,3.5));
#1371 = DIRECTION('',(-0.,1.,0.));
#1372 = DIRECTION('',(0.,0.,1.));
#1373 = DEFINITIONAL_REPRESENTATION('',(#1374),#1378);
#1374 = LINE('',#1375,#1376);
#1375 = CARTESIAN_POINT('',(0.,0.));
#1376 = VECTOR('',#1377,1.);
#1377 = DIRECTION('',(0.,1.));
#1378 = ( GEOMETRIC_REPRESENTATION_CONTEXT(2) 
PARAMETRIC_REPRESENTATION_CONTEXT() REPRESENTATION_CONTEXT('2D SPACE',''
  ) );
#1379 = FACE_BOUND('',#1380,.T.);
#1380 = EDGE_LOOP('',(#1381));
#1381 = ORIENTED_EDGE('',*,*,#1382,.F.);
#1382 = EDGE_CURVE('',#1383,#1383,#1385,.T.);
#1383 = VERTEX_POINT('',#1384);
#1384 = CARTESIAN_POINT('',(-23.5,13.6,3.5));
#1385 = SURFACE_CURVE('',#1386,(#1391,#1398),.PCURVE_S1.);
#1386 = CIRCLE('',#1387,4.45);
#1387 = AXIS2_PLACEMENT_3D('',#1388,#1389,#1390);
#1388 = CARTESIAN_POINT('',(-27.95,13.6,3.5));
#1389 = DIRECTION('',(0.,0.,1.));
#1390 = DIRECTION('',(1.,0.,-0.));
#1391 = PCURVE('',#126,#1392);
#1392 = DEFINITIONAL_REPRESENTATION('',(#1393),#1397);
#1393 = CIRCLE('',#1394,4.45);
#1394 = AXIS2_PLACEMENT_2D('',#1395,#1396);
#1395 = CARTESIAN_POINT('',(9.85,37.05));
#1396 = DIRECTION('',(1.,0.));
#1397 = ( GEOMETRIC_REPRESENTATION_CONTEXT(2) 
PARAMETRIC_REPRESENTATION_CONTEXT() REPRESENTATION_CONTEXT('2D SPACE',''
  ) );
#1398 = PCURVE('',#1399,#1404);
#1399 = TOROIDAL_SURFACE('',#1400,4.45,0.6);
#1400 = AXIS2_PLACEMENT_3D('',#1401,#1402,#1403);
#1401 = CARTESIAN_POINT('',(-27.95,13.6,4.1));
#1402 = DIRECTION('',(0.,0.,1.));
#1403 = DIRECTION('',(1.,0.,-0.));
#1404 = DEFINITIONAL_REPRESENTATION('',(#1405),#1409);
#1405 = LINE('',#1406,#1407);
#1406 = CARTESIAN_POINT('',(0.,4.712388980385));
#1407 = VECTOR('',#1408,1.);
#1408 = DIRECTION('',(1.,0.));
#1409 = ( GEOMETRIC_REPRESENTATION_CONTEXT(2) 
PARAMETRIC_REPRESENTATION_CONTEXT() REPRESENTATION_CONTEXT('2D SPACE',''
  ) );
#1410 = FACE_BOUND('',#1411,.T.);
#1411 = EDGE_LOOP('',(#1412,#1442,#1470,#1498));
#1412 = ORIENTED_EDGE('',*,*,#1413,.T.);
#1413 = EDGE_CURVE('',#1414,#1416,#1418,.T.);
#1414 = VERTEX_POINT('',#1415);
#1415 = CARTESIAN_POINT('',(-4.,19.15,3.5));
#1416 = VERTEX_POINT('',#1417);
#1417 = CARTESIAN_POINT('',(-4.,20.75,3.5));
#1418 = SURFACE_CURVE('',#1419,(#1423,#1430),.PCURVE_S1.);
#1419 = LINE('',#1420,#1421);
#1420 = CARTESIAN_POINT('',(-4.,19.15,3.5));
#1421 = VECTOR('',#1422,1.);
#1422 = DIRECTION('',(-0.,1.,0.));
#1423 = PCURVE('',#126,#1424);
#1424 = DEFINITIONAL_REPRESENTATION('',(#1425),#1429);
#1425 = LINE('',#1426,#1427);
#1426 = CARTESIAN_POINT('',(33.8,42.6));
#1427 = VECTOR('',#1428,1.);
#1428 = DIRECTION('',(0.,1.));
#1429 = ( GEOMETRIC_REPRESENTATION_CONTEXT(2) 
PARAMETRIC_REPRESENTATION_CONTEXT() REPRESENTATION_CONTEXT('2D SPACE',''
  ) );
#1430 = PCURVE('',#1431,#1436);
#1431 = PLANE('',#1432);
#1432 = AXIS2_PLACEMENT_3D('',#1433,#1434,#1435);
#1433 = CARTESIAN_POINT('',(-4.,19.15,3.5));
#1434 = DIRECTION('',(1.,0.,-0.));
#1435 = DIRECTION('',(0.,0.,1.));
#1436 = DEFINITIONAL_REPRESENTATION('',(#1437),#1441);
#1437 = LINE('',#1438,#1439);
#1438 = CARTESIAN_POINT('',(0.,0.));
#1439 = VECTOR('',#1440,1.);
#1440 = DIRECTION('',(0.,-1.));
#1441 = ( GEOMETRIC_REPRESENTATION_CONTEXT(2) 
PARAMETRIC_REPRESENTATION_CONTEXT() REPRESENTATION_CONTEXT('2D SPACE',''
  ) );
#1442 = ORIENTED_EDGE('',*,*,#1443,.T.);
#1443 = EDGE_CURVE('',#1416,#1444,#1446,.T.);
#1444 = VERTEX_POINT('',#1445);
#1445 = CARTESIAN_POINT('',(4.,20.75,3.5));
#1446 = SURFACE_CURVE('',#1447,(#1451,#1458),.PCURVE_S1.);
#1447 = LINE('',#1448,#1449);
#1448 = CARTESIAN_POINT('',(-4.,20.75,3.5));
#1449 = VECTOR('',#1450,1.);
#1450 = DIRECTION('',(1.,0.,-0.));
#1451 = PCURVE('',#126,#1452);
#1452 = DEFINITIONAL_REPRESENTATION('',(#1453),#1457);
#1453 = LINE('',#1454,#1455);
#1454 = CARTESIAN_POINT('',(33.8,44.2));
#1455 = VECTOR('',#1456,1.);
#1456 = DIRECTION('',(1.,0.));
#1457 = ( GEOMETRIC_REPRESENTATION_CONTEXT(2) 
PARAMETRIC_REPRESENTATION_CONTEXT() REPRESENTATION_CONTEXT('2D SPACE',''
  ) );
#1458 = PCURVE('',#1459,#1464);
#1459 = PLANE('',#1460);
#1460 = AXIS2_PLACEMENT_3D('',#1461,#1462,#1463);
#1461 = CARTESIAN_POINT('',(-4.,20.75,3.5));
#1462 = DIRECTION('',(-0.,1.,0.));
#1463 = DIRECTION('',(0.,0.,1.));
#1464 = DEFINITIONAL_REPRESENTATION('',(#1465),#1469);
#1465 = LINE('',#1466,#1467);
#1466 = CARTESIAN_POINT('',(0.,0.));
#1467 = VECTOR('',#1468,1.);
#1468 = DIRECTION('',(0.,1.));
#1469 = ( GEOMETRIC_REPRESENTATION_CONTEXT(2) 
PARAMETRIC_REPRESENTATION_CONTEXT() REPRESENTATION_CONTEXT('2D SPACE',''
  ) );
#1470 = ORIENTED_EDGE('',*,*,#1471,.F.);
#1471 = EDGE_CURVE('',#1472,#1444,#1474,.T.);
#1472 = VERTEX_POINT('',#1473);
#1473 = CARTESIAN_POINT('',(4.,19.15,3.5));
#1474 = SURFACE_CURVE('',#1475,(#1479,#1486),.PCURVE_S1.);
#1475 = LINE('',#1476,#1477);
#1476 = CARTESIAN_POINT('',(4.,19.15,3.5));
#1477 = VECTOR('',#1478,1.);
#1478 = DIRECTION('',(-0.,1.,0.));
#1479 = PCURVE('',#126,#1480);
#1480 = DEFINITIONAL_REPRESENTATION('',(#1481),#1485);
#1481 = LINE('',#1482,#1483);
#1482 = CARTESIAN_POINT('',(41.8,42.6));
#1483 = VECTOR('',#1484,1.);
#1484 = DIRECTION('',(0.,1.));
#1485 = ( GEOMETRIC_REPRESENTATION_CONTEXT(2) 
PARAMETRIC_REPRESENTATION_CONTEXT() REPRESENTATION_CONTEXT('2D SPACE',''
  ) );
#1486 = PCURVE('',#1487,#1492);
#1487 = PLANE('',#1488);
#1488 = AXIS2_PLACEMENT_3D('',#1489,#1490,#1491);
#1489 = CARTESIAN_POINT('',(4.,19.15,3.5));
#1490 = DIRECTION('',(1.,0.,-0.));
#1491 = DIRECTION('',(0.,0.,1.));
#1492 = DEFINITIONAL_REPRESENTATION('',(#1493),#1497);
#1493 = LINE('',#1494,#1495);
#1494 = CARTESIAN_POINT('',(0.,0.));
#1495 = VECTOR('',#1496,1.);
#1496 = DIRECTION('',(0.,-1.));
#1497 = ( GEOMETRIC_REPRESENTATION_CONTEXT(2) 
PARAMETRIC_REPRESENTATION_CONTEXT() REPRESENTATION_CONTEXT('2D SPACE',''
  ) );
#1498 = ORIENTED_EDGE('',*,*,#1499,.F.);
#1499 = EDGE_CURVE('',#1414,#1472,#1500,.T.);
#1500 = SURFACE_CURVE('',#1501,(#1505,#1512),.PCURVE_S1.);
#1501 = LINE('',#1502,#1503);
#1502 = CARTESIAN_POINT('',(-4.,19.15,3.5));
#1503 = VECTOR('',#1504,1.);
#1504 = DIRECTION('',(1.,0.,-0.));
#1505 = PCURVE('',#126,#1506);
#1506 = DEFINITIONAL_REPRESENTATION('',(#1507),#1511);
#1507 = LINE('',#1508,#1509);
#1508 = CARTESIAN_POINT('',(33.8,42.6));
#1509 = VECTOR('',#1510,1.);
#1510 = DIRECTION('',(1.,0.));
#1511 = ( GEOMETRIC_REPRESENTATION_CONTEXT(2) 
PARAMETRIC_REPRESENTATION_CONTEXT() REPRESENTATION_CONTEXT('2D SPACE',''
  ) );
#1512 = PCURVE('',#1513,#1518);
#1513 = PLANE('',#1514);
#1514 = AXIS2_PLACEMENT_3D('',#1515,#1516,#1517);
#1515 = CARTESIAN_POINT('',(-4.,19.15,3.5));
#1516 = DIRECTION('',(-0.,1.,0.));
#1517 = DIRECTION('',(0.,0.,1.));
#1518 = DEFINITIONAL_REPRESENTATION('',(#1519),#1523);
#1519 = LINE('',#1520,#1521);
#1520 = CARTESIAN_POINT('',(0.,0.));
#1521 = VECTOR('',#1522,1.);
#1522 = DIRECTION('',(0.,1.));
#1523 = ( GEOMETRIC_REPRESENTATION_CONTEXT(2) 
PARAMETRIC_REPRESENTATION_CONTEXT() REPRESENTATION_CONTEXT('2D SPACE',''
  ) );
#1524 = FACE_BOUND('',#1525,.T.);
#1525 = EDGE_LOOP('',(#1526,#1556,#1584,#1612));
#1526 = ORIENTED_EDGE('',*,*,#1527,.T.);
#1527 = EDGE_CURVE('',#1528,#1530,#1532,.T.);
#1528 = VERTEX_POINT('',#1529);
#1529 = CARTESIAN_POINT('',(-2.85,-11.5,3.5));
#1530 = VERTEX_POINT('',#1531);
#1531 = CARTESIAN_POINT('',(-2.85,11.5,3.5));
#1532 = SURFACE_CURVE('',#1533,(#1537,#1544),.PCURVE_S1.);
#1533 = LINE('',#1534,#1535);
#1534 = CARTESIAN_POINT('',(-2.85,-11.5,3.5));
#1535 = VECTOR('',#1536,1.);
#1536 = DIRECTION('',(-0.,1.,0.));
#1537 = PCURVE('',#126,#1538);
#1538 = DEFINITIONAL_REPRESENTATION('',(#1539),#1543);
#1539 = LINE('',#1540,#1541);
#1540 = CARTESIAN_POINT('',(34.95,11.95));
#1541 = VECTOR('',#1542,1.);
#1542 = DIRECTION('',(0.,1.));
#1543 = ( GEOMETRIC_REPRESENTATION_CONTEXT(2) 
PARAMETRIC_REPRESENTATION_CONTEXT() REPRESENTATION_CONTEXT('2D SPACE',''
  ) );
#1544 = PCURVE('',#1545,#1550);
#1545 = PLANE('',#1546);
#1546 = AXIS2_PLACEMENT_3D('',#1547,#1548,#1549);
#1547 = CARTESIAN_POINT('',(-2.85,-11.5,3.5));
#1548 = DIRECTION('',(1.,0.,-0.));
#1549 = DIRECTION('',(0.,0.,1.));
#1550 = DEFINITIONAL_REPRESENTATION('',(#1551),#1555);
#1551 = LINE('',#1552,#1553);
#1552 = CARTESIAN_POINT('',(0.,0.));
#1553 = VECTOR('',#1554,1.);
#1554 = DIRECTION('',(0.,-1.));
#1555 = ( GEOMETRIC_REPRESENTATION_CONTEXT(2) 
PARAMETRIC_REPRESENTATION_CONTEXT() REPRESENTATION_CONTEXT('2D SPACE',''
  ) );
#1556 = ORIENTED_EDGE('',*,*,#1557,.T.);
#1557 = EDGE_CURVE('',#1530,#1558,#1560,.T.);
#1558 = VERTEX_POINT('',#1559);
#1559 = CARTESIAN_POINT('',(6.15,11.5,3.5));
#1560 = SURFACE_CURVE('',#1561,(#1565,#1572),.PCURVE_S1.);
#1561 = LINE('',#1562,#1563);
#1562 = CARTESIAN_POINT('',(-2.85,11.5,3.5));
#1563 = VECTOR('',#1564,1.);
#1564 = DIRECTION('',(1.,0.,-0.));
#1565 = PCURVE('',#126,#1566);
#1566 = DEFINITIONAL_REPRESENTATION('',(#1567),#1571);
#1567 = LINE('',#1568,#1569);
#1568 = CARTESIAN_POINT('',(34.95,34.95));
#1569 = VECTOR('',#1570,1.);
#1570 = DIRECTION('',(1.,0.));
#1571 = ( GEOMETRIC_REPRESENTATION_CONTEXT(2) 
PARAMETRIC_REPRESENTATION_CONTEXT() REPRESENTATION_CONTEXT('2D SPACE',''
  ) );
#1572 = PCURVE('',#1573,#1578);
#1573 = PLANE('',#1574);
#1574 = AXIS2_PLACEMENT_3D('',#1575,#1576,#1577);
#1575 = CARTESIAN_POINT('',(-2.85,11.5,3.5));
#1576 = DIRECTION('',(-0.,1.,0.));
#1577 = DIRECTION('',(0.,0.,1.));
#1578 = DEFINITIONAL_REPRESENTATION('',(#1579),#1583);
#1579 = LINE('',#1580,#1581);
#1580 = CARTESIAN_POINT('',(0.,0.));
#1581 = VECTOR('',#1582,1.);
#1582 = DIRECTION('',(0.,1.));
#1583 = ( GEOMETRIC_REPRESENTATION_CONTEXT(2) 
PARAMETRIC_REPRESENTATION_CONTEXT() REPRESENTATION_CONTEXT('2D SPACE',''
  ) );
#1584 = ORIENTED_EDGE('',*,*,#1585,.F.);
#1585 = EDGE_CURVE('',#1586,#1558,#1588,.T.);
#1586 = VERTEX_POINT('',#1587);
#1587 = CARTESIAN_POINT('',(6.15,-11.5,3.5));
#1588 = SURFACE_CURVE('',#1589,(#1593,#1600),.PCURVE_S1.);
#1589 = LINE('',#1590,#1591);
#1590 = CARTESIAN_POINT('',(6.15,-11.5,3.5));
#1591 = VECTOR('',#1592,1.);
#1592 = DIRECTION('',(-0.,1.,0.));
#1593 = PCURVE('',#126,#1594);
#1594 = DEFINITIONAL_REPRESENTATION('',(#1595),#1599);
#1595 = LINE('',#1596,#1597);
#1596 = CARTESIAN_POINT('',(43.95,11.95));
#1597 = VECTOR('',#1598,1.);
#1598 = DIRECTION('',(0.,1.));
#1599 = ( GEOMETRIC_REPRESENTATION_CONTEXT(2) 
PARAMETRIC_REPRESENTATION_CONTEXT() REPRESENTATION_CONTEXT('2D SPACE',''
  ) );
#1600 = PCURVE('',#1601,#1606);
#1601 = PLANE('',#1602);
#1602 = AXIS2_PLACEMENT_3D('',#1603,#1604,#1605);
#1603 = CARTESIAN_POINT('',(6.15,-11.5,3.5));
#1604 = DIRECTION('',(1.,0.,-0.));
#1605 = DIRECTION('',(0.,0.,1.));
#1606 = DEFINITIONAL_REPRESENTATION('',(#1607),#1611);
#1607 = LINE('',#1608,#1609);
#1608 = CARTESIAN_POINT('',(0.,0.));
#1609 = VECTOR('',#1610,1.);
#1610 = DIRECTION('',(0.,-1.));
#1611 = ( GEOMETRIC_REPRESENTATION_CONTEXT(2) 
PARAMETRIC_REPRESENTATION_CONTEXT() REPRESENTATION_CONTEXT('2D SPACE',''
  ) );
#1612 = ORIENTED_EDGE('',*,*,#1613,.F.);
#1613 = EDGE_CURVE('',#1528,#1586,#1614,.T.);
#1614 = SURFACE_CURVE('',#1615,(#1619,#1626),.PCURVE_S1.);
#1615 = LINE('',#1616,#1617);
#1616 = CARTESIAN_POINT('',(-2.85,-11.5,3.5));
#1617 = VECTOR('',#1618,1.);
#1618 = DIRECTION('',(1.,0.,-0.));
#1619 = PCURVE('',#126,#1620);
#1620 = DEFINITIONAL_REPRESENTATION('',(#1621),#1625);
#1621 = LINE('',#1622,#1623);
#1622 = CARTESIAN_POINT('',(34.95,11.95));
#1623 = VECTOR('',#1624,1.);
#1624 = DIRECTION('',(1.,0.));
#1625 = ( GEOMETRIC_REPRESENTATION_CONTEXT(2) 
PARAMETRIC_REPRESENTATION_CONTEXT() REPRESENTATION_CONTEXT('2D SPACE',''
  ) );
#1626 = PCURVE('',#1627,#1632);
#1627 = PLANE('',#1628);
#1628 = AXIS2_PLACEMENT_3D('',#1629,#1630,#1631);
#1629 = CARTESIAN_POINT('',(-2.85,-11.5,3.5));
#1630 = DIRECTION('',(-0.,1.,0.));
#1631 = DIRECTION('',(0.,0.,1.));
#1632 = DEFINITIONAL_REPRESENTATION('',(#1633),#1637);
#1633 = LINE('',#1634,#1635);
#1634 = CARTESIAN_POINT('',(0.,0.));
#1635 = VECTOR('',#1636,1.);
#1636 = DIRECTION('',(0.,1.));
#1637 = ( GEOMETRIC_REPRESENTATION_CONTEXT(2) 
PARAMETRIC_REPRESENTATION_CONTEXT() REPRESENTATION_CONTEXT('2D SPACE',''
  ) );
#1638 = FACE_BOUND('',#1639,.T.);
#1639 = EDGE_LOOP('',(#1640,#1670,#1698,#1726));
#1640 = ORIENTED_EDGE('',*,*,#1641,.T.);
#1641 = EDGE_CURVE('',#1642,#1644,#1646,.T.);
#1642 = VERTEX_POINT('',#1643);
#1643 = CARTESIAN_POINT('',(13.,5.75,3.5));
#1644 = VERTEX_POINT('',#1645);
#1645 = CARTESIAN_POINT('',(13.,8.75,3.5));
#1646 = SURFACE_CURVE('',#1647,(#1651,#1658),.PCURVE_S1.);
#1647 = LINE('',#1648,#1649);
#1648 = CARTESIAN_POINT('',(13.,5.75,3.5));
#1649 = VECTOR('',#1650,1.);
#1650 = DIRECTION('',(-0.,1.,0.));
#1651 = PCURVE('',#126,#1652);
#1652 = DEFINITIONAL_REPRESENTATION('',(#1653),#1657);
#1653 = LINE('',#1654,#1655);
#1654 = CARTESIAN_POINT('',(50.8,29.2));
#1655 = VECTOR('',#1656,1.);
#1656 = DIRECTION('',(0.,1.));
#1657 = ( GEOMETRIC_REPRESENTATION_CONTEXT(2) 
PARAMETRIC_REPRESENTATION_CONTEXT() REPRESENTATION_CONTEXT('2D SPACE',''
  ) );
#1658 = PCURVE('',#1659,#1664);
#1659 = PLANE('',#1660);
#1660 = AXIS2_PLACEMENT_3D('',#1661,#1662,#1663);
#1661 = CARTESIAN_POINT('',(13.,5.75,3.5));
#1662 = DIRECTION('',(1.,0.,-0.));
#1663 = DIRECTION('',(0.,0.,1.));
#1664 = DEFINITIONAL_REPRESENTATION('',(#1665),#1669);
#1665 = LINE('',#1666,#1667);
#1666 = CARTESIAN_POINT('',(0.,0.));
#1667 = VECTOR('',#1668,1.);
#1668 = DIRECTION('',(0.,-1.));
#1669 = ( GEOMETRIC_REPRESENTATION_CONTEXT(2) 
PARAMETRIC_REPRESENTATION_CONTEXT() REPRESENTATION_CONTEXT('2D SPACE',''
  ) );
#1670 = ORIENTED_EDGE('',*,*,#1671,.T.);
#1671 = EDGE_CURVE('',#1644,#1672,#1674,.T.);
#1672 = VERTEX_POINT('',#1673);
#1673 = CARTESIAN_POINT('',(17.,8.75,3.5));
#1674 = SURFACE_CURVE('',#1675,(#1679,#1686),.PCURVE_S1.);
#1675 = LINE('',#1676,#1677);
#1676 = CARTESIAN_POINT('',(13.,8.75,3.5));
#1677 = VECTOR('',#1678,1.);
#1678 = DIRECTION('',(1.,0.,-0.));
#1679 = PCURVE('',#126,#1680);
#1680 = DEFINITIONAL_REPRESENTATION('',(#1681),#1685);
#1681 = LINE('',#1682,#1683);
#1682 = CARTESIAN_POINT('',(50.8,32.2));
#1683 = VECTOR('',#1684,1.);
#1684 = DIRECTION('',(1.,0.));
#1685 = ( GEOMETRIC_REPRESENTATION_CONTEXT(2) 
PARAMETRIC_REPRESENTATION_CONTEXT() REPRESENTATION_CONTEXT('2D SPACE',''
  ) );
#1686 = PCURVE('',#1687,#1692);
#1687 = PLANE('',#1688);
#1688 = AXIS2_PLACEMENT_3D('',#1689,#1690,#1691);
#1689 = CARTESIAN_POINT('',(13.,8.75,3.5));
#1690 = DIRECTION('',(-0.,1.,0.));
#1691 = DIRECTION('',(0.,0.,1.));
#1692 = DEFINITIONAL_REPRESENTATION('',(#1693),#1697);
#1693 = LINE('',#1694,#1695);
#1694 = CARTESIAN_POINT('',(0.,0.));
#1695 = VECTOR('',#1696,1.);
#1696 = DIRECTION('',(0.,1.));
#1697 = ( GEOMETRIC_REPRESENTATION_CONTEXT(2) 
PARAMETRIC_REPRESENTATION_CONTEXT() REPRESENTATION_CONTEXT('2D SPACE',''
  ) );
#1698 = ORIENTED_EDGE('',*,*,#1699,.F.);
#1699 = EDGE_CURVE('',#1700,#1672,#1702,.T.);
#1700 = VERTEX_POINT('',#1701);
#1701 = CARTESIAN_POINT('',(17.,5.75,3.5));
#1702 = SURFACE_CURVE('',#1703,(#1707,#1714),.PCURVE_S1.);
#1703 = LINE('',#1704,#1705);
#1704 = CARTESIAN_POINT('',(17.,5.75,3.5));
#1705 = VECTOR('',#1706,1.);
#1706 = DIRECTION('',(-0.,1.,0.));
#1707 = PCURVE('',#126,#1708);
#1708 = DEFINITIONAL_REPRESENTATION('',(#1709),#1713);
#1709 = LINE('',#1710,#1711);
#1710 = CARTESIAN_POINT('',(54.8,29.2));
#1711 = VECTOR('',#1712,1.);
#1712 = DIRECTION('',(0.,1.));
#1713 = ( GEOMETRIC_REPRESENTATION_CONTEXT(2) 
PARAMETRIC_REPRESENTATION_CONTEXT() REPRESENTATION_CONTEXT('2D SPACE',''
  ) );
#1714 = PCURVE('',#1715,#1720);
#1715 = PLANE('',#1716);
#1716 = AXIS2_PLACEMENT_3D('',#1717,#1718,#1719);
#1717 = CARTESIAN_POINT('',(17.,5.75,3.5));
#1718 = DIRECTION('',(1.,0.,-0.));
#1719 = DIRECTION('',(0.,0.,1.));
#1720 = DEFINITIONAL_REPRESENTATION('',(#1721),#1725);
#1721 = LINE('',#1722,#1723);
#1722 = CARTESIAN_POINT('',(0.,0.));
#1723 = VECTOR('',#1724,1.);
#1724 = DIRECTION('',(0.,-1.));
#1725 = ( GEOMETRIC_REPRESENTATION_CONTEXT(2) 
PARAMETRIC_REPRESENTATION_CONTEXT() REPRESENTATION_CONTEXT('2D SPACE',''
  ) );
#1726 = ORIENTED_EDGE('',*,*,#1727,.F.);
#1727 = EDGE_CURVE('',#1642,#1700,#1728,.T.);
#1728 = SURFACE_CURVE('',#1729,(#1733,#1740),.PCURVE_S1.);
#1729 = LINE('',#1730,#1731);
#1730 = CARTESIAN_POINT('',(13.,5.75,3.5));
#1731 = VECTOR('',#1732,1.);
#1732 = DIRECTION('',(1.,0.,-0.));
#1733 = PCURVE('',#126,#1734);
#1734 = DEFINITIONAL_REPRESENTATION('',(#1735),#1739);
#1735 = LINE('',#1736,#1737);
#1736 = CARTESIAN_POINT('',(50.8,29.2));
#1737 = VECTOR('',#1738,1.);
#1738 = DIRECTION('',(1.,0.));
#1739 = ( GEOMETRIC_REPRESENTATION_CONTEXT(2) 
PARAMETRIC_REPRESENTATION_CONTEXT() REPRESENTATION_CONTEXT('2D SPACE',''
  ) );
#1740 = PCURVE('',#1741,#1746);
#1741 = PLANE('',#1742);
#1742 = AXIS2_PLACEMENT_3D('',#1743,#1744,#1745);
#1743 = CARTESIAN_POINT('',(13.,5.75,3.5));
#1744 = DIRECTION('',(-0.,1.,0.));
#1745 = DIRECTION('',(0.,0.,1.));
#1746 = DEFINITIONAL_REPRESENTATION('',(#1747),#1751);
#1747 = LINE('',#1748,#1749);
#1748 = CARTESIAN_POINT('',(0.,0.));
#1749 = VECTOR('',#1750,1.);
#1750 = DIRECTION('',(0.,1.));
#1751 = ( GEOMETRIC_REPRESENTATION_CONTEXT(2) 
PARAMETRIC_REPRESENTATION_CONTEXT() REPRESENTATION_CONTEXT('2D SPACE',''
  ) );
#1752 = FACE_BOUND('',#1753,.T.);
#1753 = EDGE_LOOP('',(#1754,#1784,#1812,#1840));
#1754 = ORIENTED_EDGE('',*,*,#1755,.F.);
#1755 = EDGE_CURVE('',#1756,#1758,#1760,.T.);
#1756 = VERTEX_POINT('',#1757);
#1757 = CARTESIAN_POINT('',(20.,4.5,3.5));
#1758 = VERTEX_POINT('',#1759);
#1759 = CARTESIAN_POINT('',(16.,4.5,3.5));
#1760 = SURFACE_CURVE('',#1761,(#1765,#1772),.PCURVE_S1.);
#1761 = LINE('',#1762,#1763);
#1762 = CARTESIAN_POINT('',(20.,4.5,3.5));
#1763 = VECTOR('',#1764,1.);
#1764 = DIRECTION('',(-1.,0.,0.));
#1765 = PCURVE('',#126,#1766);
#1766 = DEFINITIONAL_REPRESENTATION('',(#1767),#1771);
#1767 = LINE('',#1768,#1769);
#1768 = CARTESIAN_POINT('',(57.8,27.95));
#1769 = VECTOR('',#1770,1.);
#1770 = DIRECTION('',(-1.,0.));
#1771 = ( GEOMETRIC_REPRESENTATION_CONTEXT(2) 
PARAMETRIC_REPRESENTATION_CONTEXT() REPRESENTATION_CONTEXT('2D SPACE',''
  ) );
#1772 = PCURVE('',#1773,#1778);
#1773 = PLANE('',#1774);
#1774 = AXIS2_PLACEMENT_3D('',#1775,#1776,#1777);
#1775 = CARTESIAN_POINT('',(18.,4.5,3.5));
#1776 = DIRECTION('',(0.,1.,0.));
#1777 = DIRECTION('',(0.,-0.,1.));
#1778 = DEFINITIONAL_REPRESENTATION('',(#1779),#1783);
#1779 = LINE('',#1780,#1781);
#1780 = CARTESIAN_POINT('',(0.,2.));
#1781 = VECTOR('',#1782,1.);
#1782 = DIRECTION('',(0.,-1.));
#1783 = ( GEOMETRIC_REPRESENTATION_CONTEXT(2) 
PARAMETRIC_REPRESENTATION_CONTEXT() REPRESENTATION_CONTEXT('2D SPACE',''
  ) );
#1784 = ORIENTED_EDGE('',*,*,#1785,.F.);
#1785 = EDGE_CURVE('',#1786,#1756,#1788,.T.);
#1786 = VERTEX_POINT('',#1787);
#1787 = CARTESIAN_POINT('',(20.,2.5,3.5));
#1788 = SURFACE_CURVE('',#1789,(#1793,#1800),.PCURVE_S1.);
#1789 = LINE('',#1790,#1791);
#1790 = CARTESIAN_POINT('',(20.,2.5,3.5));
#1791 = VECTOR('',#1792,1.);
#1792 = DIRECTION('',(0.,1.,0.));
#1793 = PCURVE('',#126,#1794);
#1794 = DEFINITIONAL_REPRESENTATION('',(#1795),#1799);
#1795 = LINE('',#1796,#1797);
#1796 = CARTESIAN_POINT('',(57.8,25.95));
#1797 = VECTOR('',#1798,1.);
#1798 = DIRECTION('',(0.,1.));
#1799 = ( GEOMETRIC_REPRESENTATION_CONTEXT(2) 
PARAMETRIC_REPRESENTATION_CONTEXT() REPRESENTATION_CONTEXT('2D SPACE',''
  ) );
#1800 = PCURVE('',#1801,#1806);
#1801 = PLANE('',#1802);
#1802 = AXIS2_PLACEMENT_3D('',#1803,#1804,#1805);
#1803 = CARTESIAN_POINT('',(20.,2.169376655819,8.81249133298));
#1804 = DIRECTION('',(1.,0.,0.));
#1805 = DIRECTION('',(0.,1.,0.));
#1806 = DEFINITIONAL_REPRESENTATION('',(#1807),#1811);
#1807 = LINE('',#1808,#1809);
#1808 = CARTESIAN_POINT('',(0.330623344181,-5.31249133298));
#1809 = VECTOR('',#1810,1.);
#1810 = DIRECTION('',(1.,0.));
#1811 = ( GEOMETRIC_REPRESENTATION_CONTEXT(2) 
PARAMETRIC_REPRESENTATION_CONTEXT() REPRESENTATION_CONTEXT('2D SPACE',''
  ) );
#1812 = ORIENTED_EDGE('',*,*,#1813,.T.);
#1813 = EDGE_CURVE('',#1786,#1814,#1816,.T.);
#1814 = VERTEX_POINT('',#1815);
#1815 = CARTESIAN_POINT('',(16.,2.5,3.5));
#1816 = SURFACE_CURVE('',#1817,(#1821,#1828),.PCURVE_S1.);
#1817 = LINE('',#1818,#1819);
#1818 = CARTESIAN_POINT('',(20.,2.5,3.5));
#1819 = VECTOR('',#1820,1.);
#1820 = DIRECTION('',(-1.,0.,0.));
#1821 = PCURVE('',#126,#1822);
#1822 = DEFINITIONAL_REPRESENTATION('',(#1823),#1827);
#1823 = LINE('',#1824,#1825);
#1824 = CARTESIAN_POINT('',(57.8,25.95));
#1825 = VECTOR('',#1826,1.);
#1826 = DIRECTION('',(-1.,0.));
#1827 = ( GEOMETRIC_REPRESENTATION_CONTEXT(2) 
PARAMETRIC_REPRESENTATION_CONTEXT() REPRESENTATION_CONTEXT('2D SPACE',''
  ) );
#1828 = PCURVE('',#1829,#1834);
#1829 = PLANE('',#1830);
#1830 = AXIS2_PLACEMENT_3D('',#1831,#1832,#1833);
#1831 = CARTESIAN_POINT('',(18.,2.5,6.5));
#1832 = DIRECTION('',(0.,-1.,0.));
#1833 = DIRECTION('',(0.,0.,-1.));
#1834 = DEFINITIONAL_REPRESENTATION('',(#1835),#1839);
#1835 = LINE('',#1836,#1837);
#1836 = CARTESIAN_POINT('',(3.,2.));
#1837 = VECTOR('',#1838,1.);
#1838 = DIRECTION('',(0.,-1.));
#1839 = ( GEOMETRIC_REPRESENTATION_CONTEXT(2) 
PARAMETRIC_REPRESENTATION_CONTEXT() REPRESENTATION_CONTEXT('2D SPACE',''
  ) );
#1840 = ORIENTED_EDGE('',*,*,#1841,.T.);
#1841 = EDGE_CURVE('',#1814,#1758,#1842,.T.);
#1842 = SURFACE_CURVE('',#1843,(#1847,#1854),.PCURVE_S1.);
#1843 = LINE('',#1844,#1845);
#1844 = CARTESIAN_POINT('',(16.,2.5,3.5));
#1845 = VECTOR('',#1846,1.);
#1846 = DIRECTION('',(0.,1.,0.));
#1847 = PCURVE('',#126,#1848);
#1848 = DEFINITIONAL_REPRESENTATION('',(#1849),#1853);
#1849 = LINE('',#1850,#1851);
#1850 = CARTESIAN_POINT('',(53.8,25.95));
#1851 = VECTOR('',#1852,1.);
#1852 = DIRECTION('',(0.,1.));
#1853 = ( GEOMETRIC_REPRESENTATION_CONTEXT(2) 
PARAMETRIC_REPRESENTATION_CONTEXT() REPRESENTATION_CONTEXT('2D SPACE',''
  ) );
#1854 = PCURVE('',#1855,#1860);
#1855 = PLANE('',#1856);
#1856 = AXIS2_PLACEMENT_3D('',#1857,#1858,#1859);
#1857 = CARTESIAN_POINT('',(16.,2.169376655819,8.81249133298));
#1858 = DIRECTION('',(1.,0.,0.));
#1859 = DIRECTION('',(0.,1.,0.));
#1860 = DEFINITIONAL_REPRESENTATION('',(#1861),#1865);
#1861 = LINE('',#1862,#1863);
#1862 = CARTESIAN_POINT('',(0.330623344181,-5.31249133298));
#1863 = VECTOR('',#1864,1.);
#1864 = DIRECTION('',(1.,0.));
#1865 = ( GEOMETRIC_REPRESENTATION_CONTEXT(2) 
PARAMETRIC_REPRESENTATION_CONTEXT() REPRESENTATION_CONTEXT('2D SPACE',''
  ) );
#1866 = FACE_BOUND('',#1867,.T.);
#1867 = EDGE_LOOP('',(#1868,#1898,#1926,#1954));
#1868 = ORIENTED_EDGE('',*,*,#1869,.T.);
#1869 = EDGE_CURVE('',#1870,#1872,#1874,.T.);
#1870 = VERTEX_POINT('',#1871);
#1871 = CARTESIAN_POINT('',(13.,13.25,3.5));
#1872 = VERTEX_POINT('',#1873);
#1873 = CARTESIAN_POINT('',(13.,16.25,3.5));
#1874 = SURFACE_CURVE('',#1875,(#1879,#1886),.PCURVE_S1.);
#1875 = LINE('',#1876,#1877);
#1876 = CARTESIAN_POINT('',(13.,13.25,3.5));
#1877 = VECTOR('',#1878,1.);
#1878 = DIRECTION('',(-0.,1.,0.));
#1879 = PCURVE('',#126,#1880);
#1880 = DEFINITIONAL_REPRESENTATION('',(#1881),#1885);
#1881 = LINE('',#1882,#1883);
#1882 = CARTESIAN_POINT('',(50.8,36.7));
#1883 = VECTOR('',#1884,1.);
#1884 = DIRECTION('',(0.,1.));
#1885 = ( GEOMETRIC_REPRESENTATION_CONTEXT(2) 
PARAMETRIC_REPRESENTATION_CONTEXT() REPRESENTATION_CONTEXT('2D SPACE',''
  ) );
#1886 = PCURVE('',#1887,#1892);
#1887 = PLANE('',#1888);
#1888 = AXIS2_PLACEMENT_3D('',#1889,#1890,#1891);
#1889 = CARTESIAN_POINT('',(13.,13.25,3.5));
#1890 = DIRECTION('',(1.,0.,-0.));
#1891 = DIRECTION('',(0.,0.,1.));
#1892 = DEFINITIONAL_REPRESENTATION('',(#1893),#1897);
#1893 = LINE('',#1894,#1895);
#1894 = CARTESIAN_POINT('',(0.,0.));
#1895 = VECTOR('',#1896,1.);
#1896 = DIRECTION('',(0.,-1.));
#1897 = ( GEOMETRIC_REPRESENTATION_CONTEXT(2) 
PARAMETRIC_REPRESENTATION_CONTEXT() REPRESENTATION_CONTEXT('2D SPACE',''
  ) );
#1898 = ORIENTED_EDGE('',*,*,#1899,.T.);
#1899 = EDGE_CURVE('',#1872,#1900,#1902,.T.);
#1900 = VERTEX_POINT('',#1901);
#1901 = CARTESIAN_POINT('',(17.,16.25,3.5));
#1902 = SURFACE_CURVE('',#1903,(#1907,#1914),.PCURVE_S1.);
#1903 = LINE('',#1904,#1905);
#1904 = CARTESIAN_POINT('',(13.,16.25,3.5));
#1905 = VECTOR('',#1906,1.);
#1906 = DIRECTION('',(1.,0.,-0.));
#1907 = PCURVE('',#126,#1908);
#1908 = DEFINITIONAL_REPRESENTATION('',(#1909),#1913);
#1909 = LINE('',#1910,#1911);
#1910 = CARTESIAN_POINT('',(50.8,39.7));
#1911 = VECTOR('',#1912,1.);
#1912 = DIRECTION('',(1.,0.));
#1913 = ( GEOMETRIC_REPRESENTATION_CONTEXT(2) 
PARAMETRIC_REPRESENTATION_CONTEXT() REPRESENTATION_CONTEXT('2D SPACE',''
  ) );
#1914 = PCURVE('',#1915,#1920);
#1915 = PLANE('',#1916);
#1916 = AXIS2_PLACEMENT_3D('',#1917,#1918,#1919);
#1917 = CARTESIAN_POINT('',(13.,16.25,3.5));
#1918 = DIRECTION('',(-0.,1.,0.));
#1919 = DIRECTION('',(0.,0.,1.));
#1920 = DEFINITIONAL_REPRESENTATION('',(#1921),#1925);
#1921 = LINE('',#1922,#1923);
#1922 = CARTESIAN_POINT('',(0.,0.));
#1923 = VECTOR('',#1924,1.);
#1924 = DIRECTION('',(0.,1.));
#1925 = ( GEOMETRIC_REPRESENTATION_CONTEXT(2) 
PARAMETRIC_REPRESENTATION_CONTEXT() REPRESENTATION_CONTEXT('2D SPACE',''
  ) );
#1926 = ORIENTED_EDGE('',*,*,#1927,.F.);
#1927 = EDGE_CURVE('',#1928,#1900,#1930,.T.);
#1928 = VERTEX_POINT('',#1929);
#1929 = CARTESIAN_POINT('',(17.,13.25,3.5));
#1930 = SURFACE_CURVE('',#1931,(#1935,#1942),.PCURVE_S1.);
#1931 = LINE('',#1932,#1933);
#1932 = CARTESIAN_POINT('',(17.,13.25,3.5));
#1933 = VECTOR('',#1934,1.);
#1934 = DIRECTION('',(-0.,1.,0.));
#1935 = PCURVE('',#126,#1936);
#1936 = DEFINITIONAL_REPRESENTATION('',(#1937),#1941);
#1937 = LINE('',#1938,#1939);
#1938 = CARTESIAN_POINT('',(54.8,36.7));
#1939 = VECTOR('',#1940,1.);
#1940 = DIRECTION('',(0.,1.));
#1941 = ( GEOMETRIC_REPRESENTATION_CONTEXT(2) 
PARAMETRIC_REPRESENTATION_CONTEXT() REPRESENTATION_CONTEXT('2D SPACE',''
  ) );
#1942 = PCURVE('',#1943,#1948);
#1943 = PLANE('',#1944);
#1944 = AXIS2_PLACEMENT_3D('',#1945,#1946,#1947);
#1945 = CARTESIAN_POINT('',(17.,13.25,3.5));
#1946 = DIRECTION('',(1.,0.,-0.));
#1947 = DIRECTION('',(0.,0.,1.));
#1948 = DEFINITIONAL_REPRESENTATION('',(#1949),#1953);
#1949 = LINE('',#1950,#1951);
#1950 = CARTESIAN_POINT('',(0.,0.));
#1951 = VECTOR('',#1952,1.);
#1952 = DIRECTION('',(0.,-1.));
#1953 = ( GEOMETRIC_REPRESENTATION_CONTEXT(2) 
PARAMETRIC_REPRESENTATION_CONTEXT() REPRESENTATION_CONTEXT('2D SPACE',''
  ) );
#1954 = ORIENTED_EDGE('',*,*,#1955,.F.);
#1955 = EDGE_CURVE('',#1870,#1928,#1956,.T.);
#1956 = SURFACE_CURVE('',#1957,(#1961,#1968),.PCURVE_S1.);
#1957 = LINE('',#1958,#1959);
#1958 = CARTESIAN_POINT('',(13.,13.25,3.5));
#1959 = VECTOR('',#1960,1.);
#1960 = DIRECTION('',(1.,0.,-0.));
#1961 = PCURVE('',#126,#1962);
#1962 = DEFINITIONAL_REPRESENTATION('',(#1963),#1967);
#1963 = LINE('',#1964,#1965);
#1964 = CARTESIAN_POINT('',(50.8,36.7));
#1965 = VECTOR('',#1966,1.);
#1966 = DIRECTION('',(1.,0.));
#1967 = ( GEOMETRIC_REPRESENTATION_CONTEXT(2) 
PARAMETRIC_REPRESENTATION_CONTEXT() REPRESENTATION_CONTEXT('2D SPACE',''
  ) );
#1968 = PCURVE('',#1969,#1974);
#1969 = PLANE('',#1970);
#1970 = AXIS2_PLACEMENT_3D('',#1971,#1972,#1973);
#1971 = CARTESIAN_POINT('',(13.,13.25,3.5));
#1972 = DIRECTION('',(-0.,1.,0.));
#1973 = DIRECTION('',(0.,0.,1.));
#1974 = DEFINITIONAL_REPRESENTATION('',(#1975),#1979);
#1975 = LINE('',#1976,#1977);
#1976 = CARTESIAN_POINT('',(0.,0.));
#1977 = VECTOR('',#1978,1.);
#1978 = DIRECTION('',(0.,1.));
#1979 = ( GEOMETRIC_REPRESENTATION_CONTEXT(2) 
PARAMETRIC_REPRESENTATION_CONTEXT() REPRESENTATION_CONTEXT('2D SPACE',''
  ) );
#1980 = FACE_BOUND('',#1981,.T.);
#1981 = EDGE_LOOP('',(#1982));
#1982 = ORIENTED_EDGE('',*,*,#1983,.F.);
#1983 = EDGE_CURVE('',#1984,#1984,#1986,.T.);
#1984 = VERTEX_POINT('',#1985);
#1985 = CARTESIAN_POINT('',(32.4,13.6,3.5));
#1986 = SURFACE_CURVE('',#1987,(#1992,#1999),.PCURVE_S1.);
#1987 = CIRCLE('',#1988,4.45);
#1988 = AXIS2_PLACEMENT_3D('',#1989,#1990,#1991);
#1989 = CARTESIAN_POINT('',(27.95,13.6,3.5));
#1990 = DIRECTION('',(0.,0.,1.));
#1991 = DIRECTION('',(1.,0.,-0.));
#1992 = PCURVE('',#126,#1993);
#1993 = DEFINITIONAL_REPRESENTATION('',(#1994),#1998);
#1994 = CIRCLE('',#1995,4.45);
#1995 = AXIS2_PLACEMENT_2D('',#1996,#1997);
#1996 = CARTESIAN_POINT('',(65.75,37.05));
#1997 = DIRECTION('',(1.,0.));
#1998 = ( GEOMETRIC_REPRESENTATION_CONTEXT(2) 
PARAMETRIC_REPRESENTATION_CONTEXT() REPRESENTATION_CONTEXT('2D SPACE',''
  ) );
#1999 = PCURVE('',#2000,#2005);
#2000 = TOROIDAL_SURFACE('',#2001,4.45,0.6);
#2001 = AXIS2_PLACEMENT_3D('',#2002,#2003,#2004);
#2002 = CARTESIAN_POINT('',(27.95,13.6,4.1));
#2003 = DIRECTION('',(0.,0.,1.));
#2004 = DIRECTION('',(1.,0.,-0.));
#2005 = DEFINITIONAL_REPRESENTATION('',(#2006),#2010);
#2006 = LINE('',#2007,#2008);
#2007 = CARTESIAN_POINT('',(0.,4.712388980385));
#2008 = VECTOR('',#2009,1.);
#2009 = DIRECTION('',(1.,0.));
#2010 = ( GEOMETRIC_REPRESENTATION_CONTEXT(2) 
PARAMETRIC_REPRESENTATION_CONTEXT() REPRESENTATION_CONTEXT('2D SPACE',''
  ) );
#2011 = ADVANCED_FACE('',(#2012),#159,.T.);
#2012 = FACE_BOUND('',#2013,.T.);
#2013 = EDGE_LOOP('',(#2014,#2040,#2041,#2042));
#2014 = ORIENTED_EDGE('',*,*,#2015,.F.);
#2015 = EDGE_CURVE('',#143,#2016,#2018,.T.);
#2016 = VERTEX_POINT('',#2017);
#2017 = CARTESIAN_POINT('',(-34.8,-22.85,-1.554312234475E-15));
#2018 = SURFACE_CURVE('',#2019,(#2023,#2029),.PCURVE_S1.);
#2019 = LINE('',#2020,#2021);
#2020 = CARTESIAN_POINT('',(-34.8,-23.15,0.3));
#2021 = VECTOR('',#2022,1.);
#2022 = DIRECTION('',(-0.,0.707106781187,-0.707106781187));
#2023 = PCURVE('',#159,#2024);
#2024 = DEFINITIONAL_REPRESENTATION('',(#2025),#2028);
#2025 = B_SPLINE_CURVE_WITH_KNOTS('',1,(#2026,#2027),.UNSPECIFIED.,.F.,
  .F.,(2,2),(-0.424264068712,0.424264068712),.PIECEWISE_BEZIER_KNOTS.);
#2026 = CARTESIAN_POINT('',(0.,0.));
#2027 = CARTESIAN_POINT('',(0.,-0.6));
#2028 = ( GEOMETRIC_REPRESENTATION_CONTEXT(2) 
PARAMETRIC_REPRESENTATION_CONTEXT() REPRESENTATION_CONTEXT('2D SPACE',''
  ) );
#2029 = PCURVE('',#2030,#2035);
#2030 = PLANE('',#2031);
#2031 = AXIS2_PLACEMENT_3D('',#2032,#2033,#2034);
#2032 = CARTESIAN_POINT('',(34.8,-23.15,0.3));
#2033 = DIRECTION('',(0.,-0.707106781187,-0.707106781187));
#2034 = DIRECTION('',(-1.,-0.,0.));
#2035 = DEFINITIONAL_REPRESENTATION('',(#2036),#2039);
#2036 = B_SPLINE_CURVE_WITH_KNOTS('',1,(#2037,#2038),.UNSPECIFIED.,.F.,
  .F.,(2,2),(-0.424264068712,0.424264068712),.PIECEWISE_BEZIER_KNOTS.);
#2037 = CARTESIAN_POINT('',(69.6,-0.424264068712));
#2038 = CARTESIAN_POINT('',(69.6,0.424264068712));
#2039 = ( GEOMETRIC_REPRESENTATION_CONTEXT(2) 
PARAMETRIC_REPRESENTATION_CONTEXT() REPRESENTATION_CONTEXT('2D SPACE',''
  ) );
#2040 = ORIENTED_EDGE('',*,*,#142,.T.);
#2041 = ORIENTED_EDGE('',*,*,#224,.T.);
#2042 = ORIENTED_EDGE('',*,*,#2043,.F.);
#2043 = EDGE_CURVE('',#2016,#225,#2044,.T.);
#2044 = SURFACE_CURVE('',#2045,(#2050,#2057),.PCURVE_S1.);
#2045 = CIRCLE('',#2046,2.4);
#2046 = AXIS2_PLACEMENT_3D('',#2047,#2048,#2049);
#2047 = CARTESIAN_POINT('',(-34.8,-20.45,0.));
#2048 = DIRECTION('',(-0.,-0.,-1.));
#2049 = DIRECTION('',(0.,-1.,0.));
#2050 = PCURVE('',#159,#2051);
#2051 = DEFINITIONAL_REPRESENTATION('',(#2052),#2056);
#2052 = LINE('',#2053,#2054);
#2053 = CARTESIAN_POINT('',(-0.,-0.6));
#2054 = VECTOR('',#2055,1.);
#2055 = DIRECTION('',(-1.,-0.));
#2056 = ( GEOMETRIC_REPRESENTATION_CONTEXT(2) 
PARAMETRIC_REPRESENTATION_CONTEXT() REPRESENTATION_CONTEXT('2D SPACE',''
  ) );
#2057 = PCURVE('',#286,#2058);
#2058 = DEFINITIONAL_REPRESENTATION('',(#2059),#2067);
#2059 = ( BOUNDED_CURVE() B_SPLINE_CURVE(2,(#2060,#2061,#2062,#2063,
#2064,#2065,#2066),.UNSPECIFIED.,.T.,.F.) B_SPLINE_CURVE_WITH_KNOTS((1,2
    ,2,2,2,1),(-2.094395102393,0.,2.094395102393,4.188790204786,
6.28318530718,8.377580409573),.UNSPECIFIED.) CURVE() 
GEOMETRIC_REPRESENTATION_ITEM() RATIONAL_B_SPLINE_CURVE((1.,0.5,1.,0.5,
1.,0.5,1.)) REPRESENTATION_ITEM('') );
#2060 = CARTESIAN_POINT('',(3.,0.6));
#2061 = CARTESIAN_POINT('',(-1.156921938165,0.6));
#2062 = CARTESIAN_POINT('',(0.921539030917,4.2));
#2063 = CARTESIAN_POINT('',(3.,7.8));
#2064 = CARTESIAN_POINT('',(5.078460969083,4.2));
#2065 = CARTESIAN_POINT('',(7.156921938165,0.6));
#2066 = CARTESIAN_POINT('',(3.,0.6));
#2067 = ( GEOMETRIC_REPRESENTATION_CONTEXT(2) 
PARAMETRIC_REPRESENTATION_CONTEXT() REPRESENTATION_CONTEXT('2D SPACE',''
  ) );
#2068 = ADVANCED_FACE('',(#2069),#187,.F.);
#2069 = FACE_BOUND('',#2070,.F.);
#2070 = EDGE_LOOP('',(#2071,#2072,#2073,#2096));
#2071 = ORIENTED_EDGE('',*,*,#171,.T.);
#2072 = ORIENTED_EDGE('',*,*,#385,.T.);
#2073 = ORIENTED_EDGE('',*,*,#2074,.F.);
#2074 = EDGE_CURVE('',#2075,#386,#2077,.T.);
#2075 = VERTEX_POINT('',#2076);
#2076 = CARTESIAN_POINT('',(34.8,-23.45,0.6));
#2077 = SURFACE_CURVE('',#2078,(#2082,#2089),.PCURVE_S1.);
#2078 = LINE('',#2079,#2080);
#2079 = CARTESIAN_POINT('',(34.8,-23.45,0.));
#2080 = VECTOR('',#2081,1.);
#2081 = DIRECTION('',(0.,0.,1.));
#2082 = PCURVE('',#187,#2083);
#2083 = DEFINITIONAL_REPRESENTATION('',(#2084),#2088);
#2084 = LINE('',#2085,#2086);
#2085 = CARTESIAN_POINT('',(0.,72.6));
#2086 = VECTOR('',#2087,1.);
#2087 = DIRECTION('',(1.,0.));
#2088 = ( GEOMETRIC_REPRESENTATION_CONTEXT(2) 
PARAMETRIC_REPRESENTATION_CONTEXT() REPRESENTATION_CONTEXT('2D SPACE',''
  ) );
#2089 = PCURVE('',#429,#2090);
#2090 = DEFINITIONAL_REPRESENTATION('',(#2091),#2095);
#2091 = LINE('',#2092,#2093);
#2092 = CARTESIAN_POINT('',(-1.570796326795,0.));
#2093 = VECTOR('',#2094,1.);
#2094 = DIRECTION('',(-0.,1.));
#2095 = ( GEOMETRIC_REPRESENTATION_CONTEXT(2) 
PARAMETRIC_REPRESENTATION_CONTEXT() REPRESENTATION_CONTEXT('2D SPACE',''
  ) );
#2096 = ORIENTED_EDGE('',*,*,#2097,.T.);
#2097 = EDGE_CURVE('',#2075,#143,#2098,.T.);
#2098 = SURFACE_CURVE('',#2099,(#2103,#2110),.PCURVE_S1.);
#2099 = LINE('',#2100,#2101);
#2100 = CARTESIAN_POINT('',(34.8,-23.45,0.6));
#2101 = VECTOR('',#2102,1.);
#2102 = DIRECTION('',(-1.,-0.,0.));
#2103 = PCURVE('',#187,#2104);
#2104 = DEFINITIONAL_REPRESENTATION('',(#2105),#2109);
#2105 = LINE('',#2106,#2107);
#2106 = CARTESIAN_POINT('',(0.6,72.6));
#2107 = VECTOR('',#2108,1.);
#2108 = DIRECTION('',(0.,-1.));
#2109 = ( GEOMETRIC_REPRESENTATION_CONTEXT(2) 
PARAMETRIC_REPRESENTATION_CONTEXT() REPRESENTATION_CONTEXT('2D SPACE',''
  ) );
#2110 = PCURVE('',#2030,#2111);
#2111 = DEFINITIONAL_REPRESENTATION('',(#2112),#2116);
#2112 = LINE('',#2113,#2114);
#2113 = CARTESIAN_POINT('',(0.,-0.424264068712));
#2114 = VECTOR('',#2115,1.);
#2115 = DIRECTION('',(1.,0.));
#2116 = ( GEOMETRIC_REPRESENTATION_CONTEXT(2) 
PARAMETRIC_REPRESENTATION_CONTEXT() REPRESENTATION_CONTEXT('2D SPACE',''
  ) );
#2117 = ADVANCED_FACE('',(#2118,#2293,#2951,#3065,#3291,#3517,#3943,
    #4169,#4627,#4885,#5539,#5653),#286,.F.);
#2118 = FACE_BOUND('',#2119,.F.);
#2119 = EDGE_LOOP('',(#2120,#2121,#2122,#2145,#2178,#2206,#2239,#2267));
#2120 = ORIENTED_EDGE('',*,*,#272,.F.);
#2121 = ORIENTED_EDGE('',*,*,#2043,.F.);
#2122 = ORIENTED_EDGE('',*,*,#2123,.F.);
#2123 = EDGE_CURVE('',#2124,#2016,#2126,.T.);
#2124 = VERTEX_POINT('',#2125);
#2125 = CARTESIAN_POINT('',(34.8,-22.85,6.661338147751E-16));
#2126 = SURFACE_CURVE('',#2127,(#2131,#2138),.PCURVE_S1.);
#2127 = LINE('',#2128,#2129);
#2128 = CARTESIAN_POINT('',(34.8,-22.85,0.));
#2129 = VECTOR('',#2130,1.);
#2130 = DIRECTION('',(-1.,-0.,0.));
#2131 = PCURVE('',#286,#2132);
#2132 = DEFINITIONAL_REPRESENTATION('',(#2133),#2137);
#2133 = LINE('',#2134,#2135);
#2134 = CARTESIAN_POINT('',(72.6,0.6));
#2135 = VECTOR('',#2136,1.);
#2136 = DIRECTION('',(-1.,0.));
#2137 = ( GEOMETRIC_REPRESENTATION_CONTEXT(2) 
PARAMETRIC_REPRESENTATION_CONTEXT() REPRESENTATION_CONTEXT('2D SPACE',''
  ) );
#2138 = PCURVE('',#2030,#2139);
#2139 = DEFINITIONAL_REPRESENTATION('',(#2140),#2144);
#2140 = LINE('',#2141,#2142);
#2141 = CARTESIAN_POINT('',(0.,0.424264068712));
#2142 = VECTOR('',#2143,1.);
#2143 = DIRECTION('',(1.,0.));
#2144 = ( GEOMETRIC_REPRESENTATION_CONTEXT(2) 
PARAMETRIC_REPRESENTATION_CONTEXT() REPRESENTATION_CONTEXT('2D SPACE',''
  ) );
#2145 = ORIENTED_EDGE('',*,*,#2146,.F.);
#2146 = EDGE_CURVE('',#2147,#2124,#2149,.T.);
#2147 = VERTEX_POINT('',#2148);
#2148 = CARTESIAN_POINT('',(37.2,-20.45,-1.554312234475E-15));
#2149 = SURFACE_CURVE('',#2150,(#2155,#2166),.PCURVE_S1.);
#2150 = CIRCLE('',#2151,2.4);
#2151 = AXIS2_PLACEMENT_3D('',#2152,#2153,#2154);
#2152 = CARTESIAN_POINT('',(34.8,-20.45,0.));
#2153 = DIRECTION('',(0.,-0.,-1.));
#2154 = DIRECTION('',(1.,0.,-0.));
#2155 = PCURVE('',#286,#2156);
#2156 = DEFINITIONAL_REPRESENTATION('',(#2157),#2165);
#2157 = ( BOUNDED_CURVE() B_SPLINE_CURVE(2,(#2158,#2159,#2160,#2161,
#2162,#2163,#2164),.UNSPECIFIED.,.T.,.F.) B_SPLINE_CURVE_WITH_KNOTS((1,2
    ,2,2,2,1),(-2.094395102393,0.,2.094395102393,4.188790204786,
6.28318530718,8.377580409573),.UNSPECIFIED.) CURVE() 
GEOMETRIC_REPRESENTATION_ITEM() RATIONAL_B_SPLINE_CURVE((1.,0.5,1.,0.5,
1.,0.5,1.)) REPRESENTATION_ITEM('') );
#2158 = CARTESIAN_POINT('',(75.,3.));
#2159 = CARTESIAN_POINT('',(75.,-1.156921938165));
#2160 = CARTESIAN_POINT('',(71.4,0.921539030917));
#2161 = CARTESIAN_POINT('',(67.8,3.));
#2162 = CARTESIAN_POINT('',(71.4,5.078460969083));
#2163 = CARTESIAN_POINT('',(75.,7.156921938165));
#2164 = CARTESIAN_POINT('',(75.,3.));
#2165 = ( GEOMETRIC_REPRESENTATION_CONTEXT(2) 
PARAMETRIC_REPRESENTATION_CONTEXT() REPRESENTATION_CONTEXT('2D SPACE',''
  ) );
#2166 = PCURVE('',#2167,#2172);
#2167 = CONICAL_SURFACE('',#2168,3.,0.785398163397);
#2168 = AXIS2_PLACEMENT_3D('',#2169,#2170,#2171);
#2169 = CARTESIAN_POINT('',(34.8,-20.45,0.6));
#2170 = DIRECTION('',(0.,0.,1.));
#2171 = DIRECTION('',(1.,0.,-0.));
#2172 = DEFINITIONAL_REPRESENTATION('',(#2173),#2177);
#2173 = LINE('',#2174,#2175);
#2174 = CARTESIAN_POINT('',(-0.,-0.6));
#2175 = VECTOR('',#2176,1.);
#2176 = DIRECTION('',(-1.,-0.));
#2177 = ( GEOMETRIC_REPRESENTATION_CONTEXT(2) 
PARAMETRIC_REPRESENTATION_CONTEXT() REPRESENTATION_CONTEXT('2D SPACE',''
  ) );
#2178 = ORIENTED_EDGE('',*,*,#2179,.F.);
#2179 = EDGE_CURVE('',#2180,#2147,#2182,.T.);
#2180 = VERTEX_POINT('',#2181);
#2181 = CARTESIAN_POINT('',(37.2,20.45,6.661338147751E-16));
#2182 = SURFACE_CURVE('',#2183,(#2187,#2194),.PCURVE_S1.);
#2183 = LINE('',#2184,#2185);
#2184 = CARTESIAN_POINT('',(37.2,20.45,0.));
#2185 = VECTOR('',#2186,1.);
#2186 = DIRECTION('',(0.,-1.,-0.));
#2187 = PCURVE('',#286,#2188);
#2188 = DEFINITIONAL_REPRESENTATION('',(#2189),#2193);
#2189 = LINE('',#2190,#2191);
#2190 = CARTESIAN_POINT('',(75.,43.9));
#2191 = VECTOR('',#2192,1.);
#2192 = DIRECTION('',(0.,-1.));
#2193 = ( GEOMETRIC_REPRESENTATION_CONTEXT(2) 
PARAMETRIC_REPRESENTATION_CONTEXT() REPRESENTATION_CONTEXT('2D SPACE',''
  ) );
#2194 = PCURVE('',#2195,#2200);
#2195 = PLANE('',#2196);
#2196 = AXIS2_PLACEMENT_3D('',#2197,#2198,#2199);
#2197 = CARTESIAN_POINT('',(37.5,20.45,0.3));
#2198 = DIRECTION('',(-0.707106781187,0.,0.707106781187));
#2199 = DIRECTION('',(0.,1.,-0.));
#2200 = DEFINITIONAL_REPRESENTATION('',(#2201),#2205);
#2201 = LINE('',#2202,#2203);
#2202 = CARTESIAN_POINT('',(-0.,0.424264068712));
#2203 = VECTOR('',#2204,1.);
#2204 = DIRECTION('',(-1.,0.));
#2205 = ( GEOMETRIC_REPRESENTATION_CONTEXT(2) 
PARAMETRIC_REPRESENTATION_CONTEXT() REPRESENTATION_CONTEXT('2D SPACE',''
  ) );
#2206 = ORIENTED_EDGE('',*,*,#2207,.F.);
#2207 = EDGE_CURVE('',#2208,#2180,#2210,.T.);
#2208 = VERTEX_POINT('',#2209);
#2209 = CARTESIAN_POINT('',(34.8,22.85,-1.554312234475E-15));
#2210 = SURFACE_CURVE('',#2211,(#2216,#2227),.PCURVE_S1.);
#2211 = CIRCLE('',#2212,2.4);
#2212 = AXIS2_PLACEMENT_3D('',#2213,#2214,#2215);
#2213 = CARTESIAN_POINT('',(34.8,20.45,0.));
#2214 = DIRECTION('',(0.,-0.,-1.));
#2215 = DIRECTION('',(0.,1.,-0.));
#2216 = PCURVE('',#286,#2217);
#2217 = DEFINITIONAL_REPRESENTATION('',(#2218),#2226);
#2218 = ( BOUNDED_CURVE() B_SPLINE_CURVE(2,(#2219,#2220,#2221,#2222,
#2223,#2224,#2225),.UNSPECIFIED.,.T.,.F.) B_SPLINE_CURVE_WITH_KNOTS((1,2
    ,2,2,2,1),(-2.094395102393,0.,2.094395102393,4.188790204786,
6.28318530718,8.377580409573),.UNSPECIFIED.) CURVE() 
GEOMETRIC_REPRESENTATION_ITEM() RATIONAL_B_SPLINE_CURVE((1.,0.5,1.,0.5,
1.,0.5,1.)) REPRESENTATION_ITEM('') );
#2219 = CARTESIAN_POINT('',(72.6,46.3));
#2220 = CARTESIAN_POINT('',(76.756921938165,46.3));
#2221 = CARTESIAN_POINT('',(74.678460969083,42.7));
#2222 = CARTESIAN_POINT('',(72.6,39.1));
#2223 = CARTESIAN_POINT('',(70.521539030917,42.7));
#2224 = CARTESIAN_POINT('',(68.443078061835,46.3));
#2225 = CARTESIAN_POINT('',(72.6,46.3));
#2226 = ( GEOMETRIC_REPRESENTATION_CONTEXT(2) 
PARAMETRIC_REPRESENTATION_CONTEXT() REPRESENTATION_CONTEXT('2D SPACE',''
  ) );
#2227 = PCURVE('',#2228,#2233);
#2228 = CONICAL_SURFACE('',#2229,3.,0.785398163397);
#2229 = AXIS2_PLACEMENT_3D('',#2230,#2231,#2232);
#2230 = CARTESIAN_POINT('',(34.8,20.45,0.6));
#2231 = DIRECTION('',(0.,0.,1.));
#2232 = DIRECTION('',(0.,1.,0.));
#2233 = DEFINITIONAL_REPRESENTATION('',(#2234),#2238);
#2234 = LINE('',#2235,#2236);
#2235 = CARTESIAN_POINT('',(-0.,-0.6));
#2236 = VECTOR('',#2237,1.);
#2237 = DIRECTION('',(-1.,-0.));
#2238 = ( GEOMETRIC_REPRESENTATION_CONTEXT(2) 
PARAMETRIC_REPRESENTATION_CONTEXT() REPRESENTATION_CONTEXT('2D SPACE',''
  ) );
#2239 = ORIENTED_EDGE('',*,*,#2240,.F.);
#2240 = EDGE_CURVE('',#2241,#2208,#2243,.T.);
#2241 = VERTEX_POINT('',#2242);
#2242 = CARTESIAN_POINT('',(-34.8,22.85,6.661338147751E-16));
#2243 = SURFACE_CURVE('',#2244,(#2248,#2255),.PCURVE_S1.);
#2244 = LINE('',#2245,#2246);
#2245 = CARTESIAN_POINT('',(-34.8,22.85,0.));
#2246 = VECTOR('',#2247,1.);
#2247 = DIRECTION('',(1.,0.,-0.));
#2248 = PCURVE('',#286,#2249);
#2249 = DEFINITIONAL_REPRESENTATION('',(#2250),#2254);
#2250 = LINE('',#2251,#2252);
#2251 = CARTESIAN_POINT('',(3.,46.3));
#2252 = VECTOR('',#2253,1.);
#2253 = DIRECTION('',(1.,0.));
#2254 = ( GEOMETRIC_REPRESENTATION_CONTEXT(2) 
PARAMETRIC_REPRESENTATION_CONTEXT() REPRESENTATION_CONTEXT('2D SPACE',''
  ) );
#2255 = PCURVE('',#2256,#2261);
#2256 = PLANE('',#2257);
#2257 = AXIS2_PLACEMENT_3D('',#2258,#2259,#2260);
#2258 = CARTESIAN_POINT('',(-34.8,23.15,0.3));
#2259 = DIRECTION('',(0.,-0.707106781187,0.707106781187));
#2260 = DIRECTION('',(-1.,-0.,-0.));
#2261 = DEFINITIONAL_REPRESENTATION('',(#2262),#2266);
#2262 = LINE('',#2263,#2264);
#2263 = CARTESIAN_POINT('',(-0.,0.424264068712));
#2264 = VECTOR('',#2265,1.);
#2265 = DIRECTION('',(-1.,0.));
#2266 = ( GEOMETRIC_REPRESENTATION_CONTEXT(2) 
PARAMETRIC_REPRESENTATION_CONTEXT() REPRESENTATION_CONTEXT('2D SPACE',''
  ) );
#2267 = ORIENTED_EDGE('',*,*,#2268,.F.);
#2268 = EDGE_CURVE('',#247,#2241,#2269,.T.);
#2269 = SURFACE_CURVE('',#2270,(#2275,#2286),.PCURVE_S1.);
#2270 = CIRCLE('',#2271,2.4);
#2271 = AXIS2_PLACEMENT_3D('',#2272,#2273,#2274);
#2272 = CARTESIAN_POINT('',(-34.8,20.45,0.));
#2273 = DIRECTION('',(-0.,0.,-1.));
#2274 = DIRECTION('',(-1.,0.,0.));
#2275 = PCURVE('',#286,#2276);
#2276 = DEFINITIONAL_REPRESENTATION('',(#2277),#2285);
#2277 = ( BOUNDED_CURVE() B_SPLINE_CURVE(2,(#2278,#2279,#2280,#2281,
#2282,#2283,#2284),.UNSPECIFIED.,.T.,.F.) B_SPLINE_CURVE_WITH_KNOTS((1,2
    ,2,2,2,1),(-2.094395102393,0.,2.094395102393,4.188790204786,
6.28318530718,8.377580409573),.UNSPECIFIED.) CURVE() 
GEOMETRIC_REPRESENTATION_ITEM() RATIONAL_B_SPLINE_CURVE((1.,0.5,1.,0.5,
1.,0.5,1.)) REPRESENTATION_ITEM('') );
#2278 = CARTESIAN_POINT('',(0.6,43.9));
#2279 = CARTESIAN_POINT('',(0.6,48.056921938165));
#2280 = CARTESIAN_POINT('',(4.2,45.978460969083));
#2281 = CARTESIAN_POINT('',(7.8,43.9));
#2282 = CARTESIAN_POINT('',(4.2,41.821539030917));
#2283 = CARTESIAN_POINT('',(0.6,39.743078061835));
#2284 = CARTESIAN_POINT('',(0.6,43.9));
#2285 = ( GEOMETRIC_REPRESENTATION_CONTEXT(2) 
PARAMETRIC_REPRESENTATION_CONTEXT() REPRESENTATION_CONTEXT('2D SPACE',''
  ) );
#2286 = PCURVE('',#261,#2287);
#2287 = DEFINITIONAL_REPRESENTATION('',(#2288),#2292);
#2288 = LINE('',#2289,#2290);
#2289 = CARTESIAN_POINT('',(-0.,-0.6));
#2290 = VECTOR('',#2291,1.);
#2291 = DIRECTION('',(-1.,-0.));
#2292 = ( GEOMETRIC_REPRESENTATION_CONTEXT(2) 
PARAMETRIC_REPRESENTATION_CONTEXT() REPRESENTATION_CONTEXT('2D SPACE',''
  ) );
#2293 = FACE_BOUND('',#2294,.F.);
#2294 = EDGE_LOOP('',(#2295,#2325,#2355,#2385,#2415,#2445,#2475,#2505,
    #2535,#2565,#2595,#2625,#2653,#2683,#2713,#2743,#2773,#2803,#2833,
    #2863,#2893,#2923));
#2295 = ORIENTED_EDGE('',*,*,#2296,.F.);
#2296 = EDGE_CURVE('',#2297,#2299,#2301,.T.);
#2297 = VERTEX_POINT('',#2298);
#2298 = CARTESIAN_POINT('',(-17.04485442074,-14.4640501464,0.));
#2299 = VERTEX_POINT('',#2300);
#2300 = CARTESIAN_POINT('',(-16.40501274937,-14.30244065209,0.));
#2301 = SURFACE_CURVE('',#2302,(#2306,#2313),.PCURVE_S1.);
#2302 = LINE('',#2303,#2304);
#2303 = CARTESIAN_POINT('',(-17.04485442074,-14.4640501464,0.));
#2304 = VECTOR('',#2305,1.);
#2305 = DIRECTION('',(0.969551685994,0.24488676605,0.));
#2306 = PCURVE('',#286,#2307);
#2307 = DEFINITIONAL_REPRESENTATION('',(#2308),#2312);
#2308 = LINE('',#2309,#2310);
#2309 = CARTESIAN_POINT('',(20.755145579259,8.985949853593));
#2310 = VECTOR('',#2311,1.);
#2311 = DIRECTION('',(0.969551685994,0.24488676605));
#2312 = ( GEOMETRIC_REPRESENTATION_CONTEXT(2) 
PARAMETRIC_REPRESENTATION_CONTEXT() REPRESENTATION_CONTEXT('2D SPACE',''
  ) );
#2313 = PCURVE('',#2314,#2319);
#2314 = PLANE('',#2315);
#2315 = AXIS2_PLACEMENT_3D('',#2316,#2317,#2318);
#2316 = CARTESIAN_POINT('',(-17.04485442074,-14.4640501464,0.));
#2317 = DIRECTION('',(-0.24488676605,0.969551685994,0.));
#2318 = DIRECTION('',(0.969551685994,0.24488676605,0.));
#2319 = DEFINITIONAL_REPRESENTATION('',(#2320),#2324);
#2320 = LINE('',#2321,#2322);
#2321 = CARTESIAN_POINT('',(0.,0.));
#2322 = VECTOR('',#2323,1.);
#2323 = DIRECTION('',(1.,0.));
#2324 = ( GEOMETRIC_REPRESENTATION_CONTEXT(2) 
PARAMETRIC_REPRESENTATION_CONTEXT() REPRESENTATION_CONTEXT('2D SPACE',''
  ) );
#2325 = ORIENTED_EDGE('',*,*,#2326,.F.);
#2326 = EDGE_CURVE('',#2327,#2297,#2329,.T.);
#2327 = VERTEX_POINT('',#2328);
#2328 = CARTESIAN_POINT('',(-17.54947182135,-13.54386547469,0.));
#2329 = SURFACE_CURVE('',#2330,(#2334,#2341),.PCURVE_S1.);
#2330 = B_SPLINE_CURVE_WITH_KNOTS('',2,(#2331,#2332,#2333),
  .UNSPECIFIED.,.F.,.F.,(3,3),(0.,1.),.PIECEWISE_BEZIER_KNOTS.);
#2331 = CARTESIAN_POINT('',(-17.54947182135,-13.54386547469,0.));
#2332 = CARTESIAN_POINT('',(-17.17678053854,-13.85389185154,0.));
#2333 = CARTESIAN_POINT('',(-17.04485442074,-14.4640501464,0.));
#2334 = PCURVE('',#286,#2335);
#2335 = DEFINITIONAL_REPRESENTATION('',(#2336),#2340);
#2336 = B_SPLINE_CURVE_WITH_KNOTS('',2,(#2337,#2338,#2339),
  .UNSPECIFIED.,.F.,.F.,(3,3),(0.,1.),.PIECEWISE_BEZIER_KNOTS.);
#2337 = CARTESIAN_POINT('',(20.250528178645,9.906134525301));
#2338 = CARTESIAN_POINT('',(20.623219461452,9.596108148453));
#2339 = CARTESIAN_POINT('',(20.755145579259,8.985949853593));
#2340 = ( GEOMETRIC_REPRESENTATION_CONTEXT(2) 
PARAMETRIC_REPRESENTATION_CONTEXT() REPRESENTATION_CONTEXT('2D SPACE',''
  ) );
#2341 = PCURVE('',#2342,#2349);
#2342 = SURFACE_OF_LINEAR_EXTRUSION('',#2343,#2347);
#2343 = B_SPLINE_CURVE_WITH_KNOTS('',2,(#2344,#2345,#2346),
  .UNSPECIFIED.,.F.,.F.,(3,3),(0.,1.),.PIECEWISE_BEZIER_KNOTS.);
#2344 = CARTESIAN_POINT('',(-17.54947182135,-13.54386547469,0.));
#2345 = CARTESIAN_POINT('',(-17.17678053854,-13.85389185154,0.));
#2346 = CARTESIAN_POINT('',(-17.04485442074,-14.4640501464,0.));
#2347 = VECTOR('',#2348,1.);
#2348 = DIRECTION('',(0.,0.,-1.));
#2349 = DEFINITIONAL_REPRESENTATION('',(#2350),#2354);
#2350 = LINE('',#2351,#2352);
#2351 = CARTESIAN_POINT('',(0.,0.));
#2352 = VECTOR('',#2353,1.);
#2353 = DIRECTION('',(1.,0.));
#2354 = ( GEOMETRIC_REPRESENTATION_CONTEXT(2) 
PARAMETRIC_REPRESENTATION_CONTEXT() REPRESENTATION_CONTEXT('2D SPACE',''
  ) );
#2355 = ORIENTED_EDGE('',*,*,#2356,.F.);
#2356 = EDGE_CURVE('',#2357,#2327,#2359,.T.);
#2357 = VERTEX_POINT('',#2358);
#2358 = CARTESIAN_POINT('',(-18.45976203422,-13.23383909785,0.));
#2359 = SURFACE_CURVE('',#2360,(#2364,#2371),.PCURVE_S1.);
#2360 = B_SPLINE_CURVE_WITH_KNOTS('',2,(#2361,#2362,#2363),
  .UNSPECIFIED.,.F.,.F.,(3,3),(0.,1.),.PIECEWISE_BEZIER_KNOTS.);
#2361 = CARTESIAN_POINT('',(-18.45976203422,-13.23383909785,0.));
#2362 = CARTESIAN_POINT('',(-17.92216310416,-13.23383909785,0.));
#2363 = CARTESIAN_POINT('',(-17.54947182135,-13.54386547469,0.));
#2364 = PCURVE('',#286,#2365);
#2365 = DEFINITIONAL_REPRESENTATION('',(#2366),#2370);
#2366 = B_SPLINE_CURVE_WITH_KNOTS('',2,(#2367,#2368,#2369),
  .UNSPECIFIED.,.F.,.F.,(3,3),(0.,1.),.PIECEWISE_BEZIER_KNOTS.);
#2367 = CARTESIAN_POINT('',(19.340237965773,10.216160902149));
#2368 = CARTESIAN_POINT('',(19.877836895839,10.216160902149));
#2369 = CARTESIAN_POINT('',(20.250528178645,9.906134525301));
#2370 = ( GEOMETRIC_REPRESENTATION_CONTEXT(2) 
PARAMETRIC_REPRESENTATION_CONTEXT() REPRESENTATION_CONTEXT('2D SPACE',''
  ) );
#2371 = PCURVE('',#2372,#2379);
#2372 = SURFACE_OF_LINEAR_EXTRUSION('',#2373,#2377);
#2373 = B_SPLINE_CURVE_WITH_KNOTS('',2,(#2374,#2375,#2376),
  .UNSPECIFIED.,.F.,.F.,(3,3),(0.,1.),.PIECEWISE_BEZIER_KNOTS.);
#2374 = CARTESIAN_POINT('',(-18.45976203422,-13.23383909785,0.));
#2375 = CARTESIAN_POINT('',(-17.92216310416,-13.23383909785,0.));
#2376 = CARTESIAN_POINT('',(-17.54947182135,-13.54386547469,0.));
#2377 = VECTOR('',#2378,1.);
#2378 = DIRECTION('',(0.,0.,-1.));
#2379 = DEFINITIONAL_REPRESENTATION('',(#2380),#2384);
#2380 = LINE('',#2381,#2382);
#2381 = CARTESIAN_POINT('',(0.,0.));
#2382 = VECTOR('',#2383,1.);
#2383 = DIRECTION('',(1.,0.));
#2384 = ( GEOMETRIC_REPRESENTATION_CONTEXT(2) 
PARAMETRIC_REPRESENTATION_CONTEXT() REPRESENTATION_CONTEXT('2D SPACE',''
  ) );
#2385 = ORIENTED_EDGE('',*,*,#2386,.F.);
#2386 = EDGE_CURVE('',#2387,#2357,#2389,.T.);
#2387 = VERTEX_POINT('',#2388);
#2388 = CARTESIAN_POINT('',(-19.28100211757,-13.46141165106,0.));
#2389 = SURFACE_CURVE('',#2390,(#2394,#2401),.PCURVE_S1.);
#2390 = B_SPLINE_CURVE_WITH_KNOTS('',2,(#2391,#2392,#2393),
  .UNSPECIFIED.,.F.,.F.,(3,3),(0.,1.),.PIECEWISE_BEZIER_KNOTS.);
#2391 = CARTESIAN_POINT('',(-19.28100211757,-13.46141165106,0.));
#2392 = CARTESIAN_POINT('',(-18.90171452888,-13.23383909785,0.));
#2393 = CARTESIAN_POINT('',(-18.45976203422,-13.23383909785,0.));
#2394 = PCURVE('',#286,#2395);
#2395 = DEFINITIONAL_REPRESENTATION('',(#2396),#2400);
#2396 = B_SPLINE_CURVE_WITH_KNOTS('',2,(#2397,#2398,#2399),
  .UNSPECIFIED.,.F.,.F.,(3,3),(0.,1.),.PIECEWISE_BEZIER_KNOTS.);
#2397 = CARTESIAN_POINT('',(18.518997882421,9.988588348931));
#2398 = CARTESIAN_POINT('',(18.898285471118,10.216160902149));
#2399 = CARTESIAN_POINT('',(19.340237965773,10.216160902149));
#2400 = ( GEOMETRIC_REPRESENTATION_CONTEXT(2) 
PARAMETRIC_REPRESENTATION_CONTEXT() REPRESENTATION_CONTEXT('2D SPACE',''
  ) );
#2401 = PCURVE('',#2402,#2409);
#2402 = SURFACE_OF_LINEAR_EXTRUSION('',#2403,#2407);
#2403 = B_SPLINE_CURVE_WITH_KNOTS('',2,(#2404,#2405,#2406),
  .UNSPECIFIED.,.F.,.F.,(3,3),(0.,1.),.PIECEWISE_BEZIER_KNOTS.);
#2404 = CARTESIAN_POINT('',(-19.28100211757,-13.46141165106,0.));
#2405 = CARTESIAN_POINT('',(-18.90171452888,-13.23383909785,0.));
#2406 = CARTESIAN_POINT('',(-18.45976203422,-13.23383909785,0.));
#2407 = VECTOR('',#2408,1.);
#2408 = DIRECTION('',(0.,0.,-1.));
#2409 = DEFINITIONAL_REPRESENTATION('',(#2410),#2414);
#2410 = LINE('',#2411,#2412);
#2411 = CARTESIAN_POINT('',(0.,0.));
#2412 = VECTOR('',#2413,1.);
#2413 = DIRECTION('',(1.,0.));
#2414 = ( GEOMETRIC_REPRESENTATION_CONTEXT(2) 
PARAMETRIC_REPRESENTATION_CONTEXT() REPRESENTATION_CONTEXT('2D SPACE',''
  ) );
#2415 = ORIENTED_EDGE('',*,*,#2416,.F.);
#2416 = EDGE_CURVE('',#2417,#2387,#2419,.T.);
#2417 = VERTEX_POINT('',#2418);
#2418 = CARTESIAN_POINT('',(-19.84003904178,-14.14907654014,0.));
#2419 = SURFACE_CURVE('',#2420,(#2424,#2431),.PCURVE_S1.);
#2420 = B_SPLINE_CURVE_WITH_KNOTS('',2,(#2421,#2422,#2423),
  .UNSPECIFIED.,.F.,.F.,(3,3),(0.,1.),.PIECEWISE_BEZIER_KNOTS.);
#2421 = CARTESIAN_POINT('',(-19.84003904178,-14.14907654014,0.));
#2422 = CARTESIAN_POINT('',(-19.66028970627,-13.68898420428,0.));
#2423 = CARTESIAN_POINT('',(-19.28100211757,-13.46141165106,0.));
#2424 = PCURVE('',#286,#2425);
#2425 = DEFINITIONAL_REPRESENTATION('',(#2426),#2430);
#2426 = B_SPLINE_CURVE_WITH_KNOTS('',2,(#2427,#2428,#2429),
  .UNSPECIFIED.,.F.,.F.,(3,3),(0.,1.),.PIECEWISE_BEZIER_KNOTS.);
#2427 = CARTESIAN_POINT('',(17.959960958211,9.300923459859));
#2428 = CARTESIAN_POINT('',(18.139710293724,9.761015795713));
#2429 = CARTESIAN_POINT('',(18.518997882421,9.988588348931));
#2430 = ( GEOMETRIC_REPRESENTATION_CONTEXT(2) 
PARAMETRIC_REPRESENTATION_CONTEXT() REPRESENTATION_CONTEXT('2D SPACE',''
  ) );
#2431 = PCURVE('',#2432,#2439);
#2432 = SURFACE_OF_LINEAR_EXTRUSION('',#2433,#2437);
#2433 = B_SPLINE_CURVE_WITH_KNOTS('',2,(#2434,#2435,#2436),
  .UNSPECIFIED.,.F.,.F.,(3,3),(0.,1.),.PIECEWISE_BEZIER_KNOTS.);
#2434 = CARTESIAN_POINT('',(-19.84003904178,-14.14907654014,0.));
#2435 = CARTESIAN_POINT('',(-19.66028970627,-13.68898420428,0.));
#2436 = CARTESIAN_POINT('',(-19.28100211757,-13.46141165106,0.));
#2437 = VECTOR('',#2438,1.);
#2438 = DIRECTION('',(0.,0.,-1.));
#2439 = DEFINITIONAL_REPRESENTATION('',(#2440),#2444);
#2440 = LINE('',#2441,#2442);
#2441 = CARTESIAN_POINT('',(0.,0.));
#2442 = VECTOR('',#2443,1.);
#2443 = DIRECTION('',(1.,0.));
#2444 = ( GEOMETRIC_REPRESENTATION_CONTEXT(2) 
PARAMETRIC_REPRESENTATION_CONTEXT() REPRESENTATION_CONTEXT('2D SPACE',''
  ) );
#2445 = ORIENTED_EDGE('',*,*,#2446,.F.);
#2446 = EDGE_CURVE('',#2447,#2417,#2449,.T.);
#2447 = VERTEX_POINT('',#2448);
#2448 = CARTESIAN_POINT('',(-20.0197883773,-15.22592347674,0.));
#2449 = SURFACE_CURVE('',#2450,(#2454,#2461),.PCURVE_S1.);
#2450 = B_SPLINE_CURVE_WITH_KNOTS('',2,(#2451,#2452,#2453),
  .UNSPECIFIED.,.F.,.F.,(3,3),(0.,1.),.PIECEWISE_BEZIER_KNOTS.);
#2451 = CARTESIAN_POINT('',(-20.0197883773,-15.22592347674,0.));
#2452 = CARTESIAN_POINT('',(-20.0197883773,-14.60916887599,0.));
#2453 = CARTESIAN_POINT('',(-19.84003904178,-14.14907654014,0.));
#2454 = PCURVE('',#286,#2455);
#2455 = DEFINITIONAL_REPRESENTATION('',(#2456),#2460);
#2456 = B_SPLINE_CURVE_WITH_KNOTS('',2,(#2457,#2458,#2459),
  .UNSPECIFIED.,.F.,.F.,(3,3),(0.,1.),.PIECEWISE_BEZIER_KNOTS.);
#2457 = CARTESIAN_POINT('',(17.780211622698,8.224076523255));
#2458 = CARTESIAN_POINT('',(17.780211622698,8.840831124005));
#2459 = CARTESIAN_POINT('',(17.959960958211,9.300923459859));
#2460 = ( GEOMETRIC_REPRESENTATION_CONTEXT(2) 
PARAMETRIC_REPRESENTATION_CONTEXT() REPRESENTATION_CONTEXT('2D SPACE',''
  ) );
#2461 = PCURVE('',#2462,#2469);
#2462 = SURFACE_OF_LINEAR_EXTRUSION('',#2463,#2467);
#2463 = B_SPLINE_CURVE_WITH_KNOTS('',2,(#2464,#2465,#2466),
  .UNSPECIFIED.,.F.,.F.,(3,3),(0.,1.),.PIECEWISE_BEZIER_KNOTS.);
#2464 = CARTESIAN_POINT('',(-20.0197883773,-15.22592347674,0.));
#2465 = CARTESIAN_POINT('',(-20.0197883773,-14.60916887599,0.));
#2466 = CARTESIAN_POINT('',(-19.84003904178,-14.14907654014,0.));
#2467 = VECTOR('',#2468,1.);
#2468 = DIRECTION('',(0.,0.,-1.));
#2469 = DEFINITIONAL_REPRESENTATION('',(#2470),#2474);
#2470 = LINE('',#2471,#2472);
#2471 = CARTESIAN_POINT('',(0.,0.));
#2472 = VECTOR('',#2473,1.);
#2473 = DIRECTION('',(1.,0.));
#2474 = ( GEOMETRIC_REPRESENTATION_CONTEXT(2) 
PARAMETRIC_REPRESENTATION_CONTEXT() REPRESENTATION_CONTEXT('2D SPACE',''
  ) );
#2475 = ORIENTED_EDGE('',*,*,#2476,.F.);
#2476 = EDGE_CURVE('',#2477,#2447,#2479,.T.);
#2477 = VERTEX_POINT('',#2478);
#2478 = CARTESIAN_POINT('',(-19.86807334182,-16.15435353081,0.));
#2479 = SURFACE_CURVE('',#2480,(#2484,#2491),.PCURVE_S1.);
#2480 = B_SPLINE_CURVE_WITH_KNOTS('',2,(#2481,#2482,#2483),
  .UNSPECIFIED.,.F.,.F.,(3,3),(0.,1.),.PIECEWISE_BEZIER_KNOTS.);
#2481 = CARTESIAN_POINT('',(-19.86807334182,-16.15435353081,0.));
#2482 = CARTESIAN_POINT('',(-20.0197883773,-15.70415565379,0.));
#2483 = CARTESIAN_POINT('',(-20.0197883773,-15.22592347674,0.));
#2484 = PCURVE('',#286,#2485);
#2485 = DEFINITIONAL_REPRESENTATION('',(#2486),#2490);
#2486 = B_SPLINE_CURVE_WITH_KNOTS('',2,(#2487,#2488,#2489),
  .UNSPECIFIED.,.F.,.F.,(3,3),(0.,1.),.PIECEWISE_BEZIER_KNOTS.);
#2487 = CARTESIAN_POINT('',(17.931926658177,7.295646469184));
#2488 = CARTESIAN_POINT('',(17.780211622698,7.745844346202));
#2489 = CARTESIAN_POINT('',(17.780211622698,8.224076523255));
#2490 = ( GEOMETRIC_REPRESENTATION_CONTEXT(2) 
PARAMETRIC_REPRESENTATION_CONTEXT() REPRESENTATION_CONTEXT('2D SPACE',''
  ) );
#2491 = PCURVE('',#2492,#2499);
#2492 = SURFACE_OF_LINEAR_EXTRUSION('',#2493,#2497);
#2493 = B_SPLINE_CURVE_WITH_KNOTS('',2,(#2494,#2495,#2496),
  .UNSPECIFIED.,.F.,.F.,(3,3),(0.,1.),.PIECEWISE_BEZIER_KNOTS.);
#2494 = CARTESIAN_POINT('',(-19.86807334182,-16.15435353081,0.));
#2495 = CARTESIAN_POINT('',(-20.0197883773,-15.70415565379,0.));
#2496 = CARTESIAN_POINT('',(-20.0197883773,-15.22592347674,0.));
#2497 = VECTOR('',#2498,1.);
#2498 = DIRECTION('',(0.,0.,-1.));
#2499 = DEFINITIONAL_REPRESENTATION('',(#2500),#2504);
#2500 = LINE('',#2501,#2502);
#2501 = CARTESIAN_POINT('',(0.,0.));
#2502 = VECTOR('',#2503,1.);
#2503 = DIRECTION('',(1.,0.));
#2504 = ( GEOMETRIC_REPRESENTATION_CONTEXT(2) 
PARAMETRIC_REPRESENTATION_CONTEXT() REPRESENTATION_CONTEXT('2D SPACE',''
  ) );
#2505 = ORIENTED_EDGE('',*,*,#2506,.F.);
#2506 = EDGE_CURVE('',#2507,#2477,#2509,.T.);
#2507 = VERTEX_POINT('',#2508);
#2508 = CARTESIAN_POINT('',(-19.34201794706,-16.87170179639,0.));
#2509 = SURFACE_CURVE('',#2510,(#2514,#2521),.PCURVE_S1.);
#2510 = B_SPLINE_CURVE_WITH_KNOTS('',2,(#2511,#2512,#2513),
  .UNSPECIFIED.,.F.,.F.,(3,3),(0.,1.),.PIECEWISE_BEZIER_KNOTS.);
#2511 = CARTESIAN_POINT('',(-19.34201794706,-16.87170179639,0.));
#2512 = CARTESIAN_POINT('',(-19.71635830634,-16.60455140783,0.));
#2513 = CARTESIAN_POINT('',(-19.86807334182,-16.15435353081,0.));
#2514 = PCURVE('',#286,#2515);
#2515 = DEFINITIONAL_REPRESENTATION('',(#2516),#2520);
#2516 = B_SPLINE_CURVE_WITH_KNOTS('',2,(#2517,#2518,#2519),
  .UNSPECIFIED.,.F.,.F.,(3,3),(0.,1.),.PIECEWISE_BEZIER_KNOTS.);
#2517 = CARTESIAN_POINT('',(18.457982052935,6.578298203605));
#2518 = CARTESIAN_POINT('',(18.083641693656,6.845448592165));
#2519 = CARTESIAN_POINT('',(17.931926658177,7.295646469184));
#2520 = ( GEOMETRIC_REPRESENTATION_CONTEXT(2) 
PARAMETRIC_REPRESENTATION_CONTEXT() REPRESENTATION_CONTEXT('2D SPACE',''
  ) );
#2521 = PCURVE('',#2522,#2529);
#2522 = SURFACE_OF_LINEAR_EXTRUSION('',#2523,#2527);
#2523 = B_SPLINE_CURVE_WITH_KNOTS('',2,(#2524,#2525,#2526),
  .UNSPECIFIED.,.F.,.F.,(3,3),(0.,1.),.PIECEWISE_BEZIER_KNOTS.);
#2524 = CARTESIAN_POINT('',(-19.34201794706,-16.87170179639,0.));
#2525 = CARTESIAN_POINT('',(-19.71635830634,-16.60455140783,0.));
#2526 = CARTESIAN_POINT('',(-19.86807334182,-16.15435353081,0.));
#2527 = VECTOR('',#2528,1.);
#2528 = DIRECTION('',(0.,0.,-1.));
#2529 = DEFINITIONAL_REPRESENTATION('',(#2530),#2534);
#2530 = LINE('',#2531,#2532);
#2531 = CARTESIAN_POINT('',(0.,0.));
#2532 = VECTOR('',#2533,1.);
#2533 = DIRECTION('',(1.,0.));
#2534 = ( GEOMETRIC_REPRESENTATION_CONTEXT(2) 
PARAMETRIC_REPRESENTATION_CONTEXT() REPRESENTATION_CONTEXT('2D SPACE',''
  ) );
#2535 = ORIENTED_EDGE('',*,*,#2536,.F.);
#2536 = EDGE_CURVE('',#2537,#2507,#2539,.T.);
#2537 = VERTEX_POINT('',#2538);
#2538 = CARTESIAN_POINT('',(-18.41028974004,-17.13885218495,0.));
#2539 = SURFACE_CURVE('',#2540,(#2544,#2551),.PCURVE_S1.);
#2540 = B_SPLINE_CURVE_WITH_KNOTS('',2,(#2541,#2542,#2543),
  .UNSPECIFIED.,.F.,.F.,(3,3),(0.,1.),.PIECEWISE_BEZIER_KNOTS.);
#2541 = CARTESIAN_POINT('',(-18.41028974004,-17.13885218495,0.));
#2542 = CARTESIAN_POINT('',(-18.96767758778,-17.13885218495,0.));
#2543 = CARTESIAN_POINT('',(-19.34201794706,-16.87170179639,0.));
#2544 = PCURVE('',#286,#2545);
#2545 = DEFINITIONAL_REPRESENTATION('',(#2546),#2550);
#2546 = B_SPLINE_CURVE_WITH_KNOTS('',2,(#2547,#2548,#2549),
  .UNSPECIFIED.,.F.,.F.,(3,3),(0.,1.),.PIECEWISE_BEZIER_KNOTS.);
#2547 = CARTESIAN_POINT('',(19.389710259951,6.311147815044));
#2548 = CARTESIAN_POINT('',(18.832322412214,6.311147815044));
#2549 = CARTESIAN_POINT('',(18.457982052935,6.578298203605));
#2550 = ( GEOMETRIC_REPRESENTATION_CONTEXT(2) 
PARAMETRIC_REPRESENTATION_CONTEXT() REPRESENTATION_CONTEXT('2D SPACE',''
  ) );
#2551 = PCURVE('',#2552,#2559);
#2552 = SURFACE_OF_LINEAR_EXTRUSION('',#2553,#2557);
#2553 = B_SPLINE_CURVE_WITH_KNOTS('',2,(#2554,#2555,#2556),
  .UNSPECIFIED.,.F.,.F.,(3,3),(0.,1.),.PIECEWISE_BEZIER_KNOTS.);
#2554 = CARTESIAN_POINT('',(-18.41028974004,-17.13885218495,0.));
#2555 = CARTESIAN_POINT('',(-18.96767758778,-17.13885218495,0.));
#2556 = CARTESIAN_POINT('',(-19.34201794706,-16.87170179639,0.));
#2557 = VECTOR('',#2558,1.);
#2558 = DIRECTION('',(0.,0.,-1.));
#2559 = DEFINITIONAL_REPRESENTATION('',(#2560),#2564);
#2560 = LINE('',#2561,#2562);
#2561 = CARTESIAN_POINT('',(0.,0.));
#2562 = VECTOR('',#2563,1.);
#2563 = DIRECTION('',(1.,0.));
#2564 = ( GEOMETRIC_REPRESENTATION_CONTEXT(2) 
PARAMETRIC_REPRESENTATION_CONTEXT() REPRESENTATION_CONTEXT('2D SPACE',''
  ) );
#2565 = ORIENTED_EDGE('',*,*,#2566,.F.);
#2566 = EDGE_CURVE('',#2567,#2537,#2569,.T.);
#2567 = VERTEX_POINT('',#2568);
#2568 = CARTESIAN_POINT('',(-17.60554042142,-16.89808701995,0.));
#2569 = SURFACE_CURVE('',#2570,(#2574,#2581),.PCURVE_S1.);
#2570 = B_SPLINE_CURVE_WITH_KNOTS('',2,(#2571,#2572,#2573),
  .UNSPECIFIED.,.F.,.F.,(3,3),(0.,1.),.PIECEWISE_BEZIER_KNOTS.);
#2571 = CARTESIAN_POINT('',(-17.60554042142,-16.89808701995,0.));
#2572 = CARTESIAN_POINT('',(-17.9254612571,-17.13885218495,0.));
#2573 = CARTESIAN_POINT('',(-18.41028974004,-17.13885218495,0.));
#2574 = PCURVE('',#286,#2575);
#2575 = DEFINITIONAL_REPRESENTATION('',(#2576),#2580);
#2576 = B_SPLINE_CURVE_WITH_KNOTS('',2,(#2577,#2578,#2579),
  .UNSPECIFIED.,.F.,.F.,(3,3),(0.,1.),.PIECEWISE_BEZIER_KNOTS.);
#2577 = CARTESIAN_POINT('',(20.194459578577,6.551912980043));
#2578 = CARTESIAN_POINT('',(19.874538742894,6.311147815044));
#2579 = CARTESIAN_POINT('',(19.389710259951,6.311147815044));
#2580 = ( GEOMETRIC_REPRESENTATION_CONTEXT(2) 
PARAMETRIC_REPRESENTATION_CONTEXT() REPRESENTATION_CONTEXT('2D SPACE',''
  ) );
#2581 = PCURVE('',#2582,#2589);
#2582 = SURFACE_OF_LINEAR_EXTRUSION('',#2583,#2587);
#2583 = B_SPLINE_CURVE_WITH_KNOTS('',2,(#2584,#2585,#2586),
  .UNSPECIFIED.,.F.,.F.,(3,3),(0.,1.),.PIECEWISE_BEZIER_KNOTS.);
#2584 = CARTESIAN_POINT('',(-17.60554042142,-16.89808701995,0.));
#2585 = CARTESIAN_POINT('',(-17.9254612571,-17.13885218495,0.));
#2586 = CARTESIAN_POINT('',(-18.41028974004,-17.13885218495,0.));
#2587 = VECTOR('',#2588,1.);
#2588 = DIRECTION('',(0.,0.,-1.));
#2589 = DEFINITIONAL_REPRESENTATION('',(#2590),#2594);
#2590 = LINE('',#2591,#2592);
#2591 = CARTESIAN_POINT('',(0.,0.));
#2592 = VECTOR('',#2593,1.);
#2593 = DIRECTION('',(1.,0.));
#2594 = ( GEOMETRIC_REPRESENTATION_CONTEXT(2) 
PARAMETRIC_REPRESENTATION_CONTEXT() REPRESENTATION_CONTEXT('2D SPACE',''
  ) );
#2595 = ORIENTED_EDGE('',*,*,#2596,.F.);
#2596 = EDGE_CURVE('',#2597,#2567,#2599,.T.);
#2597 = VERTEX_POINT('',#2598);
#2598 = CARTESIAN_POINT('',(-17.11741378553,-16.12961738372,0.));
#2599 = SURFACE_CURVE('',#2600,(#2604,#2611),.PCURVE_S1.);
#2600 = B_SPLINE_CURVE_WITH_KNOTS('',2,(#2601,#2602,#2603),
  .UNSPECIFIED.,.F.,.F.,(3,3),(0.,1.),.PIECEWISE_BEZIER_KNOTS.);
#2601 = CARTESIAN_POINT('',(-17.11741378553,-16.12961738372,0.));
#2602 = CARTESIAN_POINT('',(-17.28561958573,-16.65732185495,0.));
#2603 = CARTESIAN_POINT('',(-17.60554042142,-16.89808701995,0.));
#2604 = PCURVE('',#286,#2605);
#2605 = DEFINITIONAL_REPRESENTATION('',(#2606),#2610);
#2606 = B_SPLINE_CURVE_WITH_KNOTS('',2,(#2607,#2608,#2609),
  .UNSPECIFIED.,.F.,.F.,(3,3),(0.,1.),.PIECEWISE_BEZIER_KNOTS.);
#2607 = CARTESIAN_POINT('',(20.682586214465,7.320382616273));
#2608 = CARTESIAN_POINT('',(20.514380414261,6.792678145042));
#2609 = CARTESIAN_POINT('',(20.194459578577,6.551912980043));
#2610 = ( GEOMETRIC_REPRESENTATION_CONTEXT(2) 
PARAMETRIC_REPRESENTATION_CONTEXT() REPRESENTATION_CONTEXT('2D SPACE',''
  ) );
#2611 = PCURVE('',#2612,#2619);
#2612 = SURFACE_OF_LINEAR_EXTRUSION('',#2613,#2617);
#2613 = B_SPLINE_CURVE_WITH_KNOTS('',2,(#2614,#2615,#2616),
  .UNSPECIFIED.,.F.,.F.,(3,3),(0.,1.),.PIECEWISE_BEZIER_KNOTS.);
#2614 = CARTESIAN_POINT('',(-17.11741378553,-16.12961738372,0.));
#2615 = CARTESIAN_POINT('',(-17.28561958573,-16.65732185495,0.));
#2616 = CARTESIAN_POINT('',(-17.60554042142,-16.89808701995,0.));
#2617 = VECTOR('',#2618,1.);
#2618 = DIRECTION('',(0.,0.,-1.));
#2619 = DEFINITIONAL_REPRESENTATION('',(#2620),#2624);
#2620 = LINE('',#2621,#2622);
#2621 = CARTESIAN_POINT('',(0.,0.));
#2622 = VECTOR('',#2623,1.);
#2623 = DIRECTION('',(1.,0.));
#2624 = ( GEOMETRIC_REPRESENTATION_CONTEXT(2) 
PARAMETRIC_REPRESENTATION_CONTEXT() REPRESENTATION_CONTEXT('2D SPACE',''
  ) );
#2625 = ORIENTED_EDGE('',*,*,#2626,.F.);
#2626 = EDGE_CURVE('',#2627,#2597,#2629,.T.);
#2627 = VERTEX_POINT('',#2628);
#2628 = CARTESIAN_POINT('',(-16.487466573,-16.27803426626,0.));
#2629 = SURFACE_CURVE('',#2630,(#2634,#2641),.PCURVE_S1.);
#2630 = LINE('',#2631,#2632);
#2631 = CARTESIAN_POINT('',(-16.487466573,-16.27803426626,0.));
#2632 = VECTOR('',#2633,1.);
#2633 = DIRECTION('',(-0.973350293123,0.22932336749,0.));
#2634 = PCURVE('',#286,#2635);
#2635 = DEFINITIONAL_REPRESENTATION('',(#2636),#2640);
#2636 = LINE('',#2637,#2638);
#2637 = CARTESIAN_POINT('',(21.312533426996,7.171965733739));
#2638 = VECTOR('',#2639,1.);
#2639 = DIRECTION('',(-0.973350293123,0.22932336749));
#2640 = ( GEOMETRIC_REPRESENTATION_CONTEXT(2) 
PARAMETRIC_REPRESENTATION_CONTEXT() REPRESENTATION_CONTEXT('2D SPACE',''
  ) );
#2641 = PCURVE('',#2642,#2647);
#2642 = PLANE('',#2643);
#2643 = AXIS2_PLACEMENT_3D('',#2644,#2645,#2646);
#2644 = CARTESIAN_POINT('',(-16.487466573,-16.27803426626,0.));
#2645 = DIRECTION('',(-0.22932336749,-0.973350293123,-0.));
#2646 = DIRECTION('',(-0.973350293123,0.22932336749,0.));
#2647 = DEFINITIONAL_REPRESENTATION('',(#2648),#2652);
#2648 = LINE('',#2649,#2650);
#2649 = CARTESIAN_POINT('',(0.,0.));
#2650 = VECTOR('',#2651,1.);
#2651 = DIRECTION('',(1.,0.));
#2652 = ( GEOMETRIC_REPRESENTATION_CONTEXT(2) 
PARAMETRIC_REPRESENTATION_CONTEXT() REPRESENTATION_CONTEXT('2D SPACE',''
  ) );
#2653 = ORIENTED_EDGE('',*,*,#2654,.F.);
#2654 = EDGE_CURVE('',#2655,#2627,#2657,.T.);
#2655 = VERTEX_POINT('',#2656);
#2656 = CARTESIAN_POINT('',(-17.17678053854,-17.31695244399,0.));
#2657 = SURFACE_CURVE('',#2658,(#2662,#2669),.PCURVE_S1.);
#2658 = B_SPLINE_CURVE_WITH_KNOTS('',2,(#2659,#2660,#2661),
  .UNSPECIFIED.,.F.,.F.,(3,3),(0.,1.),.PIECEWISE_BEZIER_KNOTS.);
#2659 = CARTESIAN_POINT('',(-17.17678053854,-17.31695244399,0.));
#2660 = CARTESIAN_POINT('',(-16.68205759677,-16.94755931413,0.));
#2661 = CARTESIAN_POINT('',(-16.487466573,-16.27803426626,0.));
#2662 = PCURVE('',#286,#2663);
#2663 = DEFINITIONAL_REPRESENTATION('',(#2664),#2668);
#2664 = B_SPLINE_CURVE_WITH_KNOTS('',2,(#2665,#2666,#2667),
  .UNSPECIFIED.,.F.,.F.,(3,3),(0.,1.),.PIECEWISE_BEZIER_KNOTS.);
#2665 = CARTESIAN_POINT('',(20.623219461452,6.133047556004));
#2666 = CARTESIAN_POINT('',(21.11794240323,6.502440685865));
#2667 = CARTESIAN_POINT('',(21.312533426996,7.171965733739));
#2668 = ( GEOMETRIC_REPRESENTATION_CONTEXT(2) 
PARAMETRIC_REPRESENTATION_CONTEXT() REPRESENTATION_CONTEXT('2D SPACE',''
  ) );
#2669 = PCURVE('',#2670,#2677);
#2670 = SURFACE_OF_LINEAR_EXTRUSION('',#2671,#2675);
#2671 = B_SPLINE_CURVE_WITH_KNOTS('',2,(#2672,#2673,#2674),
  .UNSPECIFIED.,.F.,.F.,(3,3),(0.,1.),.PIECEWISE_BEZIER_KNOTS.);
#2672 = CARTESIAN_POINT('',(-17.17678053854,-17.31695244399,0.));
#2673 = CARTESIAN_POINT('',(-16.68205759677,-16.94755931413,0.));
#2674 = CARTESIAN_POINT('',(-16.487466573,-16.27803426626,0.));
#2675 = VECTOR('',#2676,1.);
#2676 = DIRECTION('',(0.,0.,-1.));
#2677 = DEFINITIONAL_REPRESENTATION('',(#2678),#2682);
#2678 = LINE('',#2679,#2680);
#2679 = CARTESIAN_POINT('',(0.,0.));
#2680 = VECTOR('',#2681,1.);
#2681 = DIRECTION('',(1.,0.));
#2682 = ( GEOMETRIC_REPRESENTATION_CONTEXT(2) 
PARAMETRIC_REPRESENTATION_CONTEXT() REPRESENTATION_CONTEXT('2D SPACE',''
  ) );
#2683 = ORIENTED_EDGE('',*,*,#2684,.F.);
#2684 = EDGE_CURVE('',#2685,#2655,#2687,.T.);
#2685 = VERTEX_POINT('',#2686);
#2686 = CARTESIAN_POINT('',(-18.39709712826,-17.68634557385,0.));
#2687 = SURFACE_CURVE('',#2688,(#2692,#2699),.PCURVE_S1.);
#2688 = B_SPLINE_CURVE_WITH_KNOTS('',2,(#2689,#2690,#2691),
  .UNSPECIFIED.,.F.,.F.,(3,3),(0.,1.),.PIECEWISE_BEZIER_KNOTS.);
#2689 = CARTESIAN_POINT('',(-18.39709712826,-17.68634557385,0.));
#2690 = CARTESIAN_POINT('',(-17.67150348032,-17.68634557385,0.));
#2691 = CARTESIAN_POINT('',(-17.17678053854,-17.31695244399,0.));
#2692 = PCURVE('',#286,#2693);
#2693 = DEFINITIONAL_REPRESENTATION('',(#2694),#2698);
#2694 = B_SPLINE_CURVE_WITH_KNOTS('',2,(#2695,#2696,#2697),
  .UNSPECIFIED.,.F.,.F.,(3,3),(0.,1.),.PIECEWISE_BEZIER_KNOTS.);
#2695 = CARTESIAN_POINT('',(19.402902871732,5.763654426143));
#2696 = CARTESIAN_POINT('',(20.128496519673,5.763654426143));
#2697 = CARTESIAN_POINT('',(20.623219461452,6.133047556004));
#2698 = ( GEOMETRIC_REPRESENTATION_CONTEXT(2) 
PARAMETRIC_REPRESENTATION_CONTEXT() REPRESENTATION_CONTEXT('2D SPACE',''
  ) );
#2699 = PCURVE('',#2700,#2707);
#2700 = SURFACE_OF_LINEAR_EXTRUSION('',#2701,#2705);
#2701 = B_SPLINE_CURVE_WITH_KNOTS('',2,(#2702,#2703,#2704),
  .UNSPECIFIED.,.F.,.F.,(3,3),(0.,1.),.PIECEWISE_BEZIER_KNOTS.);
#2702 = CARTESIAN_POINT('',(-18.39709712826,-17.68634557385,0.));
#2703 = CARTESIAN_POINT('',(-17.67150348032,-17.68634557385,0.));
#2704 = CARTESIAN_POINT('',(-17.17678053854,-17.31695244399,0.));
#2705 = VECTOR('',#2706,1.);
#2706 = DIRECTION('',(0.,0.,-1.));
#2707 = DEFINITIONAL_REPRESENTATION('',(#2708),#2712);
#2708 = LINE('',#2709,#2710);
#2709 = CARTESIAN_POINT('',(0.,0.));
#2710 = VECTOR('',#2711,1.);
#2711 = DIRECTION('',(1.,0.));
#2712 = ( GEOMETRIC_REPRESENTATION_CONTEXT(2) 
PARAMETRIC_REPRESENTATION_CONTEXT() REPRESENTATION_CONTEXT('2D SPACE',''
  ) );
#2713 = ORIENTED_EDGE('',*,*,#2714,.F.);
#2714 = EDGE_CURVE('',#2715,#2685,#2717,.T.);
#2715 = VERTEX_POINT('',#2716);
#2716 = CARTESIAN_POINT('',(-19.56959050028,-17.3944590382,0.));
#2717 = SURFACE_CURVE('',#2718,(#2722,#2729),.PCURVE_S1.);
#2718 = B_SPLINE_CURVE_WITH_KNOTS('',2,(#2719,#2720,#2721),
  .UNSPECIFIED.,.F.,.F.,(3,3),(0.,1.),.PIECEWISE_BEZIER_KNOTS.);
#2719 = CARTESIAN_POINT('',(-19.56959050028,-17.3944590382,0.));
#2720 = CARTESIAN_POINT('',(-19.03693879963,-17.68634557385,0.));
#2721 = CARTESIAN_POINT('',(-18.39709712826,-17.68634557385,0.));
#2722 = PCURVE('',#286,#2723);
#2723 = DEFINITIONAL_REPRESENTATION('',(#2724),#2728);
#2724 = B_SPLINE_CURVE_WITH_KNOTS('',2,(#2725,#2726,#2727),
  .UNSPECIFIED.,.F.,.F.,(3,3),(0.,1.),.PIECEWISE_BEZIER_KNOTS.);
#2725 = CARTESIAN_POINT('',(18.230409499717,6.055540961792));
#2726 = CARTESIAN_POINT('',(18.763061200365,5.763654426143));
#2727 = CARTESIAN_POINT('',(19.402902871732,5.763654426143));
#2728 = ( GEOMETRIC_REPRESENTATION_CONTEXT(2) 
PARAMETRIC_REPRESENTATION_CONTEXT() REPRESENTATION_CONTEXT('2D SPACE',''
  ) );
#2729 = PCURVE('',#2730,#2737);
#2730 = SURFACE_OF_LINEAR_EXTRUSION('',#2731,#2735);
#2731 = B_SPLINE_CURVE_WITH_KNOTS('',2,(#2732,#2733,#2734),
  .UNSPECIFIED.,.F.,.F.,(3,3),(0.,1.),.PIECEWISE_BEZIER_KNOTS.);
#2732 = CARTESIAN_POINT('',(-19.56959050028,-17.3944590382,0.));
#2733 = CARTESIAN_POINT('',(-19.03693879963,-17.68634557385,0.));
#2734 = CARTESIAN_POINT('',(-18.39709712826,-17.68634557385,0.));
#2735 = VECTOR('',#2736,1.);
#2736 = DIRECTION('',(0.,0.,-1.));
#2737 = DEFINITIONAL_REPRESENTATION('',(#2738),#2742);
#2738 = LINE('',#2739,#2740);
#2739 = CARTESIAN_POINT('',(0.,0.));
#2740 = VECTOR('',#2741,1.);
#2741 = DIRECTION('',(1.,0.));
#2742 = ( GEOMETRIC_REPRESENTATION_CONTEXT(2) 
PARAMETRIC_REPRESENTATION_CONTEXT() REPRESENTATION_CONTEXT('2D SPACE',''
  ) );
#2743 = ORIENTED_EDGE('',*,*,#2744,.F.);
#2744 = EDGE_CURVE('',#2745,#2715,#2747,.T.);
#2745 = VERTEX_POINT('',#2746);
#2746 = CARTESIAN_POINT('',(-20.39083058363,-16.5402374254,0.));
#2747 = SURFACE_CURVE('',#2748,(#2752,#2759),.PCURVE_S1.);
#2748 = B_SPLINE_CURVE_WITH_KNOTS('',2,(#2749,#2750,#2751),
  .UNSPECIFIED.,.F.,.F.,(3,3),(0.,1.),.PIECEWISE_BEZIER_KNOTS.);
#2749 = CARTESIAN_POINT('',(-20.39083058363,-16.5402374254,0.));
#2750 = CARTESIAN_POINT('',(-20.10224220093,-17.10257250255,0.));
#2751 = CARTESIAN_POINT('',(-19.56959050028,-17.3944590382,0.));
#2752 = PCURVE('',#286,#2753);
#2753 = DEFINITIONAL_REPRESENTATION('',(#2754),#2758);
#2754 = B_SPLINE_CURVE_WITH_KNOTS('',2,(#2755,#2756,#2757),
  .UNSPECIFIED.,.F.,.F.,(3,3),(0.,1.),.PIECEWISE_BEZIER_KNOTS.);
#2755 = CARTESIAN_POINT('',(17.409169416364,6.909762574596));
#2756 = CARTESIAN_POINT('',(17.697757799068,6.347427497442));
#2757 = CARTESIAN_POINT('',(18.230409499717,6.055540961792));
#2758 = ( GEOMETRIC_REPRESENTATION_CONTEXT(2) 
PARAMETRIC_REPRESENTATION_CONTEXT() REPRESENTATION_CONTEXT('2D SPACE',''
  ) );
#2759 = PCURVE('',#2760,#2767);
#2760 = SURFACE_OF_LINEAR_EXTRUSION('',#2761,#2765);
#2761 = B_SPLINE_CURVE_WITH_KNOTS('',2,(#2762,#2763,#2764),
  .UNSPECIFIED.,.F.,.F.,(3,3),(0.,1.),.PIECEWISE_BEZIER_KNOTS.);
#2762 = CARTESIAN_POINT('',(-20.39083058363,-16.5402374254,0.));
#2763 = CARTESIAN_POINT('',(-20.10224220093,-17.10257250255,0.));
#2764 = CARTESIAN_POINT('',(-19.56959050028,-17.3944590382,0.));
#2765 = VECTOR('',#2766,1.);
#2766 = DIRECTION('',(0.,0.,-1.));
#2767 = DEFINITIONAL_REPRESENTATION('',(#2768),#2772);
#2768 = LINE('',#2769,#2770);
#2769 = CARTESIAN_POINT('',(0.,0.));
#2770 = VECTOR('',#2771,1.);
#2771 = DIRECTION('',(1.,0.));
#2772 = ( GEOMETRIC_REPRESENTATION_CONTEXT(2) 
PARAMETRIC_REPRESENTATION_CONTEXT() REPRESENTATION_CONTEXT('2D SPACE',''
  ) );
#2773 = ORIENTED_EDGE('',*,*,#2774,.F.);
#2774 = EDGE_CURVE('',#2775,#2745,#2777,.T.);
#2775 = VERTEX_POINT('',#2776);
#2776 = CARTESIAN_POINT('',(-20.67941896634,-15.2226253238,0.));
#2777 = SURFACE_CURVE('',#2778,(#2782,#2789),.PCURVE_S1.);
#2778 = B_SPLINE_CURVE_WITH_KNOTS('',2,(#2779,#2780,#2781),
  .UNSPECIFIED.,.F.,.F.,(3,3),(0.,1.),.PIECEWISE_BEZIER_KNOTS.);
#2779 = CARTESIAN_POINT('',(-20.67941896634,-15.2226253238,0.));
#2780 = CARTESIAN_POINT('',(-20.67941896634,-15.97790234824,0.));
#2781 = CARTESIAN_POINT('',(-20.39083058363,-16.5402374254,0.));
#2782 = PCURVE('',#286,#2783);
#2783 = DEFINITIONAL_REPRESENTATION('',(#2784),#2788);
#2784 = B_SPLINE_CURVE_WITH_KNOTS('',2,(#2785,#2786,#2787),
  .UNSPECIFIED.,.F.,.F.,(3,3),(0.,1.),.PIECEWISE_BEZIER_KNOTS.);
#2785 = CARTESIAN_POINT('',(17.12058103366,8.2273746762));
#2786 = CARTESIAN_POINT('',(17.12058103366,7.472097651751));
#2787 = CARTESIAN_POINT('',(17.409169416364,6.909762574596));
#2788 = ( GEOMETRIC_REPRESENTATION_CONTEXT(2) 
PARAMETRIC_REPRESENTATION_CONTEXT() REPRESENTATION_CONTEXT('2D SPACE',''
  ) );
#2789 = PCURVE('',#2790,#2797);
#2790 = SURFACE_OF_LINEAR_EXTRUSION('',#2791,#2795);
#2791 = B_SPLINE_CURVE_WITH_KNOTS('',2,(#2792,#2793,#2794),
  .UNSPECIFIED.,.F.,.F.,(3,3),(0.,1.),.PIECEWISE_BEZIER_KNOTS.);
#2792 = CARTESIAN_POINT('',(-20.67941896634,-15.2226253238,0.));
#2793 = CARTESIAN_POINT('',(-20.67941896634,-15.97790234824,0.));
#2794 = CARTESIAN_POINT('',(-20.39083058363,-16.5402374254,0.));
#2795 = VECTOR('',#2796,1.);
#2796 = DIRECTION('',(0.,0.,-1.));
#2797 = DEFINITIONAL_REPRESENTATION('',(#2798),#2802);
#2798 = LINE('',#2799,#2800);
#2799 = CARTESIAN_POINT('',(0.,0.));
#2800 = VECTOR('',#2801,1.);
#2801 = DIRECTION('',(1.,0.));
#2802 = ( GEOMETRIC_REPRESENTATION_CONTEXT(2) 
PARAMETRIC_REPRESENTATION_CONTEXT() REPRESENTATION_CONTEXT('2D SPACE',''
  ) );
#2803 = ORIENTED_EDGE('',*,*,#2804,.F.);
#2804 = EDGE_CURVE('',#2805,#2775,#2807,.T.);
#2805 = VERTEX_POINT('',#2806);
#2806 = CARTESIAN_POINT('',(-20.42381211308,-13.92645121634,0.));
#2807 = SURFACE_CURVE('',#2808,(#2812,#2819),.PCURVE_S1.);
#2808 = B_SPLINE_CURVE_WITH_KNOTS('',2,(#2809,#2810,#2811),
  .UNSPECIFIED.,.F.,.F.,(3,3),(0.,1.),.PIECEWISE_BEZIER_KNOTS.);
#2809 = CARTESIAN_POINT('',(-20.42381211308,-13.92645121634,0.));
#2810 = CARTESIAN_POINT('',(-20.67941896634,-14.53001320531,0.));
#2811 = CARTESIAN_POINT('',(-20.67941896634,-15.2226253238,0.));
#2812 = PCURVE('',#286,#2813);
#2813 = DEFINITIONAL_REPRESENTATION('',(#2814),#2818);
#2814 = B_SPLINE_CURVE_WITH_KNOTS('',2,(#2815,#2816,#2817),
  .UNSPECIFIED.,.F.,.F.,(3,3),(0.,1.),.PIECEWISE_BEZIER_KNOTS.);
#2815 = CARTESIAN_POINT('',(17.376187886912,9.523548783659));
#2816 = CARTESIAN_POINT('',(17.12058103366,8.91998679469));
#2817 = CARTESIAN_POINT('',(17.12058103366,8.2273746762));
#2818 = ( GEOMETRIC_REPRESENTATION_CONTEXT(2) 
PARAMETRIC_REPRESENTATION_CONTEXT() REPRESENTATION_CONTEXT('2D SPACE',''
  ) );
#2819 = PCURVE('',#2820,#2827);
#2820 = SURFACE_OF_LINEAR_EXTRUSION('',#2821,#2825);
#2821 = B_SPLINE_CURVE_WITH_KNOTS('',2,(#2822,#2823,#2824),
  .UNSPECIFIED.,.F.,.F.,(3,3),(0.,1.),.PIECEWISE_BEZIER_KNOTS.);
#2822 = CARTESIAN_POINT('',(-20.42381211308,-13.92645121634,0.));
#2823 = CARTESIAN_POINT('',(-20.67941896634,-14.53001320531,0.));
#2824 = CARTESIAN_POINT('',(-20.67941896634,-15.2226253238,0.));
#2825 = VECTOR('',#2826,1.);
#2826 = DIRECTION('',(0.,0.,-1.));
#2827 = DEFINITIONAL_REPRESENTATION('',(#2828),#2832);
#2828 = LINE('',#2829,#2830);
#2829 = CARTESIAN_POINT('',(0.,0.));
#2830 = VECTOR('',#2831,1.);
#2831 = DIRECTION('',(1.,0.));
#2832 = ( GEOMETRIC_REPRESENTATION_CONTEXT(2) 
PARAMETRIC_REPRESENTATION_CONTEXT() REPRESENTATION_CONTEXT('2D SPACE',''
  ) );
#2833 = ORIENTED_EDGE('',*,*,#2834,.F.);
#2834 = EDGE_CURVE('',#2835,#2805,#2837,.T.);
#2835 = VERTEX_POINT('',#2836);
#2836 = CARTESIAN_POINT('',(-19.67842954747,-13.00461746816,0.));
#2837 = SURFACE_CURVE('',#2838,(#2842,#2849),.PCURVE_S1.);
#2838 = B_SPLINE_CURVE_WITH_KNOTS('',2,(#2839,#2840,#2841),
  .UNSPECIFIED.,.F.,.F.,(3,3),(0.,1.),.PIECEWISE_BEZIER_KNOTS.);
#2839 = CARTESIAN_POINT('',(-19.67842954747,-13.00461746816,0.));
#2840 = CARTESIAN_POINT('',(-20.16820525983,-13.32288922737,0.));
#2841 = CARTESIAN_POINT('',(-20.42381211308,-13.92645121634,0.));
#2842 = PCURVE('',#286,#2843);
#2843 = DEFINITIONAL_REPRESENTATION('',(#2844),#2848);
#2844 = B_SPLINE_CURVE_WITH_KNOTS('',2,(#2845,#2846,#2847),
  .UNSPECIFIED.,.F.,.F.,(3,3),(0.,1.),.PIECEWISE_BEZIER_KNOTS.);
#2845 = CARTESIAN_POINT('',(18.121570452525,10.44538253184));
#2846 = CARTESIAN_POINT('',(17.631794740165,10.127110772629));
#2847 = CARTESIAN_POINT('',(17.376187886912,9.523548783659));
#2848 = ( GEOMETRIC_REPRESENTATION_CONTEXT(2) 
PARAMETRIC_REPRESENTATION_CONTEXT() REPRESENTATION_CONTEXT('2D SPACE',''
  ) );
#2849 = PCURVE('',#2850,#2857);
#2850 = SURFACE_OF_LINEAR_EXTRUSION('',#2851,#2855);
#2851 = B_SPLINE_CURVE_WITH_KNOTS('',2,(#2852,#2853,#2854),
  .UNSPECIFIED.,.F.,.F.,(3,3),(0.,1.),.PIECEWISE_BEZIER_KNOTS.);
#2852 = CARTESIAN_POINT('',(-19.67842954747,-13.00461746816,0.));
#2853 = CARTESIAN_POINT('',(-20.16820525983,-13.32288922737,0.));
#2854 = CARTESIAN_POINT('',(-20.42381211308,-13.92645121634,0.));
#2855 = VECTOR('',#2856,1.);
#2856 = DIRECTION('',(0.,0.,-1.));
#2857 = DEFINITIONAL_REPRESENTATION('',(#2858),#2862);
#2858 = LINE('',#2859,#2860);
#2859 = CARTESIAN_POINT('',(0.,0.));
#2860 = VECTOR('',#2861,1.);
#2861 = DIRECTION('',(1.,0.));
#2862 = ( GEOMETRIC_REPRESENTATION_CONTEXT(2) 
PARAMETRIC_REPRESENTATION_CONTEXT() REPRESENTATION_CONTEXT('2D SPACE',''
  ) );
#2863 = ORIENTED_EDGE('',*,*,#2864,.F.);
#2864 = EDGE_CURVE('',#2865,#2835,#2867,.T.);
#2865 = VERTEX_POINT('',#2866);
#2866 = CARTESIAN_POINT('',(-18.4069915871,-12.68634570894,0.));
#2867 = SURFACE_CURVE('',#2868,(#2872,#2879),.PCURVE_S1.);
#2868 = B_SPLINE_CURVE_WITH_KNOTS('',2,(#2869,#2870,#2871),
  .UNSPECIFIED.,.F.,.F.,(3,3),(0.,1.),.PIECEWISE_BEZIER_KNOTS.);
#2869 = CARTESIAN_POINT('',(-18.4069915871,-12.68634570894,0.));
#2870 = CARTESIAN_POINT('',(-19.18865383511,-12.68634570894,0.));
#2871 = CARTESIAN_POINT('',(-19.67842954747,-13.00461746816,0.));
#2872 = PCURVE('',#286,#2873);
#2873 = DEFINITIONAL_REPRESENTATION('',(#2874),#2878);
#2874 = B_SPLINE_CURVE_WITH_KNOTS('',2,(#2875,#2876,#2877),
  .UNSPECIFIED.,.F.,.F.,(3,3),(0.,1.),.PIECEWISE_BEZIER_KNOTS.);
#2875 = CARTESIAN_POINT('',(19.393008412896,10.763654291051));
#2876 = CARTESIAN_POINT('',(18.611346164886,10.763654291051));
#2877 = CARTESIAN_POINT('',(18.121570452525,10.44538253184));
#2878 = ( GEOMETRIC_REPRESENTATION_CONTEXT(2) 
PARAMETRIC_REPRESENTATION_CONTEXT() REPRESENTATION_CONTEXT('2D SPACE',''
  ) );
#2879 = PCURVE('',#2880,#2887);
#2880 = SURFACE_OF_LINEAR_EXTRUSION('',#2881,#2885);
#2881 = B_SPLINE_CURVE_WITH_KNOTS('',2,(#2882,#2883,#2884),
  .UNSPECIFIED.,.F.,.F.,(3,3),(0.,1.),.PIECEWISE_BEZIER_KNOTS.);
#2882 = CARTESIAN_POINT('',(-18.4069915871,-12.68634570894,0.));
#2883 = CARTESIAN_POINT('',(-19.18865383511,-12.68634570894,0.));
#2884 = CARTESIAN_POINT('',(-19.67842954747,-13.00461746816,0.));
#2885 = VECTOR('',#2886,1.);
#2886 = DIRECTION('',(0.,0.,-1.));
#2887 = DEFINITIONAL_REPRESENTATION('',(#2888),#2892);
#2888 = LINE('',#2889,#2890);
#2889 = CARTESIAN_POINT('',(0.,0.));
#2890 = VECTOR('',#2891,1.);
#2891 = DIRECTION('',(1.,0.));
#2892 = ( GEOMETRIC_REPRESENTATION_CONTEXT(2) 
PARAMETRIC_REPRESENTATION_CONTEXT() REPRESENTATION_CONTEXT('2D SPACE',''
  ) );
#2893 = ORIENTED_EDGE('',*,*,#2894,.F.);
#2894 = EDGE_CURVE('',#2895,#2865,#2897,.T.);
#2895 = VERTEX_POINT('',#2896);
#2896 = CARTESIAN_POINT('',(-17.12895732084,-13.10026390357,0.));
#2897 = SURFACE_CURVE('',#2898,(#2902,#2909),.PCURVE_S1.);
#2898 = B_SPLINE_CURVE_WITH_KNOTS('',2,(#2899,#2900,#2901),
  .UNSPECIFIED.,.F.,.F.,(3,3),(0.,1.),.PIECEWISE_BEZIER_KNOTS.);
#2899 = CARTESIAN_POINT('',(-17.12895732084,-13.10026390357,0.));
#2900 = CARTESIAN_POINT('',(-17.65171456265,-12.68634570894,0.));
#2901 = CARTESIAN_POINT('',(-18.4069915871,-12.68634570894,0.));
#2902 = PCURVE('',#286,#2903);
#2903 = DEFINITIONAL_REPRESENTATION('',(#2904),#2908);
#2904 = B_SPLINE_CURVE_WITH_KNOTS('',2,(#2905,#2906,#2907),
  .UNSPECIFIED.,.F.,.F.,(3,3),(0.,1.),.PIECEWISE_BEZIER_KNOTS.);
#2905 = CARTESIAN_POINT('',(20.671042679157,10.349736096429));
#2906 = CARTESIAN_POINT('',(20.148285437344,10.763654291051));
#2907 = CARTESIAN_POINT('',(19.393008412896,10.763654291051));
#2908 = ( GEOMETRIC_REPRESENTATION_CONTEXT(2) 
PARAMETRIC_REPRESENTATION_CONTEXT() REPRESENTATION_CONTEXT('2D SPACE',''
  ) );
#2909 = PCURVE('',#2910,#2917);
#2910 = SURFACE_OF_LINEAR_EXTRUSION('',#2911,#2915);
#2911 = B_SPLINE_CURVE_WITH_KNOTS('',2,(#2912,#2913,#2914),
  .UNSPECIFIED.,.F.,.F.,(3,3),(0.,1.),.PIECEWISE_BEZIER_KNOTS.);
#2912 = CARTESIAN_POINT('',(-17.12895732084,-13.10026390357,0.));
#2913 = CARTESIAN_POINT('',(-17.65171456265,-12.68634570894,0.));
#2914 = CARTESIAN_POINT('',(-18.4069915871,-12.68634570894,0.));
#2915 = VECTOR('',#2916,1.);
#2916 = DIRECTION('',(0.,0.,-1.));
#2917 = DEFINITIONAL_REPRESENTATION('',(#2918),#2922);
#2918 = LINE('',#2919,#2920);
#2919 = CARTESIAN_POINT('',(0.,0.));
#2920 = VECTOR('',#2921,1.);
#2921 = DIRECTION('',(1.,0.));
#2922 = ( GEOMETRIC_REPRESENTATION_CONTEXT(2) 
PARAMETRIC_REPRESENTATION_CONTEXT() REPRESENTATION_CONTEXT('2D SPACE',''
  ) );
#2923 = ORIENTED_EDGE('',*,*,#2924,.F.);
#2924 = EDGE_CURVE('',#2299,#2895,#2925,.T.);
#2925 = SURFACE_CURVE('',#2926,(#2930,#2937),.PCURVE_S1.);
#2926 = B_SPLINE_CURVE_WITH_KNOTS('',2,(#2927,#2928,#2929),
  .UNSPECIFIED.,.F.,.F.,(3,3),(0.,1.),.PIECEWISE_BEZIER_KNOTS.);
#2927 = CARTESIAN_POINT('',(-16.40501274937,-14.30244065209,0.));
#2928 = CARTESIAN_POINT('',(-16.60620007903,-13.51418209819,0.));
#2929 = CARTESIAN_POINT('',(-17.12895732084,-13.10026390357,0.));
#2930 = PCURVE('',#286,#2931);
#2931 = DEFINITIONAL_REPRESENTATION('',(#2932),#2936);
#2932 = B_SPLINE_CURVE_WITH_KNOTS('',2,(#2933,#2934,#2935),
  .UNSPECIFIED.,.F.,.F.,(3,3),(0.,1.),.PIECEWISE_BEZIER_KNOTS.);
#2933 = CARTESIAN_POINT('',(21.394987250626,9.147559347908));
#2934 = CARTESIAN_POINT('',(21.19379992097,9.935817901808));
#2935 = CARTESIAN_POINT('',(20.671042679157,10.349736096429));
#2936 = ( GEOMETRIC_REPRESENTATION_CONTEXT(2) 
PARAMETRIC_REPRESENTATION_CONTEXT() REPRESENTATION_CONTEXT('2D SPACE',''
  ) );
#2937 = PCURVE('',#2938,#2945);
#2938 = SURFACE_OF_LINEAR_EXTRUSION('',#2939,#2943);
#2939 = B_SPLINE_CURVE_WITH_KNOTS('',2,(#2940,#2941,#2942),
  .UNSPECIFIED.,.F.,.F.,(3,3),(0.,1.),.PIECEWISE_BEZIER_KNOTS.);
#2940 = CARTESIAN_POINT('',(-16.40501274937,-14.30244065209,0.));
#2941 = CARTESIAN_POINT('',(-16.60620007903,-13.51418209819,0.));
#2942 = CARTESIAN_POINT('',(-17.12895732084,-13.10026390357,0.));
#2943 = VECTOR('',#2944,1.);
#2944 = DIRECTION('',(0.,0.,-1.));
#2945 = DEFINITIONAL_REPRESENTATION('',(#2946),#2950);
#2946 = LINE('',#2947,#2948);
#2947 = CARTESIAN_POINT('',(0.,0.));
#2948 = VECTOR('',#2949,1.);
#2949 = DIRECTION('',(1.,0.));
#2950 = ( GEOMETRIC_REPRESENTATION_CONTEXT(2) 
PARAMETRIC_REPRESENTATION_CONTEXT() REPRESENTATION_CONTEXT('2D SPACE',''
  ) );
#2951 = FACE_BOUND('',#2952,.F.);
#2952 = EDGE_LOOP('',(#2953,#2983,#3011,#3039));
#2953 = ORIENTED_EDGE('',*,*,#2954,.F.);
#2954 = EDGE_CURVE('',#2955,#2957,#2959,.T.);
#2955 = VERTEX_POINT('',#2956);
#2956 = CARTESIAN_POINT('',(-14.86807347691,-12.76879953257,0.));
#2957 = VERTEX_POINT('',#2958);
#2958 = CARTESIAN_POINT('',(-15.50791514828,-12.76879953257,0.));
#2959 = SURFACE_CURVE('',#2960,(#2964,#2971),.PCURVE_S1.);
#2960 = LINE('',#2961,#2962);
#2961 = CARTESIAN_POINT('',(-14.86807347691,-12.76879953257,0.));
#2962 = VECTOR('',#2963,1.);
#2963 = DIRECTION('',(-1.,-0.,-0.));
#2964 = PCURVE('',#286,#2965);
#2965 = DEFINITIONAL_REPRESENTATION('',(#2966),#2970);
#2966 = LINE('',#2967,#2968);
#2967 = CARTESIAN_POINT('',(22.931926523085,10.681200467421));
#2968 = VECTOR('',#2969,1.);
#2969 = DIRECTION('',(-1.,0.));
#2970 = ( GEOMETRIC_REPRESENTATION_CONTEXT(2) 
PARAMETRIC_REPRESENTATION_CONTEXT() REPRESENTATION_CONTEXT('2D SPACE',''
  ) );
#2971 = PCURVE('',#2972,#2977);
#2972 = PLANE('',#2973);
#2973 = AXIS2_PLACEMENT_3D('',#2974,#2975,#2976);
#2974 = CARTESIAN_POINT('',(-14.86807347691,-12.76879953257,0.));
#2975 = DIRECTION('',(0.,-1.,0.));
#2976 = DIRECTION('',(-1.,-0.,0.));
#2977 = DEFINITIONAL_REPRESENTATION('',(#2978),#2982);
#2978 = LINE('',#2979,#2980);
#2979 = CARTESIAN_POINT('',(0.,0.));
#2980 = VECTOR('',#2981,1.);
#2981 = DIRECTION('',(1.,0.));
#2982 = ( GEOMETRIC_REPRESENTATION_CONTEXT(2) 
PARAMETRIC_REPRESENTATION_CONTEXT() REPRESENTATION_CONTEXT('2D SPACE',''
  ) );
#2983 = ORIENTED_EDGE('',*,*,#2984,.F.);
#2984 = EDGE_CURVE('',#2985,#2955,#2987,.T.);
#2985 = VERTEX_POINT('',#2986);
#2986 = CARTESIAN_POINT('',(-14.86807347691,-17.60389175022,0.));
#2987 = SURFACE_CURVE('',#2988,(#2992,#2999),.PCURVE_S1.);
#2988 = LINE('',#2989,#2990);
#2989 = CARTESIAN_POINT('',(-14.86807347691,-17.60389175022,0.));
#2990 = VECTOR('',#2991,1.);
#2991 = DIRECTION('',(0.,1.,0.));
#2992 = PCURVE('',#286,#2993);
#2993 = DEFINITIONAL_REPRESENTATION('',(#2994),#2998);
#2994 = LINE('',#2995,#2996);
#2995 = CARTESIAN_POINT('',(22.931926523085,5.846108249773));
#2996 = VECTOR('',#2997,1.);
#2997 = DIRECTION('',(0.,1.));
#2998 = ( GEOMETRIC_REPRESENTATION_CONTEXT(2) 
PARAMETRIC_REPRESENTATION_CONTEXT() REPRESENTATION_CONTEXT('2D SPACE',''
  ) );
#2999 = PCURVE('',#3000,#3005);
#3000 = PLANE('',#3001);
#3001 = AXIS2_PLACEMENT_3D('',#3002,#3003,#3004);
#3002 = CARTESIAN_POINT('',(-14.86807347691,-17.60389175022,0.));
#3003 = DIRECTION('',(-1.,0.,0.));
#3004 = DIRECTION('',(0.,1.,0.));
#3005 = DEFINITIONAL_REPRESENTATION('',(#3006),#3010);
#3006 = LINE('',#3007,#3008);
#3007 = CARTESIAN_POINT('',(0.,0.));
#3008 = VECTOR('',#3009,1.);
#3009 = DIRECTION('',(1.,0.));
#3010 = ( GEOMETRIC_REPRESENTATION_CONTEXT(2) 
PARAMETRIC_REPRESENTATION_CONTEXT() REPRESENTATION_CONTEXT('2D SPACE',''
  ) );
#3011 = ORIENTED_EDGE('',*,*,#3012,.F.);
#3012 = EDGE_CURVE('',#3013,#2985,#3015,.T.);
#3013 = VERTEX_POINT('',#3014);
#3014 = CARTESIAN_POINT('',(-15.50791514828,-17.60389175022,0.));
#3015 = SURFACE_CURVE('',#3016,(#3020,#3027),.PCURVE_S1.);
#3016 = LINE('',#3017,#3018);
#3017 = CARTESIAN_POINT('',(-15.50791514828,-17.60389175022,0.));
#3018 = VECTOR('',#3019,1.);
#3019 = DIRECTION('',(1.,0.,0.));
#3020 = PCURVE('',#286,#3021);
#3021 = DEFINITIONAL_REPRESENTATION('',(#3022),#3026);
#3022 = LINE('',#3023,#3024);
#3023 = CARTESIAN_POINT('',(22.292084851718,5.846108249773));
#3024 = VECTOR('',#3025,1.);
#3025 = DIRECTION('',(1.,0.));
#3026 = ( GEOMETRIC_REPRESENTATION_CONTEXT(2) 
PARAMETRIC_REPRESENTATION_CONTEXT() REPRESENTATION_CONTEXT('2D SPACE',''
  ) );
#3027 = PCURVE('',#3028,#3033);
#3028 = PLANE('',#3029);
#3029 = AXIS2_PLACEMENT_3D('',#3030,#3031,#3032);
#3030 = CARTESIAN_POINT('',(-15.50791514828,-17.60389175022,0.));
#3031 = DIRECTION('',(-0.,1.,0.));
#3032 = DIRECTION('',(1.,0.,0.));
#3033 = DEFINITIONAL_REPRESENTATION('',(#3034),#3038);
#3034 = LINE('',#3035,#3036);
#3035 = CARTESIAN_POINT('',(0.,0.));
#3036 = VECTOR('',#3037,1.);
#3037 = DIRECTION('',(1.,0.));
#3038 = ( GEOMETRIC_REPRESENTATION_CONTEXT(2) 
PARAMETRIC_REPRESENTATION_CONTEXT() REPRESENTATION_CONTEXT('2D SPACE',''
  ) );
#3039 = ORIENTED_EDGE('',*,*,#3040,.F.);
#3040 = EDGE_CURVE('',#2957,#3013,#3041,.T.);
#3041 = SURFACE_CURVE('',#3042,(#3046,#3053),.PCURVE_S1.);
#3042 = LINE('',#3043,#3044);
#3043 = CARTESIAN_POINT('',(-15.50791514828,-12.76879953257,0.));
#3044 = VECTOR('',#3045,1.);
#3045 = DIRECTION('',(-0.,-1.,-0.));
#3046 = PCURVE('',#286,#3047);
#3047 = DEFINITIONAL_REPRESENTATION('',(#3048),#3052);
#3048 = LINE('',#3049,#3050);
#3049 = CARTESIAN_POINT('',(22.292084851718,10.681200467421));
#3050 = VECTOR('',#3051,1.);
#3051 = DIRECTION('',(0.,-1.));
#3052 = ( GEOMETRIC_REPRESENTATION_CONTEXT(2) 
PARAMETRIC_REPRESENTATION_CONTEXT() REPRESENTATION_CONTEXT('2D SPACE',''
  ) );
#3053 = PCURVE('',#3054,#3059);
#3054 = PLANE('',#3055);
#3055 = AXIS2_PLACEMENT_3D('',#3056,#3057,#3058);
#3056 = CARTESIAN_POINT('',(-15.50791514828,-12.76879953257,0.));
#3057 = DIRECTION('',(1.,-0.,0.));
#3058 = DIRECTION('',(-0.,-1.,0.));
#3059 = DEFINITIONAL_REPRESENTATION('',(#3060),#3064);
#3060 = LINE('',#3061,#3062);
#3061 = CARTESIAN_POINT('',(0.,0.));
#3062 = VECTOR('',#3063,1.);
#3063 = DIRECTION('',(1.,0.));
#3064 = ( GEOMETRIC_REPRESENTATION_CONTEXT(2) 
PARAMETRIC_REPRESENTATION_CONTEXT() REPRESENTATION_CONTEXT('2D SPACE',''
  ) );
#3065 = FACE_BOUND('',#3066,.F.);
#3066 = EDGE_LOOP('',(#3067,#3097,#3125,#3153,#3181,#3209,#3237,#3265));
#3067 = ORIENTED_EDGE('',*,*,#3068,.F.);
#3068 = EDGE_CURVE('',#3069,#3071,#3073,.T.);
#3069 = VERTEX_POINT('',#3070);
#3070 = CARTESIAN_POINT('',(-11.87005244973,-12.76879953257,0.));
#3071 = VERTEX_POINT('',#3072);
#3072 = CARTESIAN_POINT('',(-12.5098941211,-12.76879953257,0.));
#3073 = SURFACE_CURVE('',#3074,(#3078,#3085),.PCURVE_S1.);
#3074 = LINE('',#3075,#3076);
#3075 = CARTESIAN_POINT('',(-11.87005244973,-12.76879953257,0.));
#3076 = VECTOR('',#3077,1.);
#3077 = DIRECTION('',(-1.,-0.,-0.));
#3078 = PCURVE('',#286,#3079);
#3079 = DEFINITIONAL_REPRESENTATION('',(#3080),#3084);
#3080 = LINE('',#3081,#3082);
#3081 = CARTESIAN_POINT('',(25.929947550262,10.681200467421));
#3082 = VECTOR('',#3083,1.);
#3083 = DIRECTION('',(-1.,0.));
#3084 = ( GEOMETRIC_REPRESENTATION_CONTEXT(2) 
PARAMETRIC_REPRESENTATION_CONTEXT() REPRESENTATION_CONTEXT('2D SPACE',''
  ) );
#3085 = PCURVE('',#3086,#3091);
#3086 = PLANE('',#3087);
#3087 = AXIS2_PLACEMENT_3D('',#3088,#3089,#3090);
#3088 = CARTESIAN_POINT('',(-11.87005244973,-12.76879953257,0.));
#3089 = DIRECTION('',(0.,-1.,0.));
#3090 = DIRECTION('',(-1.,-0.,0.));
#3091 = DEFINITIONAL_REPRESENTATION('',(#3092),#3096);
#3092 = LINE('',#3093,#3094);
#3093 = CARTESIAN_POINT('',(0.,0.));
#3094 = VECTOR('',#3095,1.);
#3095 = DIRECTION('',(1.,0.));
#3096 = ( GEOMETRIC_REPRESENTATION_CONTEXT(2) 
PARAMETRIC_REPRESENTATION_CONTEXT() REPRESENTATION_CONTEXT('2D SPACE',''
  ) );
#3097 = ORIENTED_EDGE('',*,*,#3098,.F.);
#3098 = EDGE_CURVE('',#3099,#3069,#3101,.T.);
#3099 = VERTEX_POINT('',#3100);
#3100 = CARTESIAN_POINT('',(-11.87005244973,-17.0333112907,0.));
#3101 = SURFACE_CURVE('',#3102,(#3106,#3113),.PCURVE_S1.);
#3102 = LINE('',#3103,#3104);
#3103 = CARTESIAN_POINT('',(-11.87005244973,-17.0333112907,0.));
#3104 = VECTOR('',#3105,1.);
#3105 = DIRECTION('',(0.,1.,0.));
#3106 = PCURVE('',#286,#3107);
#3107 = DEFINITIONAL_REPRESENTATION('',(#3108),#3112);
#3108 = LINE('',#3109,#3110);
#3109 = CARTESIAN_POINT('',(25.929947550262,6.416688709291));
#3110 = VECTOR('',#3111,1.);
#3111 = DIRECTION('',(0.,1.));
#3112 = ( GEOMETRIC_REPRESENTATION_CONTEXT(2) 
PARAMETRIC_REPRESENTATION_CONTEXT() REPRESENTATION_CONTEXT('2D SPACE',''
  ) );
#3113 = PCURVE('',#3114,#3119);
#3114 = PLANE('',#3115);
#3115 = AXIS2_PLACEMENT_3D('',#3116,#3117,#3118);
#3116 = CARTESIAN_POINT('',(-11.87005244973,-17.0333112907,0.));
#3117 = DIRECTION('',(-1.,0.,0.));
#3118 = DIRECTION('',(0.,1.,0.));
#3119 = DEFINITIONAL_REPRESENTATION('',(#3120),#3124);
#3120 = LINE('',#3121,#3122);
#3121 = CARTESIAN_POINT('',(0.,0.));
#3122 = VECTOR('',#3123,1.);
#3123 = DIRECTION('',(1.,0.));
#3124 = ( GEOMETRIC_REPRESENTATION_CONTEXT(2) 
PARAMETRIC_REPRESENTATION_CONTEXT() REPRESENTATION_CONTEXT('2D SPACE',''
  ) );
#3125 = ORIENTED_EDGE('',*,*,#3126,.F.);
#3126 = EDGE_CURVE('',#3127,#3099,#3129,.T.);
#3127 = VERTEX_POINT('',#3128);
#3128 = CARTESIAN_POINT('',(-10.27044827132,-17.0333112907,0.));
#3129 = SURFACE_CURVE('',#3130,(#3134,#3141),.PCURVE_S1.);
#3130 = LINE('',#3131,#3132);
#3131 = CARTESIAN_POINT('',(-10.27044827132,-17.0333112907,0.));
#3132 = VECTOR('',#3133,1.);
#3133 = DIRECTION('',(-1.,-0.,-0.));
#3134 = PCURVE('',#286,#3135);
#3135 = DEFINITIONAL_REPRESENTATION('',(#3136),#3140);
#3136 = LINE('',#3137,#3138);
#3137 = CARTESIAN_POINT('',(27.529551728679,6.416688709291));
#3138 = VECTOR('',#3139,1.);
#3139 = DIRECTION('',(-1.,0.));
#3140 = ( GEOMETRIC_REPRESENTATION_CONTEXT(2) 
PARAMETRIC_REPRESENTATION_CONTEXT() REPRESENTATION_CONTEXT('2D SPACE',''
  ) );
#3141 = PCURVE('',#3142,#3147);
#3142 = PLANE('',#3143);
#3143 = AXIS2_PLACEMENT_3D('',#3144,#3145,#3146);
#3144 = CARTESIAN_POINT('',(-10.27044827132,-17.0333112907,0.));
#3145 = DIRECTION('',(0.,-1.,0.));
#3146 = DIRECTION('',(-1.,-0.,0.));
#3147 = DEFINITIONAL_REPRESENTATION('',(#3148),#3152);
#3148 = LINE('',#3149,#3150);
#3149 = CARTESIAN_POINT('',(0.,0.));
#3150 = VECTOR('',#3151,1.);
#3151 = DIRECTION('',(1.,0.));
#3152 = ( GEOMETRIC_REPRESENTATION_CONTEXT(2) 
PARAMETRIC_REPRESENTATION_CONTEXT() REPRESENTATION_CONTEXT('2D SPACE',''
  ) );
#3153 = ORIENTED_EDGE('',*,*,#3154,.F.);
#3154 = EDGE_CURVE('',#3155,#3127,#3157,.T.);
#3155 = VERTEX_POINT('',#3156);
#3156 = CARTESIAN_POINT('',(-10.27044827132,-17.60389175022,0.));
#3157 = SURFACE_CURVE('',#3158,(#3162,#3169),.PCURVE_S1.);
#3158 = LINE('',#3159,#3160);
#3159 = CARTESIAN_POINT('',(-10.27044827132,-17.60389175022,0.));
#3160 = VECTOR('',#3161,1.);
#3161 = DIRECTION('',(0.,1.,0.));
#3162 = PCURVE('',#286,#3163);
#3163 = DEFINITIONAL_REPRESENTATION('',(#3164),#3168);
#3164 = LINE('',#3165,#3166);
#3165 = CARTESIAN_POINT('',(27.529551728679,5.846108249773));
#3166 = VECTOR('',#3167,1.);
#3167 = DIRECTION('',(0.,1.));
#3168 = ( GEOMETRIC_REPRESENTATION_CONTEXT(2) 
PARAMETRIC_REPRESENTATION_CONTEXT() REPRESENTATION_CONTEXT('2D SPACE',''
  ) );
#3169 = PCURVE('',#3170,#3175);
#3170 = PLANE('',#3171);
#3171 = AXIS2_PLACEMENT_3D('',#3172,#3173,#3174);
#3172 = CARTESIAN_POINT('',(-10.27044827132,-17.60389175022,0.));
#3173 = DIRECTION('',(-1.,0.,0.));
#3174 = DIRECTION('',(0.,1.,0.));
#3175 = DEFINITIONAL_REPRESENTATION('',(#3176),#3180);
#3176 = LINE('',#3177,#3178);
#3177 = CARTESIAN_POINT('',(0.,0.));
#3178 = VECTOR('',#3179,1.);
#3179 = DIRECTION('',(1.,0.));
#3180 = ( GEOMETRIC_REPRESENTATION_CONTEXT(2) 
PARAMETRIC_REPRESENTATION_CONTEXT() REPRESENTATION_CONTEXT('2D SPACE',''
  ) );
#3181 = ORIENTED_EDGE('',*,*,#3182,.F.);
#3182 = EDGE_CURVE('',#3183,#3155,#3185,.T.);
#3183 = VERTEX_POINT('',#3184);
#3184 = CARTESIAN_POINT('',(-14.10290199363,-17.60389175022,0.));
#3185 = SURFACE_CURVE('',#3186,(#3190,#3197),.PCURVE_S1.);
#3186 = LINE('',#3187,#3188);
#3187 = CARTESIAN_POINT('',(-14.10290199363,-17.60389175022,0.));
#3188 = VECTOR('',#3189,1.);
#3189 = DIRECTION('',(1.,0.,0.));
#3190 = PCURVE('',#286,#3191);
#3191 = DEFINITIONAL_REPRESENTATION('',(#3192),#3196);
#3192 = LINE('',#3193,#3194);
#3193 = CARTESIAN_POINT('',(23.697098006369,5.846108249773));
#3194 = VECTOR('',#3195,1.);
#3195 = DIRECTION('',(1.,0.));
#3196 = ( GEOMETRIC_REPRESENTATION_CONTEXT(2) 
PARAMETRIC_REPRESENTATION_CONTEXT() REPRESENTATION_CONTEXT('2D SPACE',''
  ) );
#3197 = PCURVE('',#3198,#3203);
#3198 = PLANE('',#3199);
#3199 = AXIS2_PLACEMENT_3D('',#3200,#3201,#3202);
#3200 = CARTESIAN_POINT('',(-14.10290199363,-17.60389175022,0.));
#3201 = DIRECTION('',(-0.,1.,0.));
#3202 = DIRECTION('',(1.,0.,0.));
#3203 = DEFINITIONAL_REPRESENTATION('',(#3204),#3208);
#3204 = LINE('',#3205,#3206);
#3205 = CARTESIAN_POINT('',(0.,0.));
#3206 = VECTOR('',#3207,1.);
#3207 = DIRECTION('',(1.,0.));
#3208 = ( GEOMETRIC_REPRESENTATION_CONTEXT(2) 
PARAMETRIC_REPRESENTATION_CONTEXT() REPRESENTATION_CONTEXT('2D SPACE',''
  ) );
#3209 = ORIENTED_EDGE('',*,*,#3210,.F.);
#3210 = EDGE_CURVE('',#3211,#3183,#3213,.T.);
#3211 = VERTEX_POINT('',#3212);
#3212 = CARTESIAN_POINT('',(-14.10290199363,-17.0333112907,0.));
#3213 = SURFACE_CURVE('',#3214,(#3218,#3225),.PCURVE_S1.);
#3214 = LINE('',#3215,#3216);
#3215 = CARTESIAN_POINT('',(-14.10290199363,-17.0333112907,0.));
#3216 = VECTOR('',#3217,1.);
#3217 = DIRECTION('',(-0.,-1.,-0.));
#3218 = PCURVE('',#286,#3219);
#3219 = DEFINITIONAL_REPRESENTATION('',(#3220),#3224);
#3220 = LINE('',#3221,#3222);
#3221 = CARTESIAN_POINT('',(23.697098006369,6.416688709291));
#3222 = VECTOR('',#3223,1.);
#3223 = DIRECTION('',(0.,-1.));
#3224 = ( GEOMETRIC_REPRESENTATION_CONTEXT(2) 
PARAMETRIC_REPRESENTATION_CONTEXT() REPRESENTATION_CONTEXT('2D SPACE',''
  ) );
#3225 = PCURVE('',#3226,#3231);
#3226 = PLANE('',#3227);
#3227 = AXIS2_PLACEMENT_3D('',#3228,#3229,#3230);
#3228 = CARTESIAN_POINT('',(-14.10290199363,-17.0333112907,0.));
#3229 = DIRECTION('',(1.,-0.,0.));
#3230 = DIRECTION('',(-0.,-1.,0.));
#3231 = DEFINITIONAL_REPRESENTATION('',(#3232),#3236);
#3232 = LINE('',#3233,#3234);
#3233 = CARTESIAN_POINT('',(0.,0.));
#3234 = VECTOR('',#3235,1.);
#3235 = DIRECTION('',(1.,0.));
#3236 = ( GEOMETRIC_REPRESENTATION_CONTEXT(2) 
PARAMETRIC_REPRESENTATION_CONTEXT() REPRESENTATION_CONTEXT('2D SPACE',''
  ) );
#3237 = ORIENTED_EDGE('',*,*,#3238,.F.);
#3238 = EDGE_CURVE('',#3239,#3211,#3241,.T.);
#3239 = VERTEX_POINT('',#3240);
#3240 = CARTESIAN_POINT('',(-12.5098941211,-17.0333112907,0.));
#3241 = SURFACE_CURVE('',#3242,(#3246,#3253),.PCURVE_S1.);
#3242 = LINE('',#3243,#3244);
#3243 = CARTESIAN_POINT('',(-12.5098941211,-17.0333112907,0.));
#3244 = VECTOR('',#3245,1.);
#3245 = DIRECTION('',(-1.,-0.,-0.));
#3246 = PCURVE('',#286,#3247);
#3247 = DEFINITIONAL_REPRESENTATION('',(#3248),#3252);
#3248 = LINE('',#3249,#3250);
#3249 = CARTESIAN_POINT('',(25.290105878895,6.416688709291));
#3250 = VECTOR('',#3251,1.);
#3251 = DIRECTION('',(-1.,0.));
#3252 = ( GEOMETRIC_REPRESENTATION_CONTEXT(2) 
PARAMETRIC_REPRESENTATION_CONTEXT() REPRESENTATION_CONTEXT('2D SPACE',''
  ) );
#3253 = PCURVE('',#3254,#3259);
#3254 = PLANE('',#3255);
#3255 = AXIS2_PLACEMENT_3D('',#3256,#3257,#3258);
#3256 = CARTESIAN_POINT('',(-12.5098941211,-17.0333112907,0.));
#3257 = DIRECTION('',(0.,-1.,0.));
#3258 = DIRECTION('',(-1.,-0.,0.));
#3259 = DEFINITIONAL_REPRESENTATION('',(#3260),#3264);
#3260 = LINE('',#3261,#3262);
#3261 = CARTESIAN_POINT('',(0.,0.));
#3262 = VECTOR('',#3263,1.);
#3263 = DIRECTION('',(1.,0.));
#3264 = ( GEOMETRIC_REPRESENTATION_CONTEXT(2) 
PARAMETRIC_REPRESENTATION_CONTEXT() REPRESENTATION_CONTEXT('2D SPACE',''
  ) );
#3265 = ORIENTED_EDGE('',*,*,#3266,.F.);
#3266 = EDGE_CURVE('',#3071,#3239,#3267,.T.);
#3267 = SURFACE_CURVE('',#3268,(#3272,#3279),.PCURVE_S1.);
#3268 = LINE('',#3269,#3270);
#3269 = CARTESIAN_POINT('',(-12.5098941211,-12.76879953257,0.));
#3270 = VECTOR('',#3271,1.);
#3271 = DIRECTION('',(-0.,-1.,-0.));
#3272 = PCURVE('',#286,#3273);
#3273 = DEFINITIONAL_REPRESENTATION('',(#3274),#3278);
#3274 = LINE('',#3275,#3276);
#3275 = CARTESIAN_POINT('',(25.290105878895,10.681200467421));
#3276 = VECTOR('',#3277,1.);
#3277 = DIRECTION('',(0.,-1.));
#3278 = ( GEOMETRIC_REPRESENTATION_CONTEXT(2) 
PARAMETRIC_REPRESENTATION_CONTEXT() REPRESENTATION_CONTEXT('2D SPACE',''
  ) );
#3279 = PCURVE('',#3280,#3285);
#3280 = PLANE('',#3281);
#3281 = AXIS2_PLACEMENT_3D('',#3282,#3283,#3284);
#3282 = CARTESIAN_POINT('',(-12.5098941211,-12.76879953257,0.));
#3283 = DIRECTION('',(1.,-0.,0.));
#3284 = DIRECTION('',(-0.,-1.,0.));
#3285 = DEFINITIONAL_REPRESENTATION('',(#3286),#3290);
#3286 = LINE('',#3287,#3288);
#3287 = CARTESIAN_POINT('',(0.,0.));
#3288 = VECTOR('',#3289,1.);
#3289 = DIRECTION('',(1.,0.));
#3290 = ( GEOMETRIC_REPRESENTATION_CONTEXT(2) 
PARAMETRIC_REPRESENTATION_CONTEXT() REPRESENTATION_CONTEXT('2D SPACE',''
  ) );
#3291 = FACE_BOUND('',#3292,.F.);
#3292 = EDGE_LOOP('',(#3293,#3323,#3351,#3379,#3407,#3435,#3463,#3491));
#3293 = ORIENTED_EDGE('',*,*,#3294,.F.);
#3294 = EDGE_CURVE('',#3295,#3297,#3299,.T.);
#3295 = VERTEX_POINT('',#3296);
#3296 = CARTESIAN_POINT('',(-7.589049926882,-12.76879953257,0.));
#3297 = VERTEX_POINT('',#3298);
#3298 = CARTESIAN_POINT('',(-8.268469433591,-12.76879953257,0.));
#3299 = SURFACE_CURVE('',#3300,(#3304,#3311),.PCURVE_S1.);
#3300 = LINE('',#3301,#3302);
#3301 = CARTESIAN_POINT('',(-7.589049926882,-12.76879953257,0.));
#3302 = VECTOR('',#3303,1.);
#3303 = DIRECTION('',(-1.,-0.,-0.));
#3304 = PCURVE('',#286,#3305);
#3305 = DEFINITIONAL_REPRESENTATION('',(#3306),#3310);
#3306 = LINE('',#3307,#3308);
#3307 = CARTESIAN_POINT('',(30.210950073118,10.681200467421));
#3308 = VECTOR('',#3309,1.);
#3309 = DIRECTION('',(-1.,0.));
#3310 = ( GEOMETRIC_REPRESENTATION_CONTEXT(2) 
PARAMETRIC_REPRESENTATION_CONTEXT() REPRESENTATION_CONTEXT('2D SPACE',''
  ) );
#3311 = PCURVE('',#3312,#3317);
#3312 = PLANE('',#3313);
#3313 = AXIS2_PLACEMENT_3D('',#3314,#3315,#3316);
#3314 = CARTESIAN_POINT('',(-7.589049926882,-12.76879953257,0.));
#3315 = DIRECTION('',(0.,-1.,0.));
#3316 = DIRECTION('',(-1.,-0.,0.));
#3317 = DEFINITIONAL_REPRESENTATION('',(#3318),#3322);
#3318 = LINE('',#3319,#3320);
#3319 = CARTESIAN_POINT('',(0.,0.));
#3320 = VECTOR('',#3321,1.);
#3321 = DIRECTION('',(1.,0.));
#3322 = ( GEOMETRIC_REPRESENTATION_CONTEXT(2) 
PARAMETRIC_REPRESENTATION_CONTEXT() REPRESENTATION_CONTEXT('2D SPACE',''
  ) );
#3323 = ORIENTED_EDGE('',*,*,#3324,.F.);
#3324 = EDGE_CURVE('',#3325,#3295,#3327,.T.);
#3325 = VERTEX_POINT('',#3326);
#3326 = CARTESIAN_POINT('',(-7.058047302706,-14.23317944024,0.));
#3327 = SURFACE_CURVE('',#3328,(#3332,#3339),.PCURVE_S1.);
#3328 = LINE('',#3329,#3330);
#3329 = CARTESIAN_POINT('',(-7.058047302706,-14.23317944024,0.));
#3330 = VECTOR('',#3331,1.);
#3331 = DIRECTION('',(-0.340892893414,0.940102140844,0.));
#3332 = PCURVE('',#286,#3333);
#3333 = DEFINITIONAL_REPRESENTATION('',(#3334),#3338);
#3334 = LINE('',#3335,#3336);
#3335 = CARTESIAN_POINT('',(30.741952697294,9.216820559757));
#3336 = VECTOR('',#3337,1.);
#3337 = DIRECTION('',(-0.340892893414,0.940102140844));
#3338 = ( GEOMETRIC_REPRESENTATION_CONTEXT(2) 
PARAMETRIC_REPRESENTATION_CONTEXT() REPRESENTATION_CONTEXT('2D SPACE',''
  ) );
#3339 = PCURVE('',#3340,#3345);
#3340 = PLANE('',#3341);
#3341 = AXIS2_PLACEMENT_3D('',#3342,#3343,#3344);
#3342 = CARTESIAN_POINT('',(-7.058047302706,-14.23317944024,0.));
#3343 = DIRECTION('',(-0.940102140844,-0.340892893414,-0.));
#3344 = DIRECTION('',(-0.340892893414,0.940102140844,0.));
#3345 = DEFINITIONAL_REPRESENTATION('',(#3346),#3350);
#3346 = LINE('',#3347,#3348);
#3347 = CARTESIAN_POINT('',(0.,0.));
#3348 = VECTOR('',#3349,1.);
#3349 = DIRECTION('',(1.,0.));
#3350 = ( GEOMETRIC_REPRESENTATION_CONTEXT(2) 
PARAMETRIC_REPRESENTATION_CONTEXT() REPRESENTATION_CONTEXT('2D SPACE',''
  ) );
#3351 = ORIENTED_EDGE('',*,*,#3352,.F.);
#3352 = EDGE_CURVE('',#3353,#3325,#3355,.T.);
#3353 = VERTEX_POINT('',#3354);
#3354 = CARTESIAN_POINT('',(-5.036279547305,-14.23317944024,0.));
#3355 = SURFACE_CURVE('',#3356,(#3360,#3367),.PCURVE_S1.);
#3356 = LINE('',#3357,#3358);
#3357 = CARTESIAN_POINT('',(-5.036279547305,-14.23317944024,0.));
#3358 = VECTOR('',#3359,1.);
#3359 = DIRECTION('',(-1.,-0.,-0.));
#3360 = PCURVE('',#286,#3361);
#3361 = DEFINITIONAL_REPRESENTATION('',(#3362),#3366);
#3362 = LINE('',#3363,#3364);
#3363 = CARTESIAN_POINT('',(32.763720452695,9.216820559757));
#3364 = VECTOR('',#3365,1.);
#3365 = DIRECTION('',(-1.,0.));
#3366 = ( GEOMETRIC_REPRESENTATION_CONTEXT(2) 
PARAMETRIC_REPRESENTATION_CONTEXT() REPRESENTATION_CONTEXT('2D SPACE',''
  ) );
#3367 = PCURVE('',#3368,#3373);
#3368 = PLANE('',#3369);
#3369 = AXIS2_PLACEMENT_3D('',#3370,#3371,#3372);
#3370 = CARTESIAN_POINT('',(-5.036279547305,-14.23317944024,0.));
#3371 = DIRECTION('',(0.,-1.,0.));
#3372 = DIRECTION('',(-1.,-0.,0.));
#3373 = DEFINITIONAL_REPRESENTATION('',(#3374),#3378);
#3374 = LINE('',#3375,#3376);
#3375 = CARTESIAN_POINT('',(0.,0.));
#3376 = VECTOR('',#3377,1.);
#3377 = DIRECTION('',(1.,0.));
#3378 = ( GEOMETRIC_REPRESENTATION_CONTEXT(2) 
PARAMETRIC_REPRESENTATION_CONTEXT() REPRESENTATION_CONTEXT('2D SPACE',''
  ) );
#3379 = ORIENTED_EDGE('',*,*,#3380,.F.);
#3380 = EDGE_CURVE('',#3381,#3353,#3383,.T.);
#3381 = VERTEX_POINT('',#3382);
#3382 = CARTESIAN_POINT('',(-4.472295393677,-12.76879953257,0.));
#3383 = SURFACE_CURVE('',#3384,(#3388,#3395),.PCURVE_S1.);
#3384 = LINE('',#3385,#3386);
#3385 = CARTESIAN_POINT('',(-4.472295393677,-12.76879953257,0.));
#3386 = VECTOR('',#3387,1.);
#3387 = DIRECTION('',(-0.359401561996,-0.933183003078,-0.));
#3388 = PCURVE('',#286,#3389);
#3389 = DEFINITIONAL_REPRESENTATION('',(#3390),#3394);
#3390 = LINE('',#3391,#3392);
#3391 = CARTESIAN_POINT('',(33.327704606323,10.681200467421));
#3392 = VECTOR('',#3393,1.);
#3393 = DIRECTION('',(-0.359401561996,-0.933183003078));
#3394 = ( GEOMETRIC_REPRESENTATION_CONTEXT(2) 
PARAMETRIC_REPRESENTATION_CONTEXT() REPRESENTATION_CONTEXT('2D SPACE',''
  ) );
#3395 = PCURVE('',#3396,#3401);
#3396 = PLANE('',#3397);
#3397 = AXIS2_PLACEMENT_3D('',#3398,#3399,#3400);
#3398 = CARTESIAN_POINT('',(-4.472295393677,-12.76879953257,0.));
#3399 = DIRECTION('',(0.933183003078,-0.359401561996,0.));
#3400 = DIRECTION('',(-0.359401561996,-0.933183003078,0.));
#3401 = DEFINITIONAL_REPRESENTATION('',(#3402),#3406);
#3402 = LINE('',#3403,#3404);
#3403 = CARTESIAN_POINT('',(0.,0.));
#3404 = VECTOR('',#3405,1.);
#3405 = DIRECTION('',(1.,0.));
#3406 = ( GEOMETRIC_REPRESENTATION_CONTEXT(2) 
PARAMETRIC_REPRESENTATION_CONTEXT() REPRESENTATION_CONTEXT('2D SPACE',''
  ) );
#3407 = ORIENTED_EDGE('',*,*,#3408,.F.);
#3408 = EDGE_CURVE('',#3409,#3381,#3411,.T.);
#3409 = VERTEX_POINT('',#3410);
#3410 = CARTESIAN_POINT('',(-3.74340359279,-12.76879953257,0.));
#3411 = SURFACE_CURVE('',#3412,(#3416,#3423),.PCURVE_S1.);
#3412 = LINE('',#3413,#3414);
#3413 = CARTESIAN_POINT('',(-3.74340359279,-12.76879953257,0.));
#3414 = VECTOR('',#3415,1.);
#3415 = DIRECTION('',(-1.,-0.,-0.));
#3416 = PCURVE('',#286,#3417);
#3417 = DEFINITIONAL_REPRESENTATION('',(#3418),#3422);
#3418 = LINE('',#3419,#3420);
#3419 = CARTESIAN_POINT('',(34.05659640721,10.681200467421));
#3420 = VECTOR('',#3421,1.);
#3421 = DIRECTION('',(-1.,0.));
#3422 = ( GEOMETRIC_REPRESENTATION_CONTEXT(2) 
PARAMETRIC_REPRESENTATION_CONTEXT() REPRESENTATION_CONTEXT('2D SPACE',''
  ) );
#3423 = PCURVE('',#3424,#3429);
#3424 = PLANE('',#3425);
#3425 = AXIS2_PLACEMENT_3D('',#3426,#3427,#3428);
#3426 = CARTESIAN_POINT('',(-3.74340359279,-12.76879953257,0.));
#3427 = DIRECTION('',(0.,-1.,0.));
#3428 = DIRECTION('',(-1.,-0.,0.));
#3429 = DEFINITIONAL_REPRESENTATION('',(#3430),#3434);
#3430 = LINE('',#3431,#3432);
#3431 = CARTESIAN_POINT('',(0.,0.));
#3432 = VECTOR('',#3433,1.);
#3433 = DIRECTION('',(1.,0.));
#3434 = ( GEOMETRIC_REPRESENTATION_CONTEXT(2) 
PARAMETRIC_REPRESENTATION_CONTEXT() REPRESENTATION_CONTEXT('2D SPACE',''
  ) );
#3435 = ORIENTED_EDGE('',*,*,#3436,.F.);
#3436 = EDGE_CURVE('',#3437,#3409,#3439,.T.);
#3437 = VERTEX_POINT('',#3438);
#3438 = CARTESIAN_POINT('',(-5.722295359904,-17.60389175022,0.));
#3439 = SURFACE_CURVE('',#3440,(#3444,#3451),.PCURVE_S1.);
#3440 = LINE('',#3441,#3442);
#3441 = CARTESIAN_POINT('',(-5.722295359904,-17.60389175022,0.));
#3442 = VECTOR('',#3443,1.);
#3443 = DIRECTION('',(0.378780330599,0.925486607764,0.));
#3444 = PCURVE('',#286,#3445);
#3445 = DEFINITIONAL_REPRESENTATION('',(#3446),#3450);
#3446 = LINE('',#3447,#3448);
#3447 = CARTESIAN_POINT('',(32.077704640096,5.846108249773));
#3448 = VECTOR('',#3449,1.);
#3449 = DIRECTION('',(0.378780330599,0.925486607764));
#3450 = ( GEOMETRIC_REPRESENTATION_CONTEXT(2) 
PARAMETRIC_REPRESENTATION_CONTEXT() REPRESENTATION_CONTEXT('2D SPACE',''
  ) );
#3451 = PCURVE('',#3452,#3457);
#3452 = PLANE('',#3453);
#3453 = AXIS2_PLACEMENT_3D('',#3454,#3455,#3456);
#3454 = CARTESIAN_POINT('',(-5.722295359904,-17.60389175022,0.));
#3455 = DIRECTION('',(-0.925486607764,0.378780330599,0.));
#3456 = DIRECTION('',(0.378780330599,0.925486607764,0.));
#3457 = DEFINITIONAL_REPRESENTATION('',(#3458),#3462);
#3458 = LINE('',#3459,#3460);
#3459 = CARTESIAN_POINT('',(0.,0.));
#3460 = VECTOR('',#3461,1.);
#3461 = DIRECTION('',(1.,0.));
#3462 = ( GEOMETRIC_REPRESENTATION_CONTEXT(2) 
PARAMETRIC_REPRESENTATION_CONTEXT() REPRESENTATION_CONTEXT('2D SPACE',''
  ) );
#3463 = ORIENTED_EDGE('',*,*,#3464,.F.);
#3464 = EDGE_CURVE('',#3465,#3437,#3467,.T.);
#3465 = VERTEX_POINT('',#3466);
#3466 = CARTESIAN_POINT('',(-6.411609325449,-17.60389175022,0.));
#3467 = SURFACE_CURVE('',#3468,(#3472,#3479),.PCURVE_S1.);
#3468 = LINE('',#3469,#3470);
#3469 = CARTESIAN_POINT('',(-6.411609325449,-17.60389175022,0.));
#3470 = VECTOR('',#3471,1.);
#3471 = DIRECTION('',(1.,0.,0.));
#3472 = PCURVE('',#286,#3473);
#3473 = DEFINITIONAL_REPRESENTATION('',(#3474),#3478);
#3474 = LINE('',#3475,#3476);
#3475 = CARTESIAN_POINT('',(31.388390674551,5.846108249773));
#3476 = VECTOR('',#3477,1.);
#3477 = DIRECTION('',(1.,0.));
#3478 = ( GEOMETRIC_REPRESENTATION_CONTEXT(2) 
PARAMETRIC_REPRESENTATION_CONTEXT() REPRESENTATION_CONTEXT('2D SPACE',''
  ) );
#3479 = PCURVE('',#3480,#3485);
#3480 = PLANE('',#3481);
#3481 = AXIS2_PLACEMENT_3D('',#3482,#3483,#3484);
#3482 = CARTESIAN_POINT('',(-6.411609325449,-17.60389175022,0.));
#3483 = DIRECTION('',(-0.,1.,0.));
#3484 = DIRECTION('',(1.,0.,0.));
#3485 = DEFINITIONAL_REPRESENTATION('',(#3486),#3490);
#3486 = LINE('',#3487,#3488);
#3487 = CARTESIAN_POINT('',(0.,0.));
#3488 = VECTOR('',#3489,1.);
#3489 = DIRECTION('',(1.,0.));
#3490 = ( GEOMETRIC_REPRESENTATION_CONTEXT(2) 
PARAMETRIC_REPRESENTATION_CONTEXT() REPRESENTATION_CONTEXT('2D SPACE',''
  ) );
#3491 = ORIENTED_EDGE('',*,*,#3492,.F.);
#3492 = EDGE_CURVE('',#3297,#3465,#3493,.T.);
#3493 = SURFACE_CURVE('',#3494,(#3498,#3505),.PCURVE_S1.);
#3494 = LINE('',#3495,#3496);
#3495 = CARTESIAN_POINT('',(-8.268469433591,-12.76879953257,0.));
#3496 = VECTOR('',#3497,1.);
#3497 = DIRECTION('',(0.358509651553,-0.933526019853,0.));
#3498 = PCURVE('',#286,#3499);
#3499 = DEFINITIONAL_REPRESENTATION('',(#3500),#3504);
#3500 = LINE('',#3501,#3502);
#3501 = CARTESIAN_POINT('',(29.531530566409,10.681200467421));
#3502 = VECTOR('',#3503,1.);
#3503 = DIRECTION('',(0.358509651553,-0.933526019853));
#3504 = ( GEOMETRIC_REPRESENTATION_CONTEXT(2) 
PARAMETRIC_REPRESENTATION_CONTEXT() REPRESENTATION_CONTEXT('2D SPACE',''
  ) );
#3505 = PCURVE('',#3506,#3511);
#3506 = PLANE('',#3507);
#3507 = AXIS2_PLACEMENT_3D('',#3508,#3509,#3510);
#3508 = CARTESIAN_POINT('',(-8.268469433591,-12.76879953257,0.));
#3509 = DIRECTION('',(0.933526019853,0.358509651553,0.));
#3510 = DIRECTION('',(0.358509651553,-0.933526019853,0.));
#3511 = DEFINITIONAL_REPRESENTATION('',(#3512),#3516);
#3512 = LINE('',#3513,#3514);
#3513 = CARTESIAN_POINT('',(0.,0.));
#3514 = VECTOR('',#3515,1.);
#3515 = DIRECTION('',(1.,0.));
#3516 = ( GEOMETRIC_REPRESENTATION_CONTEXT(2) 
PARAMETRIC_REPRESENTATION_CONTEXT() REPRESENTATION_CONTEXT('2D SPACE',''
  ) );
#3517 = FACE_BOUND('',#3518,.F.);
#3518 = EDGE_LOOP('',(#3519,#3549,#3577,#3605,#3633,#3661,#3689,#3717,
    #3745,#3773,#3801,#3831,#3861,#3889,#3917));
#3519 = ORIENTED_EDGE('',*,*,#3520,.F.);
#3520 = EDGE_CURVE('',#3521,#3523,#3525,.T.);
#3521 = VERTEX_POINT('',#3522);
#3522 = CARTESIAN_POINT('',(-2.635224203207,-12.76879953257,0.));
#3523 = VERTEX_POINT('',#3524);
#3524 = CARTESIAN_POINT('',(-3.251978803957,-12.76879953257,0.));
#3525 = SURFACE_CURVE('',#3526,(#3530,#3537),.PCURVE_S1.);
#3526 = LINE('',#3527,#3528);
#3527 = CARTESIAN_POINT('',(-2.635224203207,-12.76879953257,0.));
#3528 = VECTOR('',#3529,1.);
#3529 = DIRECTION('',(-1.,-0.,-0.));
#3530 = PCURVE('',#286,#3531);
#3531 = DEFINITIONAL_REPRESENTATION('',(#3532),#3536);
#3532 = LINE('',#3533,#3534);
#3533 = CARTESIAN_POINT('',(35.164775796793,10.681200467421));
#3534 = VECTOR('',#3535,1.);
#3535 = DIRECTION('',(-1.,0.));
#3536 = ( GEOMETRIC_REPRESENTATION_CONTEXT(2) 
PARAMETRIC_REPRESENTATION_CONTEXT() REPRESENTATION_CONTEXT('2D SPACE',''
  ) );
#3537 = PCURVE('',#3538,#3543);
#3538 = PLANE('',#3539);
#3539 = AXIS2_PLACEMENT_3D('',#3540,#3541,#3542);
#3540 = CARTESIAN_POINT('',(-2.635224203207,-12.76879953257,0.));
#3541 = DIRECTION('',(0.,-1.,0.));
#3542 = DIRECTION('',(-1.,-0.,0.));
#3543 = DEFINITIONAL_REPRESENTATION('',(#3544),#3548);
#3544 = LINE('',#3545,#3546);
#3545 = CARTESIAN_POINT('',(0.,0.));
#3546 = VECTOR('',#3547,1.);
#3547 = DIRECTION('',(1.,0.));
#3548 = ( GEOMETRIC_REPRESENTATION_CONTEXT(2) 
PARAMETRIC_REPRESENTATION_CONTEXT() REPRESENTATION_CONTEXT('2D SPACE',''
  ) );
#3549 = ORIENTED_EDGE('',*,*,#3550,.F.);
#3550 = EDGE_CURVE('',#3551,#3521,#3553,.T.);
#3551 = VERTEX_POINT('',#3552);
#3552 = CARTESIAN_POINT('',(-2.635224203207,-16.88489440817,0.));
#3553 = SURFACE_CURVE('',#3554,(#3558,#3565),.PCURVE_S1.);
#3554 = LINE('',#3555,#3556);
#3555 = CARTESIAN_POINT('',(-2.635224203207,-16.88489440817,0.));
#3556 = VECTOR('',#3557,1.);
#3557 = DIRECTION('',(0.,1.,0.));
#3558 = PCURVE('',#286,#3559);
#3559 = DEFINITIONAL_REPRESENTATION('',(#3560),#3564);
#3560 = LINE('',#3561,#3562);
#3561 = CARTESIAN_POINT('',(35.164775796793,6.565105591824));
#3562 = VECTOR('',#3563,1.);
#3563 = DIRECTION('',(0.,1.));
#3564 = ( GEOMETRIC_REPRESENTATION_CONTEXT(2) 
PARAMETRIC_REPRESENTATION_CONTEXT() REPRESENTATION_CONTEXT('2D SPACE',''
  ) );
#3565 = PCURVE('',#3566,#3571);
#3566 = PLANE('',#3567);
#3567 = AXIS2_PLACEMENT_3D('',#3568,#3569,#3570);
#3568 = CARTESIAN_POINT('',(-2.635224203207,-16.88489440817,0.));
#3569 = DIRECTION('',(-1.,0.,0.));
#3570 = DIRECTION('',(0.,1.,0.));
#3571 = DEFINITIONAL_REPRESENTATION('',(#3572),#3576);
#3572 = LINE('',#3573,#3574);
#3573 = CARTESIAN_POINT('',(0.,0.));
#3574 = VECTOR('',#3575,1.);
#3575 = DIRECTION('',(1.,0.));
#3576 = ( GEOMETRIC_REPRESENTATION_CONTEXT(2) 
PARAMETRIC_REPRESENTATION_CONTEXT() REPRESENTATION_CONTEXT('2D SPACE',''
  ) );
#3577 = ORIENTED_EDGE('',*,*,#3578,.F.);
#3578 = EDGE_CURVE('',#3579,#3551,#3581,.T.);
#3579 = VERTEX_POINT('',#3580);
#3580 = CARTESIAN_POINT('',(-1.236807354446,-12.76879953257,0.));
#3581 = SURFACE_CURVE('',#3582,(#3586,#3593),.PCURVE_S1.);
#3582 = LINE('',#3583,#3584);
#3583 = CARTESIAN_POINT('',(-1.236807354446,-12.76879953257,0.));
#3584 = VECTOR('',#3585,1.);
#3585 = DIRECTION('',(-0.321685100848,-0.94684671193,-0.));
#3586 = PCURVE('',#286,#3587);
#3587 = DEFINITIONAL_REPRESENTATION('',(#3588),#3592);
#3588 = LINE('',#3589,#3590);
#3589 = CARTESIAN_POINT('',(36.563192645554,10.681200467421));
#3590 = VECTOR('',#3591,1.);
#3591 = DIRECTION('',(-0.321685100848,-0.94684671193));
#3592 = ( GEOMETRIC_REPRESENTATION_CONTEXT(2) 
PARAMETRIC_REPRESENTATION_CONTEXT() REPRESENTATION_CONTEXT('2D SPACE',''
  ) );
#3593 = PCURVE('',#3594,#3599);
#3594 = PLANE('',#3595);
#3595 = AXIS2_PLACEMENT_3D('',#3596,#3597,#3598);
#3596 = CARTESIAN_POINT('',(-1.236807354446,-12.76879953257,0.));
#3597 = DIRECTION('',(0.94684671193,-0.321685100848,0.));
#3598 = DIRECTION('',(-0.321685100848,-0.94684671193,0.));
#3599 = DEFINITIONAL_REPRESENTATION('',(#3600),#3604);
#3600 = LINE('',#3601,#3602);
#3601 = CARTESIAN_POINT('',(0.,0.));
#3602 = VECTOR('',#3603,1.);
#3603 = DIRECTION('',(1.,0.));
#3604 = ( GEOMETRIC_REPRESENTATION_CONTEXT(2) 
PARAMETRIC_REPRESENTATION_CONTEXT() REPRESENTATION_CONTEXT('2D SPACE',''
  ) );
#3605 = ORIENTED_EDGE('',*,*,#3606,.F.);
#3606 = EDGE_CURVE('',#3607,#3579,#3609,.T.);
#3607 = VERTEX_POINT('',#3608);
#3608 = CARTESIAN_POINT('',(-0.659630589038,-12.76879953257,0.));
#3609 = SURFACE_CURVE('',#3610,(#3614,#3621),.PCURVE_S1.);
#3610 = LINE('',#3611,#3612);
#3611 = CARTESIAN_POINT('',(-0.659630589038,-12.76879953257,0.));
#3612 = VECTOR('',#3613,1.);
#3613 = DIRECTION('',(-1.,-0.,-0.));
#3614 = PCURVE('',#286,#3615);
#3615 = DEFINITIONAL_REPRESENTATION('',(#3616),#3620);
#3616 = LINE('',#3617,#3618);
#3617 = CARTESIAN_POINT('',(37.140369410962,10.681200467421));
#3618 = VECTOR('',#3619,1.);
#3619 = DIRECTION('',(-1.,0.));
#3620 = ( GEOMETRIC_REPRESENTATION_CONTEXT(2) 
PARAMETRIC_REPRESENTATION_CONTEXT() REPRESENTATION_CONTEXT('2D SPACE',''
  ) );
#3621 = PCURVE('',#3622,#3627);
#3622 = PLANE('',#3623);
#3623 = AXIS2_PLACEMENT_3D('',#3624,#3625,#3626);
#3624 = CARTESIAN_POINT('',(-0.659630589038,-12.76879953257,0.));
#3625 = DIRECTION('',(0.,-1.,0.));
#3626 = DIRECTION('',(-1.,-0.,0.));
#3627 = DEFINITIONAL_REPRESENTATION('',(#3628),#3632);
#3628 = LINE('',#3629,#3630);
#3629 = CARTESIAN_POINT('',(0.,0.));
#3630 = VECTOR('',#3631,1.);
#3631 = DIRECTION('',(1.,0.));
#3632 = ( GEOMETRIC_REPRESENTATION_CONTEXT(2) 
PARAMETRIC_REPRESENTATION_CONTEXT() REPRESENTATION_CONTEXT('2D SPACE',''
  ) );
#3633 = ORIENTED_EDGE('',*,*,#3634,.F.);
#3634 = EDGE_CURVE('',#3635,#3607,#3637,.T.);
#3635 = VERTEX_POINT('',#3636);
#3636 = CARTESIAN_POINT('',(0.745382565613,-16.81563319632,0.));
#3637 = SURFACE_CURVE('',#3638,(#3642,#3649),.PCURVE_S1.);
#3638 = LINE('',#3639,#3640);
#3639 = CARTESIAN_POINT('',(0.745382565613,-16.81563319632,0.));
#3640 = VECTOR('',#3641,1.);
#3641 = DIRECTION('',(-0.32798306061,0.944683604152,0.));
#3642 = PCURVE('',#286,#3643);
#3643 = DEFINITIONAL_REPRESENTATION('',(#3644),#3648);
#3644 = LINE('',#3645,#3646);
#3645 = CARTESIAN_POINT('',(38.545382565613,6.634366803673));
#3646 = VECTOR('',#3647,1.);
#3647 = DIRECTION('',(-0.32798306061,0.944683604152));
#3648 = ( GEOMETRIC_REPRESENTATION_CONTEXT(2) 
PARAMETRIC_REPRESENTATION_CONTEXT() REPRESENTATION_CONTEXT('2D SPACE',''
  ) );
#3649 = PCURVE('',#3650,#3655);
#3650 = PLANE('',#3651);
#3651 = AXIS2_PLACEMENT_3D('',#3652,#3653,#3654);
#3652 = CARTESIAN_POINT('',(0.745382565613,-16.81563319632,0.));
#3653 = DIRECTION('',(-0.944683604152,-0.32798306061,-0.));
#3654 = DIRECTION('',(-0.32798306061,0.944683604152,0.));
#3655 = DEFINITIONAL_REPRESENTATION('',(#3656),#3660);
#3656 = LINE('',#3657,#3658);
#3657 = CARTESIAN_POINT('',(0.,0.));
#3658 = VECTOR('',#3659,1.);
#3659 = DIRECTION('',(1.,0.));
#3660 = ( GEOMETRIC_REPRESENTATION_CONTEXT(2) 
PARAMETRIC_REPRESENTATION_CONTEXT() REPRESENTATION_CONTEXT('2D SPACE',''
  ) );
#3661 = ORIENTED_EDGE('',*,*,#3662,.F.);
#3662 = EDGE_CURVE('',#3663,#3635,#3665,.T.);
#3663 = VERTEX_POINT('',#3664);
#3664 = CARTESIAN_POINT('',(0.745382565613,-12.76879953257,0.));
#3665 = SURFACE_CURVE('',#3666,(#3670,#3677),.PCURVE_S1.);
#3666 = LINE('',#3667,#3668);
#3667 = CARTESIAN_POINT('',(0.745382565613,-12.76879953257,0.));
#3668 = VECTOR('',#3669,1.);
#3669 = DIRECTION('',(-0.,-1.,-0.));
#3670 = PCURVE('',#286,#3671);
#3671 = DEFINITIONAL_REPRESENTATION('',(#3672),#3676);
#3672 = LINE('',#3673,#3674);
#3673 = CARTESIAN_POINT('',(38.545382565613,10.681200467421));
#3674 = VECTOR('',#3675,1.);
#3675 = DIRECTION('',(0.,-1.));
#3676 = ( GEOMETRIC_REPRESENTATION_CONTEXT(2) 
PARAMETRIC_REPRESENTATION_CONTEXT() REPRESENTATION_CONTEXT('2D SPACE',''
  ) );
#3677 = PCURVE('',#3678,#3683);
#3678 = PLANE('',#3679);
#3679 = AXIS2_PLACEMENT_3D('',#3680,#3681,#3682);
#3680 = CARTESIAN_POINT('',(0.745382565613,-12.76879953257,0.));
#3681 = DIRECTION('',(1.,-0.,0.));
#3682 = DIRECTION('',(-0.,-1.,0.));
#3683 = DEFINITIONAL_REPRESENTATION('',(#3684),#3688);
#3684 = LINE('',#3685,#3686);
#3685 = CARTESIAN_POINT('',(0.,0.));
#3686 = VECTOR('',#3687,1.);
#3687 = DIRECTION('',(1.,0.));
#3688 = ( GEOMETRIC_REPRESENTATION_CONTEXT(2) 
PARAMETRIC_REPRESENTATION_CONTEXT() REPRESENTATION_CONTEXT('2D SPACE',''
  ) );
#3689 = ORIENTED_EDGE('',*,*,#3690,.F.);
#3690 = EDGE_CURVE('',#3691,#3663,#3693,.T.);
#3691 = VERTEX_POINT('',#3692);
#3692 = CARTESIAN_POINT('',(1.362137166363,-12.76879953257,0.));
#3693 = SURFACE_CURVE('',#3694,(#3698,#3705),.PCURVE_S1.);
#3694 = LINE('',#3695,#3696);
#3695 = CARTESIAN_POINT('',(1.362137166363,-12.76879953257,0.));
#3696 = VECTOR('',#3697,1.);
#3697 = DIRECTION('',(-1.,-0.,-0.));
#3698 = PCURVE('',#286,#3699);
#3699 = DEFINITIONAL_REPRESENTATION('',(#3700),#3704);
#3700 = LINE('',#3701,#3702);
#3701 = CARTESIAN_POINT('',(39.162137166363,10.681200467421));
#3702 = VECTOR('',#3703,1.);
#3703 = DIRECTION('',(-1.,0.));
#3704 = ( GEOMETRIC_REPRESENTATION_CONTEXT(2) 
PARAMETRIC_REPRESENTATION_CONTEXT() REPRESENTATION_CONTEXT('2D SPACE',''
  ) );
#3705 = PCURVE('',#3706,#3711);
#3706 = PLANE('',#3707);
#3707 = AXIS2_PLACEMENT_3D('',#3708,#3709,#3710);
#3708 = CARTESIAN_POINT('',(1.362137166363,-12.76879953257,0.));
#3709 = DIRECTION('',(0.,-1.,0.));
#3710 = DIRECTION('',(-1.,-0.,0.));
#3711 = DEFINITIONAL_REPRESENTATION('',(#3712),#3716);
#3712 = LINE('',#3713,#3714);
#3713 = CARTESIAN_POINT('',(0.,0.));
#3714 = VECTOR('',#3715,1.);
#3715 = DIRECTION('',(1.,0.));
#3716 = ( GEOMETRIC_REPRESENTATION_CONTEXT(2) 
PARAMETRIC_REPRESENTATION_CONTEXT() REPRESENTATION_CONTEXT('2D SPACE',''
  ) );
#3717 = ORIENTED_EDGE('',*,*,#3718,.F.);
#3718 = EDGE_CURVE('',#3719,#3691,#3721,.T.);
#3719 = VERTEX_POINT('',#3720);
#3720 = CARTESIAN_POINT('',(1.362137166363,-17.60389175022,0.));
#3721 = SURFACE_CURVE('',#3722,(#3726,#3733),.PCURVE_S1.);
#3722 = LINE('',#3723,#3724);
#3723 = CARTESIAN_POINT('',(1.362137166363,-17.60389175022,0.));
#3724 = VECTOR('',#3725,1.);
#3725 = DIRECTION('',(0.,1.,0.));
#3726 = PCURVE('',#286,#3727);
#3727 = DEFINITIONAL_REPRESENTATION('',(#3728),#3732);
#3728 = LINE('',#3729,#3730);
#3729 = CARTESIAN_POINT('',(39.162137166363,5.846108249773));
#3730 = VECTOR('',#3731,1.);
#3731 = DIRECTION('',(0.,1.));
#3732 = ( GEOMETRIC_REPRESENTATION_CONTEXT(2) 
PARAMETRIC_REPRESENTATION_CONTEXT() REPRESENTATION_CONTEXT('2D SPACE',''
  ) );
#3733 = PCURVE('',#3734,#3739);
#3734 = PLANE('',#3735);
#3735 = AXIS2_PLACEMENT_3D('',#3736,#3737,#3738);
#3736 = CARTESIAN_POINT('',(1.362137166363,-17.60389175022,0.));
#3737 = DIRECTION('',(-1.,0.,0.));
#3738 = DIRECTION('',(0.,1.,0.));
#3739 = DEFINITIONAL_REPRESENTATION('',(#3740),#3744);
#3740 = LINE('',#3741,#3742);
#3741 = CARTESIAN_POINT('',(0.,0.));
#3742 = VECTOR('',#3743,1.);
#3743 = DIRECTION('',(1.,0.));
#3744 = ( GEOMETRIC_REPRESENTATION_CONTEXT(2) 
PARAMETRIC_REPRESENTATION_CONTEXT() REPRESENTATION_CONTEXT('2D SPACE',''
  ) );
#3745 = ORIENTED_EDGE('',*,*,#3746,.F.);
#3746 = EDGE_CURVE('',#3747,#3719,#3749,.T.);
#3747 = VERTEX_POINT('',#3748);
#3748 = CARTESIAN_POINT('',(0.501319247669,-17.60389175022,0.));
#3749 = SURFACE_CURVE('',#3750,(#3754,#3761),.PCURVE_S1.);
#3750 = LINE('',#3751,#3752);
#3751 = CARTESIAN_POINT('',(0.501319247669,-17.60389175022,0.));
#3752 = VECTOR('',#3753,1.);
#3753 = DIRECTION('',(1.,0.,0.));
#3754 = PCURVE('',#286,#3755);
#3755 = DEFINITIONAL_REPRESENTATION('',(#3756),#3760);
#3756 = LINE('',#3757,#3758);
#3757 = CARTESIAN_POINT('',(38.301319247669,5.846108249773));
#3758 = VECTOR('',#3759,1.);
#3759 = DIRECTION('',(1.,0.));
#3760 = ( GEOMETRIC_REPRESENTATION_CONTEXT(2) 
PARAMETRIC_REPRESENTATION_CONTEXT() REPRESENTATION_CONTEXT('2D SPACE',''
  ) );
#3761 = PCURVE('',#3762,#3767);
#3762 = PLANE('',#3763);
#3763 = AXIS2_PLACEMENT_3D('',#3764,#3765,#3766);
#3764 = CARTESIAN_POINT('',(0.501319247669,-17.60389175022,0.));
#3765 = DIRECTION('',(-0.,1.,0.));
#3766 = DIRECTION('',(1.,0.,0.));
#3767 = DEFINITIONAL_REPRESENTATION('',(#3768),#3772);
#3768 = LINE('',#3769,#3770);
#3769 = CARTESIAN_POINT('',(0.,0.));
#3770 = VECTOR('',#3771,1.);
#3771 = DIRECTION('',(1.,0.));
#3772 = ( GEOMETRIC_REPRESENTATION_CONTEXT(2) 
PARAMETRIC_REPRESENTATION_CONTEXT() REPRESENTATION_CONTEXT('2D SPACE',''
  ) );
#3773 = ORIENTED_EDGE('',*,*,#3774,.F.);
#3774 = EDGE_CURVE('',#3775,#3747,#3777,.T.);
#3775 = VERTEX_POINT('',#3776);
#3776 = CARTESIAN_POINT('',(-0.656332436093,-14.23977574613,0.));
#3777 = SURFACE_CURVE('',#3778,(#3782,#3789),.PCURVE_S1.);
#3778 = LINE('',#3779,#3780);
#3779 = CARTESIAN_POINT('',(-0.656332436093,-14.23977574613,0.));
#3780 = VECTOR('',#3781,1.);
#3781 = DIRECTION('',(0.325390653072,-0.945579675593,0.));
#3782 = PCURVE('',#286,#3783);
#3783 = DEFINITIONAL_REPRESENTATION('',(#3784),#3788);
#3784 = LINE('',#3785,#3786);
#3785 = CARTESIAN_POINT('',(37.143667563907,9.210224253866));
#3786 = VECTOR('',#3787,1.);
#3787 = DIRECTION('',(0.325390653072,-0.945579675593));
#3788 = ( GEOMETRIC_REPRESENTATION_CONTEXT(2) 
PARAMETRIC_REPRESENTATION_CONTEXT() REPRESENTATION_CONTEXT('2D SPACE',''
  ) );
#3789 = PCURVE('',#3790,#3795);
#3790 = PLANE('',#3791);
#3791 = AXIS2_PLACEMENT_3D('',#3792,#3793,#3794);
#3792 = CARTESIAN_POINT('',(-0.656332436093,-14.23977574613,0.));
#3793 = DIRECTION('',(0.945579675593,0.325390653072,0.));
#3794 = DIRECTION('',(0.325390653072,-0.945579675593,0.));
#3795 = DEFINITIONAL_REPRESENTATION('',(#3796),#3800);
#3796 = LINE('',#3797,#3798);
#3797 = CARTESIAN_POINT('',(0.,0.));
#3798 = VECTOR('',#3799,1.);
#3799 = DIRECTION('',(1.,0.));
#3800 = ( GEOMETRIC_REPRESENTATION_CONTEXT(2) 
PARAMETRIC_REPRESENTATION_CONTEXT() REPRESENTATION_CONTEXT('2D SPACE',''
  ) );
#3801 = ORIENTED_EDGE('',*,*,#3802,.F.);
#3802 = EDGE_CURVE('',#3803,#3775,#3805,.T.);
#3803 = VERTEX_POINT('',#3804);
#3804 = CARTESIAN_POINT('',(-0.913588365818,-13.46470980401,0.));
#3805 = SURFACE_CURVE('',#3806,(#3810,#3817),.PCURVE_S1.);
#3806 = B_SPLINE_CURVE_WITH_KNOTS('',2,(#3807,#3808,#3809),
  .UNSPECIFIED.,.F.,.F.,(3,3),(0.,1.),.PIECEWISE_BEZIER_KNOTS.);
#3807 = CARTESIAN_POINT('',(-0.913588365818,-13.46470980401,0.));
#3808 = CARTESIAN_POINT('',(-0.831134542188,-13.72856203962,0.));
#3809 = CARTESIAN_POINT('',(-0.656332436093,-14.23977574613,0.));
#3810 = PCURVE('',#286,#3811);
#3811 = DEFINITIONAL_REPRESENTATION('',(#3812),#3816);
#3812 = B_SPLINE_CURVE_WITH_KNOTS('',2,(#3813,#3814,#3815),
  .UNSPECIFIED.,.F.,.F.,(3,3),(0.,1.),.PIECEWISE_BEZIER_KNOTS.);
#3813 = CARTESIAN_POINT('',(36.886411634182,9.985290195986));
#3814 = CARTESIAN_POINT('',(36.968865457812,9.721437960371));
#3815 = CARTESIAN_POINT('',(37.143667563907,9.210224253866));
#3816 = ( GEOMETRIC_REPRESENTATION_CONTEXT(2) 
PARAMETRIC_REPRESENTATION_CONTEXT() REPRESENTATION_CONTEXT('2D SPACE',''
  ) );
#3817 = PCURVE('',#3818,#3825);
#3818 = SURFACE_OF_LINEAR_EXTRUSION('',#3819,#3823);
#3819 = B_SPLINE_CURVE_WITH_KNOTS('',2,(#3820,#3821,#3822),
  .UNSPECIFIED.,.F.,.F.,(3,3),(0.,1.),.PIECEWISE_BEZIER_KNOTS.);
#3820 = CARTESIAN_POINT('',(-0.913588365818,-13.46470980401,0.));
#3821 = CARTESIAN_POINT('',(-0.831134542188,-13.72856203962,0.));
#3822 = CARTESIAN_POINT('',(-0.656332436093,-14.23977574613,0.));
#3823 = VECTOR('',#3824,1.);
#3824 = DIRECTION('',(0.,0.,-1.));
#3825 = DEFINITIONAL_REPRESENTATION('',(#3826),#3830);
#3826 = LINE('',#3827,#3828);
#3827 = CARTESIAN_POINT('',(0.,0.));
#3828 = VECTOR('',#3829,1.);
#3829 = DIRECTION('',(1.,0.));
#3830 = ( GEOMETRIC_REPRESENTATION_CONTEXT(2) 
PARAMETRIC_REPRESENTATION_CONTEXT() REPRESENTATION_CONTEXT('2D SPACE',''
  ) );
#3831 = ORIENTED_EDGE('',*,*,#3832,.F.);
#3832 = EDGE_CURVE('',#3833,#3803,#3835,.T.);
#3833 = VERTEX_POINT('',#3834);
#3834 = CARTESIAN_POINT('',(-1.144459071981,-14.18040899312,0.));
#3835 = SURFACE_CURVE('',#3836,(#3840,#3847),.PCURVE_S1.);
#3836 = B_SPLINE_CURVE_WITH_KNOTS('',2,(#3837,#3838,#3839),
  .UNSPECIFIED.,.F.,.F.,(3,3),(0.,1.),.PIECEWISE_BEZIER_KNOTS.);
#3837 = CARTESIAN_POINT('',(-1.144459071981,-14.18040899312,0.));
#3838 = CARTESIAN_POINT('',(-0.986147730612,-13.70217681606,0.));
#3839 = CARTESIAN_POINT('',(-0.913588365818,-13.46470980401,0.));
#3840 = PCURVE('',#286,#3841);
#3841 = DEFINITIONAL_REPRESENTATION('',(#3842),#3846);
#3842 = B_SPLINE_CURVE_WITH_KNOTS('',2,(#3843,#3844,#3845),
  .UNSPECIFIED.,.F.,.F.,(3,3),(0.,1.),.PIECEWISE_BEZIER_KNOTS.);
#3843 = CARTESIAN_POINT('',(36.655540928019,9.26959100688));
#3844 = CARTESIAN_POINT('',(36.813852269388,9.747823183932));
#3845 = CARTESIAN_POINT('',(36.886411634182,9.985290195986));
#3846 = ( GEOMETRIC_REPRESENTATION_CONTEXT(2) 
PARAMETRIC_REPRESENTATION_CONTEXT() REPRESENTATION_CONTEXT('2D SPACE',''
  ) );
#3847 = PCURVE('',#3848,#3855);
#3848 = SURFACE_OF_LINEAR_EXTRUSION('',#3849,#3853);
#3849 = B_SPLINE_CURVE_WITH_KNOTS('',2,(#3850,#3851,#3852),
  .UNSPECIFIED.,.F.,.F.,(3,3),(0.,1.),.PIECEWISE_BEZIER_KNOTS.);
#3850 = CARTESIAN_POINT('',(-1.144459071981,-14.18040899312,0.));
#3851 = CARTESIAN_POINT('',(-0.986147730612,-13.70217681606,0.));
#3852 = CARTESIAN_POINT('',(-0.913588365818,-13.46470980401,0.));
#3853 = VECTOR('',#3854,1.);
#3854 = DIRECTION('',(0.,0.,-1.));
#3855 = DEFINITIONAL_REPRESENTATION('',(#3856),#3860);
#3856 = LINE('',#3857,#3858);
#3857 = CARTESIAN_POINT('',(0.,0.));
#3858 = VECTOR('',#3859,1.);
#3859 = DIRECTION('',(1.,0.));
#3860 = ( GEOMETRIC_REPRESENTATION_CONTEXT(2) 
PARAMETRIC_REPRESENTATION_CONTEXT() REPRESENTATION_CONTEXT('2D SPACE',''
  ) );
#3861 = ORIENTED_EDGE('',*,*,#3862,.F.);
#3862 = EDGE_CURVE('',#3863,#3833,#3865,.T.);
#3863 = VERTEX_POINT('',#3864);
#3864 = CARTESIAN_POINT('',(-2.288918143962,-17.60389175022,0.));
#3865 = SURFACE_CURVE('',#3866,(#3870,#3877),.PCURVE_S1.);
#3866 = LINE('',#3867,#3868);
#3867 = CARTESIAN_POINT('',(-2.288918143962,-17.60389175022,0.));
#3868 = VECTOR('',#3869,1.);
#3869 = DIRECTION('',(0.317049967018,0.948408835057,0.));
#3870 = PCURVE('',#286,#3871);
#3871 = DEFINITIONAL_REPRESENTATION('',(#3872),#3876);
#3872 = LINE('',#3873,#3874);
#3873 = CARTESIAN_POINT('',(35.511081856038,5.846108249773));
#3874 = VECTOR('',#3875,1.);
#3875 = DIRECTION('',(0.317049967018,0.948408835057));
#3876 = ( GEOMETRIC_REPRESENTATION_CONTEXT(2) 
PARAMETRIC_REPRESENTATION_CONTEXT() REPRESENTATION_CONTEXT('2D SPACE',''
  ) );
#3877 = PCURVE('',#3878,#3883);
#3878 = PLANE('',#3879);
#3879 = AXIS2_PLACEMENT_3D('',#3880,#3881,#3882);
#3880 = CARTESIAN_POINT('',(-2.288918143962,-17.60389175022,0.));
#3881 = DIRECTION('',(-0.948408835057,0.317049967018,0.));
#3882 = DIRECTION('',(0.317049967018,0.948408835057,0.));
#3883 = DEFINITIONAL_REPRESENTATION('',(#3884),#3888);
#3884 = LINE('',#3885,#3886);
#3885 = CARTESIAN_POINT('',(0.,0.));
#3886 = VECTOR('',#3887,1.);
#3887 = DIRECTION('',(1.,0.));
#3888 = ( GEOMETRIC_REPRESENTATION_CONTEXT(2) 
PARAMETRIC_REPRESENTATION_CONTEXT() REPRESENTATION_CONTEXT('2D SPACE',''
  ) );
#3889 = ORIENTED_EDGE('',*,*,#3890,.F.);
#3890 = EDGE_CURVE('',#3891,#3863,#3893,.T.);
#3891 = VERTEX_POINT('',#3892);
#3892 = CARTESIAN_POINT('',(-3.251978803957,-17.60389175022,0.));
#3893 = SURFACE_CURVE('',#3894,(#3898,#3905),.PCURVE_S1.);
#3894 = LINE('',#3895,#3896);
#3895 = CARTESIAN_POINT('',(-3.251978803957,-17.60389175022,0.));
#3896 = VECTOR('',#3897,1.);
#3897 = DIRECTION('',(1.,0.,0.));
#3898 = PCURVE('',#286,#3899);
#3899 = DEFINITIONAL_REPRESENTATION('',(#3900),#3904);
#3900 = LINE('',#3901,#3902);
#3901 = CARTESIAN_POINT('',(34.548021196043,5.846108249773));
#3902 = VECTOR('',#3903,1.);
#3903 = DIRECTION('',(1.,0.));
#3904 = ( GEOMETRIC_REPRESENTATION_CONTEXT(2) 
PARAMETRIC_REPRESENTATION_CONTEXT() REPRESENTATION_CONTEXT('2D SPACE',''
  ) );
#3905 = PCURVE('',#3906,#3911);
#3906 = PLANE('',#3907);
#3907 = AXIS2_PLACEMENT_3D('',#3908,#3909,#3910);
#3908 = CARTESIAN_POINT('',(-3.251978803957,-17.60389175022,0.));
#3909 = DIRECTION('',(-0.,1.,0.));
#3910 = DIRECTION('',(1.,0.,0.));
#3911 = DEFINITIONAL_REPRESENTATION('',(#3912),#3916);
#3912 = LINE('',#3913,#3914);
#3913 = CARTESIAN_POINT('',(0.,0.));
#3914 = VECTOR('',#3915,1.);
#3915 = DIRECTION('',(1.,0.));
#3916 = ( GEOMETRIC_REPRESENTATION_CONTEXT(2) 
PARAMETRIC_REPRESENTATION_CONTEXT() REPRESENTATION_CONTEXT('2D SPACE',''
  ) );
#3917 = ORIENTED_EDGE('',*,*,#3918,.F.);
#3918 = EDGE_CURVE('',#3523,#3891,#3919,.T.);
#3919 = SURFACE_CURVE('',#3920,(#3924,#3931),.PCURVE_S1.);
#3920 = LINE('',#3921,#3922);
#3921 = CARTESIAN_POINT('',(-3.251978803957,-12.76879953257,0.));
#3922 = VECTOR('',#3923,1.);
#3923 = DIRECTION('',(-0.,-1.,-0.));
#3924 = PCURVE('',#286,#3925);
#3925 = DEFINITIONAL_REPRESENTATION('',(#3926),#3930);
#3926 = LINE('',#3927,#3928);
#3927 = CARTESIAN_POINT('',(34.548021196043,10.681200467421));
#3928 = VECTOR('',#3929,1.);
#3929 = DIRECTION('',(0.,-1.));
#3930 = ( GEOMETRIC_REPRESENTATION_CONTEXT(2) 
PARAMETRIC_REPRESENTATION_CONTEXT() REPRESENTATION_CONTEXT('2D SPACE',''
  ) );
#3931 = PCURVE('',#3932,#3937);
#3932 = PLANE('',#3933);
#3933 = AXIS2_PLACEMENT_3D('',#3934,#3935,#3936);
#3934 = CARTESIAN_POINT('',(-3.251978803957,-12.76879953257,0.));
#3935 = DIRECTION('',(1.,-0.,0.));
#3936 = DIRECTION('',(-0.,-1.,0.));
#3937 = DEFINITIONAL_REPRESENTATION('',(#3938),#3942);
#3938 = LINE('',#3939,#3940);
#3939 = CARTESIAN_POINT('',(0.,0.));
#3940 = VECTOR('',#3941,1.);
#3941 = DIRECTION('',(1.,0.));
#3942 = ( GEOMETRIC_REPRESENTATION_CONTEXT(2) 
PARAMETRIC_REPRESENTATION_CONTEXT() REPRESENTATION_CONTEXT('2D SPACE',''
  ) );
#3943 = FACE_BOUND('',#3944,.F.);
#3944 = EDGE_LOOP('',(#3945,#3975,#4003,#4031,#4059,#4087,#4115,#4143));
#3945 = ORIENTED_EDGE('',*,*,#3946,.F.);
#3946 = EDGE_CURVE('',#3947,#3949,#3951,.T.);
#3947 = VERTEX_POINT('',#3948);
#3948 = CARTESIAN_POINT('',(4.26451175813,-12.76879953257,0.));
#3949 = VERTEX_POINT('',#3950);
#3950 = CARTESIAN_POINT('',(3.624670086764,-12.76879953257,0.));
#3951 = SURFACE_CURVE('',#3952,(#3956,#3963),.PCURVE_S1.);
#3952 = LINE('',#3953,#3954);
#3953 = CARTESIAN_POINT('',(4.26451175813,-12.76879953257,0.));
#3954 = VECTOR('',#3955,1.);
#3955 = DIRECTION('',(-1.,-0.,-0.));
#3956 = PCURVE('',#286,#3957);
#3957 = DEFINITIONAL_REPRESENTATION('',(#3958),#3962);
#3958 = LINE('',#3959,#3960);
#3959 = CARTESIAN_POINT('',(42.06451175813,10.681200467421));
#3960 = VECTOR('',#3961,1.);
#3961 = DIRECTION('',(-1.,0.));
#3962 = ( GEOMETRIC_REPRESENTATION_CONTEXT(2) 
PARAMETRIC_REPRESENTATION_CONTEXT() REPRESENTATION_CONTEXT('2D SPACE',''
  ) );
#3963 = PCURVE('',#3964,#3969);
#3964 = PLANE('',#3965);
#3965 = AXIS2_PLACEMENT_3D('',#3966,#3967,#3968);
#3966 = CARTESIAN_POINT('',(4.26451175813,-12.76879953257,0.));
#3967 = DIRECTION('',(0.,-1.,0.));
#3968 = DIRECTION('',(-1.,-0.,0.));
#3969 = DEFINITIONAL_REPRESENTATION('',(#3970),#3974);
#3970 = LINE('',#3971,#3972);
#3971 = CARTESIAN_POINT('',(0.,0.));
#3972 = VECTOR('',#3973,1.);
#3973 = DIRECTION('',(1.,0.));
#3974 = ( GEOMETRIC_REPRESENTATION_CONTEXT(2) 
PARAMETRIC_REPRESENTATION_CONTEXT() REPRESENTATION_CONTEXT('2D SPACE',''
  ) );
#3975 = ORIENTED_EDGE('',*,*,#3976,.F.);
#3976 = EDGE_CURVE('',#3977,#3947,#3979,.T.);
#3977 = VERTEX_POINT('',#3978);
#3978 = CARTESIAN_POINT('',(4.26451175813,-17.0333112907,0.));
#3979 = SURFACE_CURVE('',#3980,(#3984,#3991),.PCURVE_S1.);
#3980 = LINE('',#3981,#3982);
#3981 = CARTESIAN_POINT('',(4.26451175813,-17.0333112907,0.));
#3982 = VECTOR('',#3983,1.);
#3983 = DIRECTION('',(0.,1.,0.));
#3984 = PCURVE('',#286,#3985);
#3985 = DEFINITIONAL_REPRESENTATION('',(#3986),#3990);
#3986 = LINE('',#3987,#3988);
#3987 = CARTESIAN_POINT('',(42.06451175813,6.416688709291));
#3988 = VECTOR('',#3989,1.);
#3989 = DIRECTION('',(0.,1.));
#3990 = ( GEOMETRIC_REPRESENTATION_CONTEXT(2) 
PARAMETRIC_REPRESENTATION_CONTEXT() REPRESENTATION_CONTEXT('2D SPACE',''
  ) );
#3991 = PCURVE('',#3992,#3997);
#3992 = PLANE('',#3993);
#3993 = AXIS2_PLACEMENT_3D('',#3994,#3995,#3996);
#3994 = CARTESIAN_POINT('',(4.26451175813,-17.0333112907,0.));
#3995 = DIRECTION('',(-1.,0.,0.));
#3996 = DIRECTION('',(0.,1.,0.));
#3997 = DEFINITIONAL_REPRESENTATION('',(#3998),#4002);
#3998 = LINE('',#3999,#4000);
#3999 = CARTESIAN_POINT('',(0.,0.));
#4000 = VECTOR('',#4001,1.);
#4001 = DIRECTION('',(1.,0.));
#4002 = ( GEOMETRIC_REPRESENTATION_CONTEXT(2) 
PARAMETRIC_REPRESENTATION_CONTEXT() REPRESENTATION_CONTEXT('2D SPACE',''
  ) );
#4003 = ORIENTED_EDGE('',*,*,#4004,.F.);
#4004 = EDGE_CURVE('',#4005,#3977,#4007,.T.);
#4005 = VERTEX_POINT('',#4006);
#4006 = CARTESIAN_POINT('',(5.864115936547,-17.0333112907,0.));
#4007 = SURFACE_CURVE('',#4008,(#4012,#4019),.PCURVE_S1.);
#4008 = LINE('',#4009,#4010);
#4009 = CARTESIAN_POINT('',(5.864115936547,-17.0333112907,0.));
#4010 = VECTOR('',#4011,1.);
#4011 = DIRECTION('',(-1.,-0.,-0.));
#4012 = PCURVE('',#286,#4013);
#4013 = DEFINITIONAL_REPRESENTATION('',(#4014),#4018);
#4014 = LINE('',#4015,#4016);
#4015 = CARTESIAN_POINT('',(43.664115936547,6.416688709291));
#4016 = VECTOR('',#4017,1.);
#4017 = DIRECTION('',(-1.,0.));
#4018 = ( GEOMETRIC_REPRESENTATION_CONTEXT(2) 
PARAMETRIC_REPRESENTATION_CONTEXT() REPRESENTATION_CONTEXT('2D SPACE',''
  ) );
#4019 = PCURVE('',#4020,#4025);
#4020 = PLANE('',#4021);
#4021 = AXIS2_PLACEMENT_3D('',#4022,#4023,#4024);
#4022 = CARTESIAN_POINT('',(5.864115936547,-17.0333112907,0.));
#4023 = DIRECTION('',(0.,-1.,0.));
#4024 = DIRECTION('',(-1.,-0.,0.));
#4025 = DEFINITIONAL_REPRESENTATION('',(#4026),#4030);
#4026 = LINE('',#4027,#4028);
#4027 = CARTESIAN_POINT('',(0.,0.));
#4028 = VECTOR('',#4029,1.);
#4029 = DIRECTION('',(1.,0.));
#4030 = ( GEOMETRIC_REPRESENTATION_CONTEXT(2) 
PARAMETRIC_REPRESENTATION_CONTEXT() REPRESENTATION_CONTEXT('2D SPACE',''
  ) );
#4031 = ORIENTED_EDGE('',*,*,#4032,.F.);
#4032 = EDGE_CURVE('',#4033,#4005,#4035,.T.);
#4033 = VERTEX_POINT('',#4034);
#4034 = CARTESIAN_POINT('',(5.864115936547,-17.60389175022,0.));
#4035 = SURFACE_CURVE('',#4036,(#4040,#4047),.PCURVE_S1.);
#4036 = LINE('',#4037,#4038);
#4037 = CARTESIAN_POINT('',(5.864115936547,-17.60389175022,0.));
#4038 = VECTOR('',#4039,1.);
#4039 = DIRECTION('',(0.,1.,0.));
#4040 = PCURVE('',#286,#4041);
#4041 = DEFINITIONAL_REPRESENTATION('',(#4042),#4046);
#4042 = LINE('',#4043,#4044);
#4043 = CARTESIAN_POINT('',(43.664115936547,5.846108249773));
#4044 = VECTOR('',#4045,1.);
#4045 = DIRECTION('',(0.,1.));
#4046 = ( GEOMETRIC_REPRESENTATION_CONTEXT(2) 
PARAMETRIC_REPRESENTATION_CONTEXT() REPRESENTATION_CONTEXT('2D SPACE',''
  ) );
#4047 = PCURVE('',#4048,#4053);
#4048 = PLANE('',#4049);
#4049 = AXIS2_PLACEMENT_3D('',#4050,#4051,#4052);
#4050 = CARTESIAN_POINT('',(5.864115936547,-17.60389175022,0.));
#4051 = DIRECTION('',(-1.,0.,0.));
#4052 = DIRECTION('',(0.,1.,0.));
#4053 = DEFINITIONAL_REPRESENTATION('',(#4054),#4058);
#4054 = LINE('',#4055,#4056);
#4055 = CARTESIAN_POINT('',(0.,0.));
#4056 = VECTOR('',#4057,1.);
#4057 = DIRECTION('',(1.,0.));
#4058 = ( GEOMETRIC_REPRESENTATION_CONTEXT(2) 
PARAMETRIC_REPRESENTATION_CONTEXT() REPRESENTATION_CONTEXT('2D SPACE',''
  ) );
#4059 = ORIENTED_EDGE('',*,*,#4060,.F.);
#4060 = EDGE_CURVE('',#4061,#4033,#4063,.T.);
#4061 = VERTEX_POINT('',#4062);
#4062 = CARTESIAN_POINT('',(2.031662214237,-17.60389175022,0.));
#4063 = SURFACE_CURVE('',#4064,(#4068,#4075),.PCURVE_S1.);
#4064 = LINE('',#4065,#4066);
#4065 = CARTESIAN_POINT('',(2.031662214237,-17.60389175022,0.));
#4066 = VECTOR('',#4067,1.);
#4067 = DIRECTION('',(1.,0.,0.));
#4068 = PCURVE('',#286,#4069);
#4069 = DEFINITIONAL_REPRESENTATION('',(#4070),#4074);
#4070 = LINE('',#4071,#4072);
#4071 = CARTESIAN_POINT('',(39.831662214237,5.846108249773));
#4072 = VECTOR('',#4073,1.);
#4073 = DIRECTION('',(1.,0.));
#4074 = ( GEOMETRIC_REPRESENTATION_CONTEXT(2) 
PARAMETRIC_REPRESENTATION_CONTEXT() REPRESENTATION_CONTEXT('2D SPACE',''
  ) );
#4075 = PCURVE('',#4076,#4081);
#4076 = PLANE('',#4077);
#4077 = AXIS2_PLACEMENT_3D('',#4078,#4079,#4080);
#4078 = CARTESIAN_POINT('',(2.031662214237,-17.60389175022,0.));
#4079 = DIRECTION('',(-0.,1.,0.));
#4080 = DIRECTION('',(1.,0.,0.));
#4081 = DEFINITIONAL_REPRESENTATION('',(#4082),#4086);
#4082 = LINE('',#4083,#4084);
#4083 = CARTESIAN_POINT('',(0.,0.));
#4084 = VECTOR('',#4085,1.);
#4085 = DIRECTION('',(1.,0.));
#4086 = ( GEOMETRIC_REPRESENTATION_CONTEXT(2) 
PARAMETRIC_REPRESENTATION_CONTEXT() REPRESENTATION_CONTEXT('2D SPACE',''
  ) );
#4087 = ORIENTED_EDGE('',*,*,#4088,.F.);
#4088 = EDGE_CURVE('',#4089,#4061,#4091,.T.);
#4089 = VERTEX_POINT('',#4090);
#4090 = CARTESIAN_POINT('',(2.031662214237,-17.0333112907,0.));
#4091 = SURFACE_CURVE('',#4092,(#4096,#4103),.PCURVE_S1.);
#4092 = LINE('',#4093,#4094);
#4093 = CARTESIAN_POINT('',(2.031662214237,-17.0333112907,0.));
#4094 = VECTOR('',#4095,1.);
#4095 = DIRECTION('',(-0.,-1.,-0.));
#4096 = PCURVE('',#286,#4097);
#4097 = DEFINITIONAL_REPRESENTATION('',(#4098),#4102);
#4098 = LINE('',#4099,#4100);
#4099 = CARTESIAN_POINT('',(39.831662214237,6.416688709291));
#4100 = VECTOR('',#4101,1.);
#4101 = DIRECTION('',(0.,-1.));
#4102 = ( GEOMETRIC_REPRESENTATION_CONTEXT(2) 
PARAMETRIC_REPRESENTATION_CONTEXT() REPRESENTATION_CONTEXT('2D SPACE',''
  ) );
#4103 = PCURVE('',#4104,#4109);
#4104 = PLANE('',#4105);
#4105 = AXIS2_PLACEMENT_3D('',#4106,#4107,#4108);
#4106 = CARTESIAN_POINT('',(2.031662214237,-17.0333112907,0.));
#4107 = DIRECTION('',(1.,-0.,0.));
#4108 = DIRECTION('',(-0.,-1.,0.));
#4109 = DEFINITIONAL_REPRESENTATION('',(#4110),#4114);
#4110 = LINE('',#4111,#4112);
#4111 = CARTESIAN_POINT('',(0.,0.));
#4112 = VECTOR('',#4113,1.);
#4113 = DIRECTION('',(1.,0.));
#4114 = ( GEOMETRIC_REPRESENTATION_CONTEXT(2) 
PARAMETRIC_REPRESENTATION_CONTEXT() REPRESENTATION_CONTEXT('2D SPACE',''
  ) );
#4115 = ORIENTED_EDGE('',*,*,#4116,.F.);
#4116 = EDGE_CURVE('',#4117,#4089,#4119,.T.);
#4117 = VERTEX_POINT('',#4118);
#4118 = CARTESIAN_POINT('',(3.624670086764,-17.0333112907,0.));
#4119 = SURFACE_CURVE('',#4120,(#4124,#4131),.PCURVE_S1.);
#4120 = LINE('',#4121,#4122);
#4121 = CARTESIAN_POINT('',(3.624670086764,-17.0333112907,0.));
#4122 = VECTOR('',#4123,1.);
#4123 = DIRECTION('',(-1.,-0.,-0.));
#4124 = PCURVE('',#286,#4125);
#4125 = DEFINITIONAL_REPRESENTATION('',(#4126),#4130);
#4126 = LINE('',#4127,#4128);
#4127 = CARTESIAN_POINT('',(41.424670086764,6.416688709291));
#4128 = VECTOR('',#4129,1.);
#4129 = DIRECTION('',(-1.,0.));
#4130 = ( GEOMETRIC_REPRESENTATION_CONTEXT(2) 
PARAMETRIC_REPRESENTATION_CONTEXT() REPRESENTATION_CONTEXT('2D SPACE',''
  ) );
#4131 = PCURVE('',#4132,#4137);
#4132 = PLANE('',#4133);
#4133 = AXIS2_PLACEMENT_3D('',#4134,#4135,#4136);
#4134 = CARTESIAN_POINT('',(3.624670086764,-17.0333112907,0.));
#4135 = DIRECTION('',(0.,-1.,0.));
#4136 = DIRECTION('',(-1.,-0.,0.));
#4137 = DEFINITIONAL_REPRESENTATION('',(#4138),#4142);
#4138 = LINE('',#4139,#4140);
#4139 = CARTESIAN_POINT('',(0.,0.));
#4140 = VECTOR('',#4141,1.);
#4141 = DIRECTION('',(1.,0.));
#4142 = ( GEOMETRIC_REPRESENTATION_CONTEXT(2) 
PARAMETRIC_REPRESENTATION_CONTEXT() REPRESENTATION_CONTEXT('2D SPACE',''
  ) );
#4143 = ORIENTED_EDGE('',*,*,#4144,.F.);
#4144 = EDGE_CURVE('',#3949,#4117,#4145,.T.);
#4145 = SURFACE_CURVE('',#4146,(#4150,#4157),.PCURVE_S1.);
#4146 = LINE('',#4147,#4148);
#4147 = CARTESIAN_POINT('',(3.624670086764,-12.76879953257,0.));
#4148 = VECTOR('',#4149,1.);
#4149 = DIRECTION('',(-0.,-1.,-0.));
#4150 = PCURVE('',#286,#4151);
#4151 = DEFINITIONAL_REPRESENTATION('',(#4152),#4156);
#4152 = LINE('',#4153,#4154);
#4153 = CARTESIAN_POINT('',(41.424670086764,10.681200467421));
#4154 = VECTOR('',#4155,1.);
#4155 = DIRECTION('',(0.,-1.));
#4156 = ( GEOMETRIC_REPRESENTATION_CONTEXT(2) 
PARAMETRIC_REPRESENTATION_CONTEXT() REPRESENTATION_CONTEXT('2D SPACE',''
  ) );
#4157 = PCURVE('',#4158,#4163);
#4158 = PLANE('',#4159);
#4159 = AXIS2_PLACEMENT_3D('',#4160,#4161,#4162);
#4160 = CARTESIAN_POINT('',(3.624670086764,-12.76879953257,0.));
#4161 = DIRECTION('',(1.,-0.,0.));
#4162 = DIRECTION('',(-0.,-1.,0.));
#4163 = DEFINITIONAL_REPRESENTATION('',(#4164),#4168);
#4164 = LINE('',#4165,#4166);
#4165 = CARTESIAN_POINT('',(0.,0.));
#4166 = VECTOR('',#4167,1.);
#4167 = DIRECTION('',(1.,0.));
#4168 = ( GEOMETRIC_REPRESENTATION_CONTEXT(2) 
PARAMETRIC_REPRESENTATION_CONTEXT() REPRESENTATION_CONTEXT('2D SPACE',''
  ) );
#4169 = FACE_BOUND('',#4170,.F.);
#4170 = EDGE_LOOP('',(#4171,#4201,#4229,#4259,#4289,#4317,#4345,#4373,
    #4401,#4429,#4457,#4487,#4517,#4545,#4573,#4601));
#4171 = ORIENTED_EDGE('',*,*,#4172,.F.);
#4172 = EDGE_CURVE('',#4173,#4175,#4177,.T.);
#4173 = VERTEX_POINT('',#4174);
#4174 = CARTESIAN_POINT('',(6.797493220036,-12.76879953257,0.));
#4175 = VERTEX_POINT('',#4176);
#4176 = CARTESIAN_POINT('',(6.029023583807,-12.76879953257,0.));
#4177 = SURFACE_CURVE('',#4178,(#4182,#4189),.PCURVE_S1.);
#4178 = LINE('',#4179,#4180);
#4179 = CARTESIAN_POINT('',(6.797493220036,-12.76879953257,0.));
#4180 = VECTOR('',#4181,1.);
#4181 = DIRECTION('',(-1.,-0.,-0.));
#4182 = PCURVE('',#286,#4183);
#4183 = DEFINITIONAL_REPRESENTATION('',(#4184),#4188);
#4184 = LINE('',#4185,#4186);
#4185 = CARTESIAN_POINT('',(44.597493220036,10.681200467421));
#4186 = VECTOR('',#4187,1.);
#4187 = DIRECTION('',(-1.,0.));
#4188 = ( GEOMETRIC_REPRESENTATION_CONTEXT(2) 
PARAMETRIC_REPRESENTATION_CONTEXT() REPRESENTATION_CONTEXT('2D SPACE',''
  ) );
#4189 = PCURVE('',#4190,#4195);
#4190 = PLANE('',#4191);
#4191 = AXIS2_PLACEMENT_3D('',#4192,#4193,#4194);
#4192 = CARTESIAN_POINT('',(6.797493220036,-12.76879953257,0.));
#4193 = DIRECTION('',(0.,-1.,0.));
#4194 = DIRECTION('',(-1.,-0.,0.));
#4195 = DEFINITIONAL_REPRESENTATION('',(#4196),#4200);
#4196 = LINE('',#4197,#4198);
#4197 = CARTESIAN_POINT('',(0.,0.));
#4198 = VECTOR('',#4199,1.);
#4199 = DIRECTION('',(1.,0.));
#4200 = ( GEOMETRIC_REPRESENTATION_CONTEXT(2) 
PARAMETRIC_REPRESENTATION_CONTEXT() REPRESENTATION_CONTEXT('2D SPACE',''
  ) );
#4201 = ORIENTED_EDGE('',*,*,#4202,.F.);
#4202 = EDGE_CURVE('',#4203,#4173,#4205,.T.);
#4203 = VERTEX_POINT('',#4204);
#4204 = CARTESIAN_POINT('',(8.011213503866,-14.45415568757,0.));
#4205 = SURFACE_CURVE('',#4206,(#4210,#4217),.PCURVE_S1.);
#4206 = LINE('',#4207,#4208);
#4207 = CARTESIAN_POINT('',(8.011213503866,-14.45415568757,0.));
#4208 = VECTOR('',#4209,1.);
#4209 = DIRECTION('',(-0.584388390386,0.811474096433,0.));
#4210 = PCURVE('',#286,#4211);
#4211 = DEFINITIONAL_REPRESENTATION('',(#4212),#4216);
#4212 = LINE('',#4213,#4214);
#4213 = CARTESIAN_POINT('',(45.811213503866,8.995844312429));
#4214 = VECTOR('',#4215,1.);
#4215 = DIRECTION('',(-0.584388390386,0.811474096433));
#4216 = ( GEOMETRIC_REPRESENTATION_CONTEXT(2) 
PARAMETRIC_REPRESENTATION_CONTEXT() REPRESENTATION_CONTEXT('2D SPACE',''
  ) );
#4217 = PCURVE('',#4218,#4223);
#4218 = PLANE('',#4219);
#4219 = AXIS2_PLACEMENT_3D('',#4220,#4221,#4222);
#4220 = CARTESIAN_POINT('',(8.011213503866,-14.45415568757,0.));
#4221 = DIRECTION('',(-0.811474096433,-0.584388390386,-0.));
#4222 = DIRECTION('',(-0.584388390386,0.811474096433,0.));
#4223 = DEFINITIONAL_REPRESENTATION('',(#4224),#4228);
#4224 = LINE('',#4225,#4226);
#4225 = CARTESIAN_POINT('',(0.,0.));
#4226 = VECTOR('',#4227,1.);
#4227 = DIRECTION('',(1.,0.));
#4228 = ( GEOMETRIC_REPRESENTATION_CONTEXT(2) 
PARAMETRIC_REPRESENTATION_CONTEXT() REPRESENTATION_CONTEXT('2D SPACE',''
  ) );
#4229 = ORIENTED_EDGE('',*,*,#4230,.F.);
#4230 = EDGE_CURVE('',#4231,#4203,#4233,.T.);
#4231 = VERTEX_POINT('',#4232);
#4232 = CARTESIAN_POINT('',(8.242084210029,-14.81695251154,0.));
#4233 = SURFACE_CURVE('',#4234,(#4238,#4245),.PCURVE_S1.);
#4234 = B_SPLINE_CURVE_WITH_KNOTS('',2,(#4235,#4236,#4237),
  .UNSPECIFIED.,.F.,.F.,(3,3),(0.,1.),.PIECEWISE_BEZIER_KNOTS.);
#4235 = CARTESIAN_POINT('',(8.242084210029,-14.81695251154,0.));
#4236 = CARTESIAN_POINT('',(8.080474715715,-14.55310027592,0.));
#4237 = CARTESIAN_POINT('',(8.011213503866,-14.45415568757,0.));
#4238 = PCURVE('',#286,#4239);
#4239 = DEFINITIONAL_REPRESENTATION('',(#4240),#4244);
#4240 = B_SPLINE_CURVE_WITH_KNOTS('',2,(#4241,#4242,#4243),
  .UNSPECIFIED.,.F.,.F.,(3,3),(0.,1.),.PIECEWISE_BEZIER_KNOTS.);
#4241 = CARTESIAN_POINT('',(46.042084210029,8.633047488458));
#4242 = CARTESIAN_POINT('',(45.880474715715,8.896899724073));
#4243 = CARTESIAN_POINT('',(45.811213503866,8.995844312429));
#4244 = ( GEOMETRIC_REPRESENTATION_CONTEXT(2) 
PARAMETRIC_REPRESENTATION_CONTEXT() REPRESENTATION_CONTEXT('2D SPACE',''
  ) );
#4245 = PCURVE('',#4246,#4253);
#4246 = SURFACE_OF_LINEAR_EXTRUSION('',#4247,#4251);
#4247 = B_SPLINE_CURVE_WITH_KNOTS('',2,(#4248,#4249,#4250),
  .UNSPECIFIED.,.F.,.F.,(3,3),(0.,1.),.PIECEWISE_BEZIER_KNOTS.);
#4248 = CARTESIAN_POINT('',(8.242084210029,-14.81695251154,0.));
#4249 = CARTESIAN_POINT('',(8.080474715715,-14.55310027592,0.));
#4250 = CARTESIAN_POINT('',(8.011213503866,-14.45415568757,0.));
#4251 = VECTOR('',#4252,1.);
#4252 = DIRECTION('',(0.,0.,-1.));
#4253 = DEFINITIONAL_REPRESENTATION('',(#4254),#4258);
#4254 = LINE('',#4255,#4256);
#4255 = CARTESIAN_POINT('',(0.,0.));
#4256 = VECTOR('',#4257,1.);
#4257 = DIRECTION('',(1.,0.));
#4258 = ( GEOMETRIC_REPRESENTATION_CONTEXT(2) 
PARAMETRIC_REPRESENTATION_CONTEXT() REPRESENTATION_CONTEXT('2D SPACE',''
  ) );
#4259 = ORIENTED_EDGE('',*,*,#4260,.F.);
#4260 = EDGE_CURVE('',#4261,#4231,#4263,.T.);
#4261 = VERTEX_POINT('',#4262);
#4262 = CARTESIAN_POINT('',(8.453165998521,-14.49373352291,0.));
#4263 = SURFACE_CURVE('',#4264,(#4268,#4275),.PCURVE_S1.);
#4264 = B_SPLINE_CURVE_WITH_KNOTS('',2,(#4265,#4266,#4267),
  .UNSPECIFIED.,.F.,.F.,(3,3),(0.,1.),.PIECEWISE_BEZIER_KNOTS.);
#4265 = CARTESIAN_POINT('',(8.453165998521,-14.49373352291,0.));
#4266 = CARTESIAN_POINT('',(8.35092325722,-14.64215040544,0.));
#4267 = CARTESIAN_POINT('',(8.242084210029,-14.81695251154,0.));
#4268 = PCURVE('',#286,#4269);
#4269 = DEFINITIONAL_REPRESENTATION('',(#4270),#4274);
#4270 = B_SPLINE_CURVE_WITH_KNOTS('',2,(#4271,#4272,#4273),
  .UNSPECIFIED.,.F.,.F.,(3,3),(0.,1.),.PIECEWISE_BEZIER_KNOTS.);
#4271 = CARTESIAN_POINT('',(46.253165998521,8.956266477087));
#4272 = CARTESIAN_POINT('',(46.15092325722,8.807849594553));
#4273 = CARTESIAN_POINT('',(46.042084210029,8.633047488458));
#4274 = ( GEOMETRIC_REPRESENTATION_CONTEXT(2) 
PARAMETRIC_REPRESENTATION_CONTEXT() REPRESENTATION_CONTEXT('2D SPACE',''
  ) );
#4275 = PCURVE('',#4276,#4283);
#4276 = SURFACE_OF_LINEAR_EXTRUSION('',#4277,#4281);
#4277 = B_SPLINE_CURVE_WITH_KNOTS('',2,(#4278,#4279,#4280),
  .UNSPECIFIED.,.F.,.F.,(3,3),(0.,1.),.PIECEWISE_BEZIER_KNOTS.);
#4278 = CARTESIAN_POINT('',(8.453165998521,-14.49373352291,0.));
#4279 = CARTESIAN_POINT('',(8.35092325722,-14.64215040544,0.));
#4280 = CARTESIAN_POINT('',(8.242084210029,-14.81695251154,0.));
#4281 = VECTOR('',#4282,1.);
#4282 = DIRECTION('',(0.,0.,-1.));
#4283 = DEFINITIONAL_REPRESENTATION('',(#4284),#4288);
#4284 = LINE('',#4285,#4286);
#4285 = CARTESIAN_POINT('',(0.,0.));
#4286 = VECTOR('',#4287,1.);
#4287 = DIRECTION('',(1.,0.));
#4288 = ( GEOMETRIC_REPRESENTATION_CONTEXT(2) 
PARAMETRIC_REPRESENTATION_CONTEXT() REPRESENTATION_CONTEXT('2D SPACE',''
  ) );
#4289 = ORIENTED_EDGE('',*,*,#4290,.F.);
#4290 = EDGE_CURVE('',#4291,#4261,#4293,.T.);
#4291 = VERTEX_POINT('',#4292);
#4292 = CARTESIAN_POINT('',(9.670184435296,-12.76879953257,0.));
#4293 = SURFACE_CURVE('',#4294,(#4298,#4305),.PCURVE_S1.);
#4294 = LINE('',#4295,#4296);
#4295 = CARTESIAN_POINT('',(9.670184435296,-12.76879953257,0.));
#4296 = VECTOR('',#4297,1.);
#4297 = DIRECTION('',(-0.576499167389,-0.817097735892,-0.));
#4298 = PCURVE('',#286,#4299);
#4299 = DEFINITIONAL_REPRESENTATION('',(#4300),#4304);
#4300 = LINE('',#4301,#4302);
#4301 = CARTESIAN_POINT('',(47.470184435296,10.681200467421));
#4302 = VECTOR('',#4303,1.);
#4303 = DIRECTION('',(-0.576499167389,-0.817097735892));
#4304 = ( GEOMETRIC_REPRESENTATION_CONTEXT(2) 
PARAMETRIC_REPRESENTATION_CONTEXT() REPRESENTATION_CONTEXT('2D SPACE',''
  ) );
#4305 = PCURVE('',#4306,#4311);
#4306 = PLANE('',#4307);
#4307 = AXIS2_PLACEMENT_3D('',#4308,#4309,#4310);
#4308 = CARTESIAN_POINT('',(9.670184435296,-12.76879953257,0.));
#4309 = DIRECTION('',(0.817097735892,-0.576499167389,0.));
#4310 = DIRECTION('',(-0.576499167389,-0.817097735892,0.));
#4311 = DEFINITIONAL_REPRESENTATION('',(#4312),#4316);
#4312 = LINE('',#4313,#4314);
#4313 = CARTESIAN_POINT('',(0.,0.));
#4314 = VECTOR('',#4315,1.);
#4315 = DIRECTION('',(1.,0.));
#4316 = ( GEOMETRIC_REPRESENTATION_CONTEXT(2) 
PARAMETRIC_REPRESENTATION_CONTEXT() REPRESENTATION_CONTEXT('2D SPACE',''
  ) );
#4317 = ORIENTED_EDGE('',*,*,#4318,.F.);
#4318 = EDGE_CURVE('',#4319,#4291,#4321,.T.);
#4319 = VERTEX_POINT('',#4320);
#4320 = CARTESIAN_POINT('',(10.461741142142,-12.76879953257,0.));
#4321 = SURFACE_CURVE('',#4322,(#4326,#4333),.PCURVE_S1.);
#4322 = LINE('',#4323,#4324);
#4323 = CARTESIAN_POINT('',(10.461741142142,-12.76879953257,0.));
#4324 = VECTOR('',#4325,1.);
#4325 = DIRECTION('',(-1.,-0.,-0.));
#4326 = PCURVE('',#286,#4327);
#4327 = DEFINITIONAL_REPRESENTATION('',(#4328),#4332);
#4328 = LINE('',#4329,#4330);
#4329 = CARTESIAN_POINT('',(48.261741142142,10.681200467421));
#4330 = VECTOR('',#4331,1.);
#4331 = DIRECTION('',(-1.,0.));
#4332 = ( GEOMETRIC_REPRESENTATION_CONTEXT(2) 
PARAMETRIC_REPRESENTATION_CONTEXT() REPRESENTATION_CONTEXT('2D SPACE',''
  ) );
#4333 = PCURVE('',#4334,#4339);
#4334 = PLANE('',#4335);
#4335 = AXIS2_PLACEMENT_3D('',#4336,#4337,#4338);
#4336 = CARTESIAN_POINT('',(10.461741142142,-12.76879953257,0.));
#4337 = DIRECTION('',(0.,-1.,0.));
#4338 = DIRECTION('',(-1.,-0.,0.));
#4339 = DEFINITIONAL_REPRESENTATION('',(#4340),#4344);
#4340 = LINE('',#4341,#4342);
#4341 = CARTESIAN_POINT('',(0.,0.));
#4342 = VECTOR('',#4343,1.);
#4343 = DIRECTION('',(1.,0.));
#4344 = ( GEOMETRIC_REPRESENTATION_CONTEXT(2) 
PARAMETRIC_REPRESENTATION_CONTEXT() REPRESENTATION_CONTEXT('2D SPACE',''
  ) );
#4345 = ORIENTED_EDGE('',*,*,#4346,.F.);
#4346 = EDGE_CURVE('',#4347,#4319,#4349,.T.);
#4347 = VERTEX_POINT('',#4348);
#4348 = CARTESIAN_POINT('',(8.631266257562,-15.3248680651,0.));
#4349 = SURFACE_CURVE('',#4350,(#4354,#4361),.PCURVE_S1.);
#4350 = LINE('',#4351,#4352);
#4351 = CARTESIAN_POINT('',(8.631266257562,-15.3248680651,0.));
#4352 = VECTOR('',#4353,1.);
#4353 = DIRECTION('',(0.582230118662,0.813024039573,0.));
#4354 = PCURVE('',#286,#4355);
#4355 = DEFINITIONAL_REPRESENTATION('',(#4356),#4360);
#4356 = LINE('',#4357,#4358);
#4357 = CARTESIAN_POINT('',(46.431266257562,8.125131934899));
#4358 = VECTOR('',#4359,1.);
#4359 = DIRECTION('',(0.582230118662,0.813024039573));
#4360 = ( GEOMETRIC_REPRESENTATION_CONTEXT(2) 
PARAMETRIC_REPRESENTATION_CONTEXT() REPRESENTATION_CONTEXT('2D SPACE',''
  ) );
#4361 = PCURVE('',#4362,#4367);
#4362 = PLANE('',#4363);
#4363 = AXIS2_PLACEMENT_3D('',#4364,#4365,#4366);
#4364 = CARTESIAN_POINT('',(8.631266257562,-15.3248680651,0.));
#4365 = DIRECTION('',(-0.813024039573,0.582230118662,0.));
#4366 = DIRECTION('',(0.582230118662,0.813024039573,0.));
#4367 = DEFINITIONAL_REPRESENTATION('',(#4368),#4372);
#4368 = LINE('',#4369,#4370);
#4369 = CARTESIAN_POINT('',(0.,0.));
#4370 = VECTOR('',#4371,1.);
#4371 = DIRECTION('',(1.,0.));
#4372 = ( GEOMETRIC_REPRESENTATION_CONTEXT(2) 
PARAMETRIC_REPRESENTATION_CONTEXT() REPRESENTATION_CONTEXT('2D SPACE',''
  ) );
#4373 = ORIENTED_EDGE('',*,*,#4374,.F.);
#4374 = EDGE_CURVE('',#4375,#4347,#4377,.T.);
#4375 = VERTEX_POINT('',#4376);
#4376 = CARTESIAN_POINT('',(10.329815024334,-17.60389175022,0.));
#4377 = SURFACE_CURVE('',#4378,(#4382,#4389),.PCURVE_S1.);
#4378 = LINE('',#4379,#4380);
#4379 = CARTESIAN_POINT('',(10.329815024334,-17.60389175022,0.));
#4380 = VECTOR('',#4381,1.);
#4381 = DIRECTION('',(-0.597583727394,0.801806515784,0.));
#4382 = PCURVE('',#286,#4383);
#4383 = DEFINITIONAL_REPRESENTATION('',(#4384),#4388);
#4384 = LINE('',#4385,#4386);
#4385 = CARTESIAN_POINT('',(48.129815024334,5.846108249773));
#4386 = VECTOR('',#4387,1.);
#4387 = DIRECTION('',(-0.597583727394,0.801806515784));
#4388 = ( GEOMETRIC_REPRESENTATION_CONTEXT(2) 
PARAMETRIC_REPRESENTATION_CONTEXT() REPRESENTATION_CONTEXT('2D SPACE',''
  ) );
#4389 = PCURVE('',#4390,#4395);
#4390 = PLANE('',#4391);
#4391 = AXIS2_PLACEMENT_3D('',#4392,#4393,#4394);
#4392 = CARTESIAN_POINT('',(10.329815024334,-17.60389175022,0.));
#4393 = DIRECTION('',(-0.801806515784,-0.597583727394,-0.));
#4394 = DIRECTION('',(-0.597583727394,0.801806515784,0.));
#4395 = DEFINITIONAL_REPRESENTATION('',(#4396),#4400);
#4396 = LINE('',#4397,#4398);
#4397 = CARTESIAN_POINT('',(0.,0.));
#4398 = VECTOR('',#4399,1.);
#4399 = DIRECTION('',(1.,0.));
#4400 = ( GEOMETRIC_REPRESENTATION_CONTEXT(2) 
PARAMETRIC_REPRESENTATION_CONTEXT() REPRESENTATION_CONTEXT('2D SPACE',''
  ) );
#4401 = ORIENTED_EDGE('',*,*,#4402,.F.);
#4402 = EDGE_CURVE('',#4403,#4375,#4405,.T.);
#4403 = VERTEX_POINT('',#4404);
#4404 = CARTESIAN_POINT('',(9.633904752899,-17.60389175022,0.));
#4405 = SURFACE_CURVE('',#4406,(#4410,#4417),.PCURVE_S1.);
#4406 = LINE('',#4407,#4408);
#4407 = CARTESIAN_POINT('',(9.633904752899,-17.60389175022,0.));
#4408 = VECTOR('',#4409,1.);
#4409 = DIRECTION('',(1.,0.,0.));
#4410 = PCURVE('',#286,#4411);
#4411 = DEFINITIONAL_REPRESENTATION('',(#4412),#4416);
#4412 = LINE('',#4413,#4414);
#4413 = CARTESIAN_POINT('',(47.433904752899,5.846108249773));
#4414 = VECTOR('',#4415,1.);
#4415 = DIRECTION('',(1.,0.));
#4416 = ( GEOMETRIC_REPRESENTATION_CONTEXT(2) 
PARAMETRIC_REPRESENTATION_CONTEXT() REPRESENTATION_CONTEXT('2D SPACE',''
  ) );
#4417 = PCURVE('',#4418,#4423);
#4418 = PLANE('',#4419);
#4419 = AXIS2_PLACEMENT_3D('',#4420,#4421,#4422);
#4420 = CARTESIAN_POINT('',(9.633904752899,-17.60389175022,0.));
#4421 = DIRECTION('',(-0.,1.,0.));
#4422 = DIRECTION('',(1.,0.,0.));
#4423 = DEFINITIONAL_REPRESENTATION('',(#4424),#4428);
#4424 = LINE('',#4425,#4426);
#4425 = CARTESIAN_POINT('',(0.,0.));
#4426 = VECTOR('',#4427,1.);
#4427 = DIRECTION('',(1.,0.));
#4428 = ( GEOMETRIC_REPRESENTATION_CONTEXT(2) 
PARAMETRIC_REPRESENTATION_CONTEXT() REPRESENTATION_CONTEXT('2D SPACE',''
  ) );
#4429 = ORIENTED_EDGE('',*,*,#4430,.F.);
#4430 = EDGE_CURVE('',#4431,#4403,#4433,.T.);
#4431 = VERTEX_POINT('',#4432);
#4432 = CARTESIAN_POINT('',(8.660949634068,-16.32091025454,0.));
#4433 = SURFACE_CURVE('',#4434,(#4438,#4445),.PCURVE_S1.);
#4434 = LINE('',#4435,#4436);
#4435 = CARTESIAN_POINT('',(8.660949634068,-16.32091025454,0.));
#4436 = VECTOR('',#4437,1.);
#4437 = DIRECTION('',(0.604251979837,-0.796793288666,0.));
#4438 = PCURVE('',#286,#4439);
#4439 = DEFINITIONAL_REPRESENTATION('',(#4440),#4444);
#4440 = LINE('',#4441,#4442);
#4441 = CARTESIAN_POINT('',(46.460949634068,7.129089745452));
#4442 = VECTOR('',#4443,1.);
#4443 = DIRECTION('',(0.604251979837,-0.796793288666));
#4444 = ( GEOMETRIC_REPRESENTATION_CONTEXT(2) 
PARAMETRIC_REPRESENTATION_CONTEXT() REPRESENTATION_CONTEXT('2D SPACE',''
  ) );
#4445 = PCURVE('',#4446,#4451);
#4446 = PLANE('',#4447);
#4447 = AXIS2_PLACEMENT_3D('',#4448,#4449,#4450);
#4448 = CARTESIAN_POINT('',(8.660949634068,-16.32091025454,0.));
#4449 = DIRECTION('',(0.796793288666,0.604251979837,0.));
#4450 = DIRECTION('',(0.604251979837,-0.796793288666,0.));
#4451 = DEFINITIONAL_REPRESENTATION('',(#4452),#4456);
#4452 = LINE('',#4453,#4454);
#4453 = CARTESIAN_POINT('',(0.,0.));
#4454 = VECTOR('',#4455,1.);
#4455 = DIRECTION('',(1.,0.));
#4456 = ( GEOMETRIC_REPRESENTATION_CONTEXT(2) 
PARAMETRIC_REPRESENTATION_CONTEXT() REPRESENTATION_CONTEXT('2D SPACE',''
  ) );
#4457 = ORIENTED_EDGE('',*,*,#4458,.F.);
#4458 = EDGE_CURVE('',#4459,#4431,#4461,.T.);
#4459 = VERTEX_POINT('',#4460);
#4460 = CARTESIAN_POINT('',(8.278363892426,-15.7701187127,0.));
#4461 = SURFACE_CURVE('',#4462,(#4466,#4473),.PCURVE_S1.);
#4462 = B_SPLINE_CURVE_WITH_KNOTS('',2,(#4463,#4464,#4465),
  .UNSPECIFIED.,.F.,.F.,(3,3),(0.,1.),.PIECEWISE_BEZIER_KNOTS.);
#4463 = CARTESIAN_POINT('',(8.278363892426,-15.7701187127,0.));
#4464 = CARTESIAN_POINT('',(8.439973386741,-16.03397094831,0.));
#4465 = CARTESIAN_POINT('',(8.660949634068,-16.32091025454,0.));
#4466 = PCURVE('',#286,#4467);
#4467 = DEFINITIONAL_REPRESENTATION('',(#4468),#4472);
#4468 = B_SPLINE_CURVE_WITH_KNOTS('',2,(#4469,#4470,#4471),
  .UNSPECIFIED.,.F.,.F.,(3,3),(0.,1.),.PIECEWISE_BEZIER_KNOTS.);
#4469 = CARTESIAN_POINT('',(46.078363892426,7.679881287298));
#4470 = CARTESIAN_POINT('',(46.239973386741,7.416029051683));
#4471 = CARTESIAN_POINT('',(46.460949634068,7.129089745452));
#4472 = ( GEOMETRIC_REPRESENTATION_CONTEXT(2) 
PARAMETRIC_REPRESENTATION_CONTEXT() REPRESENTATION_CONTEXT('2D SPACE',''
  ) );
#4473 = PCURVE('',#4474,#4481);
#4474 = SURFACE_OF_LINEAR_EXTRUSION('',#4475,#4479);
#4475 = B_SPLINE_CURVE_WITH_KNOTS('',2,(#4476,#4477,#4478),
  .UNSPECIFIED.,.F.,.F.,(3,3),(0.,1.),.PIECEWISE_BEZIER_KNOTS.);
#4476 = CARTESIAN_POINT('',(8.278363892426,-15.7701187127,0.));
#4477 = CARTESIAN_POINT('',(8.439973386741,-16.03397094831,0.));
#4478 = CARTESIAN_POINT('',(8.660949634068,-16.32091025454,0.));
#4479 = VECTOR('',#4480,1.);
#4480 = DIRECTION('',(0.,0.,-1.));
#4481 = DEFINITIONAL_REPRESENTATION('',(#4482),#4486);
#4482 = LINE('',#4483,#4484);
#4483 = CARTESIAN_POINT('',(0.,0.));
#4484 = VECTOR('',#4485,1.);
#4485 = DIRECTION('',(1.,0.));
#4486 = ( GEOMETRIC_REPRESENTATION_CONTEXT(2) 
PARAMETRIC_REPRESENTATION_CONTEXT() REPRESENTATION_CONTEXT('2D SPACE',''
  ) );
#4487 = ORIENTED_EDGE('',*,*,#4488,.F.);
#4488 = EDGE_CURVE('',#4489,#4459,#4491,.T.);
#4489 = VERTEX_POINT('',#4490);
#4490 = CARTESIAN_POINT('',(7.889181844894,-16.36378624283,0.));
#4491 = SURFACE_CURVE('',#4492,(#4496,#4503),.PCURVE_S1.);
#4492 = B_SPLINE_CURVE_WITH_KNOTS('',2,(#4493,#4494,#4495),
  .UNSPECIFIED.,.F.,.F.,(3,3),(0.,1.),.PIECEWISE_BEZIER_KNOTS.);
#4493 = CARTESIAN_POINT('',(7.889181844894,-16.36378624283,0.));
#4494 = CARTESIAN_POINT('',(8.162928539345,-15.97790234824,0.));
#4495 = CARTESIAN_POINT('',(8.278363892426,-15.7701187127,0.));
#4496 = PCURVE('',#286,#4497);
#4497 = DEFINITIONAL_REPRESENTATION('',(#4498),#4502);
#4498 = B_SPLINE_CURVE_WITH_KNOTS('',2,(#4499,#4500,#4501),
  .UNSPECIFIED.,.F.,.F.,(3,3),(0.,1.),.PIECEWISE_BEZIER_KNOTS.);
#4499 = CARTESIAN_POINT('',(45.689181844894,7.086213757164));
#4500 = CARTESIAN_POINT('',(45.962928539345,7.472097651751));
#4501 = CARTESIAN_POINT('',(46.078363892426,7.679881287298));
#4502 = ( GEOMETRIC_REPRESENTATION_CONTEXT(2) 
PARAMETRIC_REPRESENTATION_CONTEXT() REPRESENTATION_CONTEXT('2D SPACE',''
  ) );
#4503 = PCURVE('',#4504,#4511);
#4504 = SURFACE_OF_LINEAR_EXTRUSION('',#4505,#4509);
#4505 = B_SPLINE_CURVE_WITH_KNOTS('',2,(#4506,#4507,#4508),
  .UNSPECIFIED.,.F.,.F.,(3,3),(0.,1.),.PIECEWISE_BEZIER_KNOTS.);
#4506 = CARTESIAN_POINT('',(7.889181844894,-16.36378624283,0.));
#4507 = CARTESIAN_POINT('',(8.162928539345,-15.97790234824,0.));
#4508 = CARTESIAN_POINT('',(8.278363892426,-15.7701187127,0.));
#4509 = VECTOR('',#4510,1.);
#4510 = DIRECTION('',(0.,0.,-1.));
#4511 = DEFINITIONAL_REPRESENTATION('',(#4512),#4516);
#4512 = LINE('',#4513,#4514);
#4513 = CARTESIAN_POINT('',(0.,0.));
#4514 = VECTOR('',#4515,1.);
#4515 = DIRECTION('',(1.,0.));
#4516 = ( GEOMETRIC_REPRESENTATION_CONTEXT(2) 
PARAMETRIC_REPRESENTATION_CONTEXT() REPRESENTATION_CONTEXT('2D SPACE',''
  ) );
#4517 = ORIENTED_EDGE('',*,*,#4518,.F.);
#4518 = EDGE_CURVE('',#4519,#4489,#4521,.T.);
#4519 = VERTEX_POINT('',#4520);
#4520 = CARTESIAN_POINT('',(7.011873161473,-17.60389175022,0.));
#4521 = SURFACE_CURVE('',#4522,(#4526,#4533),.PCURVE_S1.);
#4522 = LINE('',#4523,#4524);
#4523 = CARTESIAN_POINT('',(7.011873161473,-17.60389175022,0.));
#4524 = VECTOR('',#4525,1.);
#4525 = DIRECTION('',(0.577535312124,0.816365704356,0.));
#4526 = PCURVE('',#286,#4527);
#4527 = DEFINITIONAL_REPRESENTATION('',(#4528),#4532);
#4528 = LINE('',#4529,#4530);
#4529 = CARTESIAN_POINT('',(44.811873161473,5.846108249773));
#4530 = VECTOR('',#4531,1.);
#4531 = DIRECTION('',(0.577535312124,0.816365704356));
#4532 = ( GEOMETRIC_REPRESENTATION_CONTEXT(2) 
PARAMETRIC_REPRESENTATION_CONTEXT() REPRESENTATION_CONTEXT('2D SPACE',''
  ) );
#4533 = PCURVE('',#4534,#4539);
#4534 = PLANE('',#4535);
#4535 = AXIS2_PLACEMENT_3D('',#4536,#4537,#4538);
#4536 = CARTESIAN_POINT('',(7.011873161473,-17.60389175022,0.));
#4537 = DIRECTION('',(-0.816365704356,0.577535312124,0.));
#4538 = DIRECTION('',(0.577535312124,0.816365704356,0.));
#4539 = DEFINITIONAL_REPRESENTATION('',(#4540),#4544);
#4540 = LINE('',#4541,#4542);
#4541 = CARTESIAN_POINT('',(0.,0.));
#4542 = VECTOR('',#4543,1.);
#4543 = DIRECTION('',(1.,0.));
#4544 = ( GEOMETRIC_REPRESENTATION_CONTEXT(2) 
PARAMETRIC_REPRESENTATION_CONTEXT() REPRESENTATION_CONTEXT('2D SPACE',''
  ) );
#4545 = ORIENTED_EDGE('',*,*,#4546,.F.);
#4546 = EDGE_CURVE('',#4547,#4519,#4549,.T.);
#4547 = VERTEX_POINT('',#4548);
#4548 = CARTESIAN_POINT('',(6.249999831135,-17.60389175022,0.));
#4549 = SURFACE_CURVE('',#4550,(#4554,#4561),.PCURVE_S1.);
#4550 = LINE('',#4551,#4552);
#4551 = CARTESIAN_POINT('',(6.249999831135,-17.60389175022,0.));
#4552 = VECTOR('',#4553,1.);
#4553 = DIRECTION('',(1.,0.,0.));
#4554 = PCURVE('',#286,#4555);
#4555 = DEFINITIONAL_REPRESENTATION('',(#4556),#4560);
#4556 = LINE('',#4557,#4558);
#4557 = CARTESIAN_POINT('',(44.049999831135,5.846108249773));
#4558 = VECTOR('',#4559,1.);
#4559 = DIRECTION('',(1.,0.));
#4560 = ( GEOMETRIC_REPRESENTATION_CONTEXT(2) 
PARAMETRIC_REPRESENTATION_CONTEXT() REPRESENTATION_CONTEXT('2D SPACE',''
  ) );
#4561 = PCURVE('',#4562,#4567);
#4562 = PLANE('',#4563);
#4563 = AXIS2_PLACEMENT_3D('',#4564,#4565,#4566);
#4564 = CARTESIAN_POINT('',(6.249999831135,-17.60389175022,0.));
#4565 = DIRECTION('',(-0.,1.,0.));
#4566 = DIRECTION('',(1.,0.,0.));
#4567 = DEFINITIONAL_REPRESENTATION('',(#4568),#4572);
#4568 = LINE('',#4569,#4570);
#4569 = CARTESIAN_POINT('',(0.,0.));
#4570 = VECTOR('',#4571,1.);
#4571 = DIRECTION('',(1.,0.));
#4572 = ( GEOMETRIC_REPRESENTATION_CONTEXT(2) 
PARAMETRIC_REPRESENTATION_CONTEXT() REPRESENTATION_CONTEXT('2D SPACE',''
  ) );
#4573 = ORIENTED_EDGE('',*,*,#4574,.F.);
#4574 = EDGE_CURVE('',#4575,#4547,#4577,.T.);
#4575 = VERTEX_POINT('',#4576);
#4576 = CARTESIAN_POINT('',(7.899076303729,-15.2885883827,0.));
#4577 = SURFACE_CURVE('',#4578,(#4582,#4589),.PCURVE_S1.);
#4578 = LINE('',#4579,#4580);
#4579 = CARTESIAN_POINT('',(7.899076303729,-15.2885883827,0.));
#4580 = VECTOR('',#4581,1.);
#4581 = DIRECTION('',(-0.580140102652,-0.814516704123,-0.));
#4582 = PCURVE('',#286,#4583);
#4583 = DEFINITIONAL_REPRESENTATION('',(#4584),#4588);
#4584 = LINE('',#4585,#4586);
#4585 = CARTESIAN_POINT('',(45.699076303729,8.161411617296));
#4586 = VECTOR('',#4587,1.);
#4587 = DIRECTION('',(-0.580140102652,-0.814516704123));
#4588 = ( GEOMETRIC_REPRESENTATION_CONTEXT(2) 
PARAMETRIC_REPRESENTATION_CONTEXT() REPRESENTATION_CONTEXT('2D SPACE',''
  ) );
#4589 = PCURVE('',#4590,#4595);
#4590 = PLANE('',#4591);
#4591 = AXIS2_PLACEMENT_3D('',#4592,#4593,#4594);
#4592 = CARTESIAN_POINT('',(7.899076303729,-15.2885883827,0.));
#4593 = DIRECTION('',(0.814516704123,-0.580140102652,0.));
#4594 = DIRECTION('',(-0.580140102652,-0.814516704123,0.));
#4595 = DEFINITIONAL_REPRESENTATION('',(#4596),#4600);
#4596 = LINE('',#4597,#4598);
#4597 = CARTESIAN_POINT('',(0.,0.));
#4598 = VECTOR('',#4599,1.);
#4599 = DIRECTION('',(1.,0.));
#4600 = ( GEOMETRIC_REPRESENTATION_CONTEXT(2) 
PARAMETRIC_REPRESENTATION_CONTEXT() REPRESENTATION_CONTEXT('2D SPACE',''
  ) );
#4601 = ORIENTED_EDGE('',*,*,#4602,.F.);
#4602 = EDGE_CURVE('',#4175,#4575,#4603,.T.);
#4603 = SURFACE_CURVE('',#4604,(#4608,#4615),.PCURVE_S1.);
#4604 = LINE('',#4605,#4606);
#4605 = CARTESIAN_POINT('',(6.029023583807,-12.76879953257,0.));
#4606 = VECTOR('',#4607,1.);
#4607 = DIRECTION('',(0.595956258069,-0.803016897997,0.));
#4608 = PCURVE('',#286,#4609);
#4609 = DEFINITIONAL_REPRESENTATION('',(#4610),#4614);
#4610 = LINE('',#4611,#4612);
#4611 = CARTESIAN_POINT('',(43.829023583807,10.681200467421));
#4612 = VECTOR('',#4613,1.);
#4613 = DIRECTION('',(0.595956258069,-0.803016897997));
#4614 = ( GEOMETRIC_REPRESENTATION_CONTEXT(2) 
PARAMETRIC_REPRESENTATION_CONTEXT() REPRESENTATION_CONTEXT('2D SPACE',''
  ) );
#4615 = PCURVE('',#4616,#4621);
#4616 = PLANE('',#4617);
#4617 = AXIS2_PLACEMENT_3D('',#4618,#4619,#4620);
#4618 = CARTESIAN_POINT('',(6.029023583807,-12.76879953257,0.));
#4619 = DIRECTION('',(0.803016897997,0.595956258069,0.));
#4620 = DIRECTION('',(0.595956258069,-0.803016897997,0.));
#4621 = DEFINITIONAL_REPRESENTATION('',(#4622),#4626);
#4622 = LINE('',#4623,#4624);
#4623 = CARTESIAN_POINT('',(0.,0.));
#4624 = VECTOR('',#4625,1.);
#4625 = DIRECTION('',(1.,0.));
#4626 = ( GEOMETRIC_REPRESENTATION_CONTEXT(2) 
PARAMETRIC_REPRESENTATION_CONTEXT() REPRESENTATION_CONTEXT('2D SPACE',''
  ) );
#4627 = FACE_BOUND('',#4628,.F.);
#4628 = EDGE_LOOP('',(#4629,#4659,#4687,#4715,#4743,#4773,#4803,#4831,
    #4859));
#4629 = ORIENTED_EDGE('',*,*,#4630,.F.);
#4630 = EDGE_CURVE('',#4631,#4633,#4635,.T.);
#4631 = VERTEX_POINT('',#4632);
#4632 = CARTESIAN_POINT('',(15.313324124516,-12.76879953257,0.));
#4633 = VERTEX_POINT('',#4634);
#4634 = CARTESIAN_POINT('',(14.656991688423,-12.76879953257,0.));
#4635 = SURFACE_CURVE('',#4636,(#4640,#4647),.PCURVE_S1.);
#4636 = LINE('',#4637,#4638);
#4637 = CARTESIAN_POINT('',(15.313324124516,-12.76879953257,0.));
#4638 = VECTOR('',#4639,1.);
#4639 = DIRECTION('',(-1.,-0.,-0.));
#4640 = PCURVE('',#286,#4641);
#4641 = DEFINITIONAL_REPRESENTATION('',(#4642),#4646);
#4642 = LINE('',#4643,#4644);
#4643 = CARTESIAN_POINT('',(53.113324124516,10.681200467421));
#4644 = VECTOR('',#4645,1.);
#4645 = DIRECTION('',(-1.,0.));
#4646 = ( GEOMETRIC_REPRESENTATION_CONTEXT(2) 
PARAMETRIC_REPRESENTATION_CONTEXT() REPRESENTATION_CONTEXT('2D SPACE',''
  ) );
#4647 = PCURVE('',#4648,#4653);
#4648 = PLANE('',#4649);
#4649 = AXIS2_PLACEMENT_3D('',#4650,#4651,#4652);
#4650 = CARTESIAN_POINT('',(15.313324124516,-12.76879953257,0.));
#4651 = DIRECTION('',(0.,-1.,0.));
#4652 = DIRECTION('',(-1.,-0.,0.));
#4653 = DEFINITIONAL_REPRESENTATION('',(#4654),#4658);
#4654 = LINE('',#4655,#4656);
#4655 = CARTESIAN_POINT('',(0.,0.));
#4656 = VECTOR('',#4657,1.);
#4657 = DIRECTION('',(1.,0.));
#4658 = ( GEOMETRIC_REPRESENTATION_CONTEXT(2) 
PARAMETRIC_REPRESENTATION_CONTEXT() REPRESENTATION_CONTEXT('2D SPACE',''
  ) );
#4659 = ORIENTED_EDGE('',*,*,#4660,.F.);
#4660 = EDGE_CURVE('',#4661,#4631,#4663,.T.);
#4661 = VERTEX_POINT('',#4662);
#4662 = CARTESIAN_POINT('',(17.206463915055,-17.60389175022,0.));
#4663 = SURFACE_CURVE('',#4664,(#4668,#4675),.PCURVE_S1.);
#4664 = LINE('',#4665,#4666);
#4665 = CARTESIAN_POINT('',(17.206463915055,-17.60389175022,0.));
#4666 = VECTOR('',#4667,1.);
#4667 = DIRECTION('',(-0.364590934893,0.931167788421,0.));
#4668 = PCURVE('',#286,#4669);
#4669 = DEFINITIONAL_REPRESENTATION('',(#4670),#4674);
#4670 = LINE('',#4671,#4672);
#4671 = CARTESIAN_POINT('',(55.006463915055,5.846108249773));
#4672 = VECTOR('',#4673,1.);
#4673 = DIRECTION('',(-0.364590934893,0.931167788421));
#4674 = ( GEOMETRIC_REPRESENTATION_CONTEXT(2) 
PARAMETRIC_REPRESENTATION_CONTEXT() REPRESENTATION_CONTEXT('2D SPACE',''
  ) );
#4675 = PCURVE('',#4676,#4681);
#4676 = PLANE('',#4677);
#4677 = AXIS2_PLACEMENT_3D('',#4678,#4679,#4680);
#4678 = CARTESIAN_POINT('',(17.206463915055,-17.60389175022,0.));
#4679 = DIRECTION('',(-0.931167788421,-0.364590934893,-0.));
#4680 = DIRECTION('',(-0.364590934893,0.931167788421,0.));
#4681 = DEFINITIONAL_REPRESENTATION('',(#4682),#4686);
#4682 = LINE('',#4683,#4684);
#4683 = CARTESIAN_POINT('',(0.,0.));
#4684 = VECTOR('',#4685,1.);
#4685 = DIRECTION('',(1.,0.));
#4686 = ( GEOMETRIC_REPRESENTATION_CONTEXT(2) 
PARAMETRIC_REPRESENTATION_CONTEXT() REPRESENTATION_CONTEXT('2D SPACE',''
  ) );
#4687 = ORIENTED_EDGE('',*,*,#4688,.F.);
#4688 = EDGE_CURVE('',#4689,#4661,#4691,.T.);
#4689 = VERTEX_POINT('',#4690);
#4690 = CARTESIAN_POINT('',(16.553429631907,-17.60389175022,0.));
#4691 = SURFACE_CURVE('',#4692,(#4696,#4703),.PCURVE_S1.);
#4692 = LINE('',#4693,#4694);
#4693 = CARTESIAN_POINT('',(16.553429631907,-17.60389175022,0.));
#4694 = VECTOR('',#4695,1.);
#4695 = DIRECTION('',(1.,0.,0.));
#4696 = PCURVE('',#286,#4697);
#4697 = DEFINITIONAL_REPRESENTATION('',(#4698),#4702);
#4698 = LINE('',#4699,#4700);
#4699 = CARTESIAN_POINT('',(54.353429631907,5.846108249773));
#4700 = VECTOR('',#4701,1.);
#4701 = DIRECTION('',(1.,0.));
#4702 = ( GEOMETRIC_REPRESENTATION_CONTEXT(2) 
PARAMETRIC_REPRESENTATION_CONTEXT() REPRESENTATION_CONTEXT('2D SPACE',''
  ) );
#4703 = PCURVE('',#4704,#4709);
#4704 = PLANE('',#4705);
#4705 = AXIS2_PLACEMENT_3D('',#4706,#4707,#4708);
#4706 = CARTESIAN_POINT('',(16.553429631907,-17.60389175022,0.));
#4707 = DIRECTION('',(-0.,1.,0.));
#4708 = DIRECTION('',(1.,0.,0.));
#4709 = DEFINITIONAL_REPRESENTATION('',(#4710),#4714);
#4710 = LINE('',#4711,#4712);
#4711 = CARTESIAN_POINT('',(0.,0.));
#4712 = VECTOR('',#4713,1.);
#4713 = DIRECTION('',(1.,0.));
#4714 = ( GEOMETRIC_REPRESENTATION_CONTEXT(2) 
PARAMETRIC_REPRESENTATION_CONTEXT() REPRESENTATION_CONTEXT('2D SPACE',''
  ) );
#4715 = ORIENTED_EDGE('',*,*,#4716,.F.);
#4716 = EDGE_CURVE('',#4717,#4689,#4719,.T.);
#4717 = VERTEX_POINT('',#4718);
#4718 = CARTESIAN_POINT('',(15.247361065612,-14.0913588636,0.));
#4719 = SURFACE_CURVE('',#4720,(#4724,#4731),.PCURVE_S1.);
#4720 = LINE('',#4721,#4722);
#4721 = CARTESIAN_POINT('',(15.247361065612,-14.0913588636,0.));
#4722 = VECTOR('',#4723,1.);
#4723 = DIRECTION('',(0.348517964317,-0.937302101005,0.));
#4724 = PCURVE('',#286,#4725);
#4725 = DEFINITIONAL_REPRESENTATION('',(#4726),#4730);
#4726 = LINE('',#4727,#4728);
#4727 = CARTESIAN_POINT('',(53.047361065612,9.3586411364));
#4728 = VECTOR('',#4729,1.);
#4729 = DIRECTION('',(0.348517964317,-0.937302101005));
#4730 = ( GEOMETRIC_REPRESENTATION_CONTEXT(2) 
PARAMETRIC_REPRESENTATION_CONTEXT() REPRESENTATION_CONTEXT('2D SPACE',''
  ) );
#4731 = PCURVE('',#4732,#4737);
#4732 = PLANE('',#4733);
#4733 = AXIS2_PLACEMENT_3D('',#4734,#4735,#4736);
#4734 = CARTESIAN_POINT('',(15.247361065612,-14.0913588636,0.));
#4735 = DIRECTION('',(0.937302101005,0.348517964317,0.));
#4736 = DIRECTION('',(0.348517964317,-0.937302101005,0.));
#4737 = DEFINITIONAL_REPRESENTATION('',(#4738),#4742);
#4738 = LINE('',#4739,#4740);
#4739 = CARTESIAN_POINT('',(0.,0.));
#4740 = VECTOR('',#4741,1.);
#4741 = DIRECTION('',(1.,0.));
#4742 = ( GEOMETRIC_REPRESENTATION_CONTEXT(2) 
PARAMETRIC_REPRESENTATION_CONTEXT() REPRESENTATION_CONTEXT('2D SPACE',''
  ) );
#4743 = ORIENTED_EDGE('',*,*,#4744,.F.);
#4744 = EDGE_CURVE('',#4745,#4717,#4747,.T.);
#4745 = VERTEX_POINT('',#4746);
#4746 = CARTESIAN_POINT('',(14.986806982942,-13.29980215675,0.));
#4747 = SURFACE_CURVE('',#4748,(#4752,#4759),.PCURVE_S1.);
#4748 = B_SPLINE_CURVE_WITH_KNOTS('',2,(#4749,#4750,#4751),
  .UNSPECIFIED.,.F.,.F.,(3,3),(0.,1.),.PIECEWISE_BEZIER_KNOTS.);
#4749 = CARTESIAN_POINT('',(14.986806982942,-13.29980215675,0.));
#4750 = CARTESIAN_POINT('',(15.098944183079,-13.69558051017,0.));
#4751 = CARTESIAN_POINT('',(15.247361065612,-14.0913588636,0.));
#4752 = PCURVE('',#286,#4753);
#4753 = DEFINITIONAL_REPRESENTATION('',(#4754),#4758);
#4754 = B_SPLINE_CURVE_WITH_KNOTS('',2,(#4755,#4756,#4757),
  .UNSPECIFIED.,.F.,.F.,(3,3),(0.,1.),.PIECEWISE_BEZIER_KNOTS.);
#4755 = CARTESIAN_POINT('',(52.786806982942,10.150197843245));
#4756 = CARTESIAN_POINT('',(52.898944183079,9.754419489823));
#4757 = CARTESIAN_POINT('',(53.047361065612,9.3586411364));
#4758 = ( GEOMETRIC_REPRESENTATION_CONTEXT(2) 
PARAMETRIC_REPRESENTATION_CONTEXT() REPRESENTATION_CONTEXT('2D SPACE',''
  ) );
#4759 = PCURVE('',#4760,#4767);
#4760 = SURFACE_OF_LINEAR_EXTRUSION('',#4761,#4765);
#4761 = B_SPLINE_CURVE_WITH_KNOTS('',2,(#4762,#4763,#4764),
  .UNSPECIFIED.,.F.,.F.,(3,3),(0.,1.),.PIECEWISE_BEZIER_KNOTS.);
#4762 = CARTESIAN_POINT('',(14.986806982942,-13.29980215675,0.));
#4763 = CARTESIAN_POINT('',(15.098944183079,-13.69558051017,0.));
#4764 = CARTESIAN_POINT('',(15.247361065612,-14.0913588636,0.));
#4765 = VECTOR('',#4766,1.);
#4766 = DIRECTION('',(0.,0.,-1.));
#4767 = DEFINITIONAL_REPRESENTATION('',(#4768),#4772);
#4768 = LINE('',#4769,#4770);
#4769 = CARTESIAN_POINT('',(0.,0.));
#4770 = VECTOR('',#4771,1.);
#4771 = DIRECTION('',(1.,0.));
#4772 = ( GEOMETRIC_REPRESENTATION_CONTEXT(2) 
PARAMETRIC_REPRESENTATION_CONTEXT() REPRESENTATION_CONTEXT('2D SPACE',''
  ) );
#4773 = ORIENTED_EDGE('',*,*,#4774,.F.);
#4774 = EDGE_CURVE('',#4775,#4745,#4777,.T.);
#4775 = VERTEX_POINT('',#4776);
#4776 = CARTESIAN_POINT('',(14.732849206163,-14.0913588636,0.));
#4777 = SURFACE_CURVE('',#4778,(#4782,#4789),.PCURVE_S1.);
#4778 = B_SPLINE_CURVE_WITH_KNOTS('',2,(#4779,#4780,#4781),
  .UNSPECIFIED.,.F.,.F.,(3,3),(0.,1.),.PIECEWISE_BEZIER_KNOTS.);
#4779 = CARTESIAN_POINT('',(14.732849206163,-14.0913588636,0.));
#4780 = CARTESIAN_POINT('',(14.884564241641,-13.66919528661,0.));
#4781 = CARTESIAN_POINT('',(14.986806982942,-13.29980215675,0.));
#4782 = PCURVE('',#286,#4783);
#4783 = DEFINITIONAL_REPRESENTATION('',(#4784),#4788);
#4784 = B_SPLINE_CURVE_WITH_KNOTS('',2,(#4785,#4786,#4787),
  .UNSPECIFIED.,.F.,.F.,(3,3),(0.,1.),.PIECEWISE_BEZIER_KNOTS.);
#4785 = CARTESIAN_POINT('',(52.532849206163,9.3586411364));
#4786 = CARTESIAN_POINT('',(52.684564241641,9.780804713384));
#4787 = CARTESIAN_POINT('',(52.786806982942,10.150197843245));
#4788 = ( GEOMETRIC_REPRESENTATION_CONTEXT(2) 
PARAMETRIC_REPRESENTATION_CONTEXT() REPRESENTATION_CONTEXT('2D SPACE',''
  ) );
#4789 = PCURVE('',#4790,#4797);
#4790 = SURFACE_OF_LINEAR_EXTRUSION('',#4791,#4795);
#4791 = B_SPLINE_CURVE_WITH_KNOTS('',2,(#4792,#4793,#4794),
  .UNSPECIFIED.,.F.,.F.,(3,3),(0.,1.),.PIECEWISE_BEZIER_KNOTS.);
#4792 = CARTESIAN_POINT('',(14.732849206163,-14.0913588636,0.));
#4793 = CARTESIAN_POINT('',(14.884564241641,-13.66919528661,0.));
#4794 = CARTESIAN_POINT('',(14.986806982942,-13.29980215675,0.));
#4795 = VECTOR('',#4796,1.);
#4796 = DIRECTION('',(0.,0.,-1.));
#4797 = DEFINITIONAL_REPRESENTATION('',(#4798),#4802);
#4798 = LINE('',#4799,#4800);
#4799 = CARTESIAN_POINT('',(0.,0.));
#4800 = VECTOR('',#4801,1.);
#4801 = DIRECTION('',(1.,0.));
#4802 = ( GEOMETRIC_REPRESENTATION_CONTEXT(2) 
PARAMETRIC_REPRESENTATION_CONTEXT() REPRESENTATION_CONTEXT('2D SPACE',''
  ) );
#4803 = ORIENTED_EDGE('',*,*,#4804,.F.);
#4804 = EDGE_CURVE('',#4805,#4775,#4807,.T.);
#4805 = VERTEX_POINT('',#4806);
#4806 = CARTESIAN_POINT('',(13.476252934045,-17.60389175022,0.));
#4807 = SURFACE_CURVE('',#4808,(#4812,#4819),.PCURVE_S1.);
#4808 = LINE('',#4809,#4810);
#4809 = CARTESIAN_POINT('',(13.476252934045,-17.60389175022,0.));
#4810 = VECTOR('',#4811,1.);
#4811 = DIRECTION('',(0.336840403296,0.941561757245,0.));
#4812 = PCURVE('',#286,#4813);
#4813 = DEFINITIONAL_REPRESENTATION('',(#4814),#4818);
#4814 = LINE('',#4815,#4816);
#4815 = CARTESIAN_POINT('',(51.276252934045,5.846108249773));
#4816 = VECTOR('',#4817,1.);
#4817 = DIRECTION('',(0.336840403296,0.941561757245));
#4818 = ( GEOMETRIC_REPRESENTATION_CONTEXT(2) 
PARAMETRIC_REPRESENTATION_CONTEXT() REPRESENTATION_CONTEXT('2D SPACE',''
  ) );
#4819 = PCURVE('',#4820,#4825);
#4820 = PLANE('',#4821);
#4821 = AXIS2_PLACEMENT_3D('',#4822,#4823,#4824);
#4822 = CARTESIAN_POINT('',(13.476252934045,-17.60389175022,0.));
#4823 = DIRECTION('',(-0.941561757245,0.336840403296,0.));
#4824 = DIRECTION('',(0.336840403296,0.941561757245,0.));
#4825 = DEFINITIONAL_REPRESENTATION('',(#4826),#4830);
#4826 = LINE('',#4827,#4828);
#4827 = CARTESIAN_POINT('',(0.,0.));
#4828 = VECTOR('',#4829,1.);
#4829 = DIRECTION('',(1.,0.));
#4830 = ( GEOMETRIC_REPRESENTATION_CONTEXT(2) 
PARAMETRIC_REPRESENTATION_CONTEXT() REPRESENTATION_CONTEXT('2D SPACE',''
  ) );
#4831 = ORIENTED_EDGE('',*,*,#4832,.F.);
#4832 = EDGE_CURVE('',#4833,#4805,#4835,.T.);
#4833 = VERTEX_POINT('',#4834);
#4834 = CARTESIAN_POINT('',(12.783640815555,-17.60389175022,0.));
#4835 = SURFACE_CURVE('',#4836,(#4840,#4847),.PCURVE_S1.);
#4836 = LINE('',#4837,#4838);
#4837 = CARTESIAN_POINT('',(12.783640815555,-17.60389175022,0.));
#4838 = VECTOR('',#4839,1.);
#4839 = DIRECTION('',(1.,0.,0.));
#4840 = PCURVE('',#286,#4841);
#4841 = DEFINITIONAL_REPRESENTATION('',(#4842),#4846);
#4842 = LINE('',#4843,#4844);
#4843 = CARTESIAN_POINT('',(50.583640815555,5.846108249773));
#4844 = VECTOR('',#4845,1.);
#4845 = DIRECTION('',(1.,0.));
#4846 = ( GEOMETRIC_REPRESENTATION_CONTEXT(2) 
PARAMETRIC_REPRESENTATION_CONTEXT() REPRESENTATION_CONTEXT('2D SPACE',''
  ) );
#4847 = PCURVE('',#4848,#4853);
#4848 = PLANE('',#4849);
#4849 = AXIS2_PLACEMENT_3D('',#4850,#4851,#4852);
#4850 = CARTESIAN_POINT('',(12.783640815555,-17.60389175022,0.));
#4851 = DIRECTION('',(-0.,1.,0.));
#4852 = DIRECTION('',(1.,0.,0.));
#4853 = DEFINITIONAL_REPRESENTATION('',(#4854),#4858);
#4854 = LINE('',#4855,#4856);
#4855 = CARTESIAN_POINT('',(0.,0.));
#4856 = VECTOR('',#4857,1.);
#4857 = DIRECTION('',(1.,0.));
#4858 = ( GEOMETRIC_REPRESENTATION_CONTEXT(2) 
PARAMETRIC_REPRESENTATION_CONTEXT() REPRESENTATION_CONTEXT('2D SPACE',''
  ) );
#4859 = ORIENTED_EDGE('',*,*,#4860,.F.);
#4860 = EDGE_CURVE('',#4633,#4833,#4861,.T.);
#4861 = SURFACE_CURVE('',#4862,(#4866,#4873),.PCURVE_S1.);
#4862 = LINE('',#4863,#4864);
#4863 = CARTESIAN_POINT('',(14.656991688423,-12.76879953257,0.));
#4864 = VECTOR('',#4865,1.);
#4865 = DIRECTION('',(-0.361279591148,-0.932457536309,-0.));
#4866 = PCURVE('',#286,#4867);
#4867 = DEFINITIONAL_REPRESENTATION('',(#4868),#4872);
#4868 = LINE('',#4869,#4870);
#4869 = CARTESIAN_POINT('',(52.456991688423,10.681200467421));
#4870 = VECTOR('',#4871,1.);
#4871 = DIRECTION('',(-0.361279591148,-0.932457536309));
#4872 = ( GEOMETRIC_REPRESENTATION_CONTEXT(2) 
PARAMETRIC_REPRESENTATION_CONTEXT() REPRESENTATION_CONTEXT('2D SPACE',''
  ) );
#4873 = PCURVE('',#4874,#4879);
#4874 = PLANE('',#4875);
#4875 = AXIS2_PLACEMENT_3D('',#4876,#4877,#4878);
#4876 = CARTESIAN_POINT('',(14.656991688423,-12.76879953257,0.));
#4877 = DIRECTION('',(0.932457536309,-0.361279591148,0.));
#4878 = DIRECTION('',(-0.361279591148,-0.932457536309,0.));
#4879 = DEFINITIONAL_REPRESENTATION('',(#4880),#4884);
#4880 = LINE('',#4881,#4882);
#4881 = CARTESIAN_POINT('',(0.,0.));
#4882 = VECTOR('',#4883,1.);
#4883 = DIRECTION('',(1.,0.));
#4884 = ( GEOMETRIC_REPRESENTATION_CONTEXT(2) 
PARAMETRIC_REPRESENTATION_CONTEXT() REPRESENTATION_CONTEXT('2D SPACE',''
  ) );
#4885 = FACE_BOUND('',#4886,.F.);
#4886 = EDGE_LOOP('',(#4887,#4917,#4947,#4977,#5007,#5037,#5067,#5097,
    #5127,#5157,#5187,#5215,#5245,#5275,#5305,#5335,#5365,#5395,#5425,
    #5455,#5485,#5513));
#4887 = ORIENTED_EDGE('',*,*,#4888,.F.);
#4888 = EDGE_CURVE('',#4889,#4891,#4893,.T.);
#4889 = VERTEX_POINT('',#4890);
#4890 = CARTESIAN_POINT('',(18.288258081077,-13.33937999209,0.));
#4891 = VERTEX_POINT('',#4892);
#4892 = CARTESIAN_POINT('',(20.659630048669,-13.33937999209,0.));
#4893 = SURFACE_CURVE('',#4894,(#4898,#4905),.PCURVE_S1.);
#4894 = LINE('',#4895,#4896);
#4895 = CARTESIAN_POINT('',(18.288258081077,-13.33937999209,0.));
#4896 = VECTOR('',#4897,1.);
#4897 = DIRECTION('',(1.,0.,0.));
#4898 = PCURVE('',#286,#4899);
#4899 = DEFINITIONAL_REPRESENTATION('',(#4900),#4904);
#4900 = LINE('',#4901,#4902);
#4901 = CARTESIAN_POINT('',(56.088258081077,10.110620007903));
#4902 = VECTOR('',#4903,1.);
#4903 = DIRECTION('',(1.,0.));
#4904 = ( GEOMETRIC_REPRESENTATION_CONTEXT(2) 
PARAMETRIC_REPRESENTATION_CONTEXT() REPRESENTATION_CONTEXT('2D SPACE',''
  ) );
#4905 = PCURVE('',#4906,#4911);
#4906 = PLANE('',#4907);
#4907 = AXIS2_PLACEMENT_3D('',#4908,#4909,#4910);
#4908 = CARTESIAN_POINT('',(18.288258081077,-13.33937999209,0.));
#4909 = DIRECTION('',(-0.,1.,0.));
#4910 = DIRECTION('',(1.,0.,0.));
#4911 = DEFINITIONAL_REPRESENTATION('',(#4912),#4916);
#4912 = LINE('',#4913,#4914);
#4913 = CARTESIAN_POINT('',(0.,0.));
#4914 = VECTOR('',#4915,1.);
#4915 = DIRECTION('',(1.,0.));
#4916 = ( GEOMETRIC_REPRESENTATION_CONTEXT(2) 
PARAMETRIC_REPRESENTATION_CONTEXT() REPRESENTATION_CONTEXT('2D SPACE',''
  ) );
#4917 = ORIENTED_EDGE('',*,*,#4918,.F.);
#4918 = EDGE_CURVE('',#4919,#4889,#4921,.T.);
#4919 = VERTEX_POINT('',#4920);
#4920 = CARTESIAN_POINT('',(18.538917704912,-13.66094990425,0.));
#4921 = SURFACE_CURVE('',#4922,(#4926,#4933),.PCURVE_S1.);
#4922 = B_SPLINE_CURVE_WITH_KNOTS('',2,(#4923,#4924,#4925),
  .UNSPECIFIED.,.F.,.F.,(3,3),(0.,1.),.PIECEWISE_BEZIER_KNOTS.);
#4923 = CARTESIAN_POINT('',(18.538917704912,-13.66094990425,0.));
#4924 = CARTESIAN_POINT('',(18.387202669433,-13.50098948641,0.));
#4925 = CARTESIAN_POINT('',(18.288258081077,-13.33937999209,0.));
#4926 = PCURVE('',#286,#4927);
#4927 = DEFINITIONAL_REPRESENTATION('',(#4928),#4932);
#4928 = B_SPLINE_CURVE_WITH_KNOTS('',2,(#4929,#4930,#4931),
  .UNSPECIFIED.,.F.,.F.,(3,3),(0.,1.),.PIECEWISE_BEZIER_KNOTS.);
#4929 = CARTESIAN_POINT('',(56.338917704912,9.789050095747));
#4930 = CARTESIAN_POINT('',(56.187202669433,9.949010513589));
#4931 = CARTESIAN_POINT('',(56.088258081077,10.110620007903));
#4932 = ( GEOMETRIC_REPRESENTATION_CONTEXT(2) 
PARAMETRIC_REPRESENTATION_CONTEXT() REPRESENTATION_CONTEXT('2D SPACE',''
  ) );
#4933 = PCURVE('',#4934,#4941);
#4934 = SURFACE_OF_LINEAR_EXTRUSION('',#4935,#4939);
#4935 = B_SPLINE_CURVE_WITH_KNOTS('',2,(#4936,#4937,#4938),
  .UNSPECIFIED.,.F.,.F.,(3,3),(0.,1.),.PIECEWISE_BEZIER_KNOTS.);
#4936 = CARTESIAN_POINT('',(18.538917704912,-13.66094990425,0.));
#4937 = CARTESIAN_POINT('',(18.387202669433,-13.50098948641,0.));
#4938 = CARTESIAN_POINT('',(18.288258081077,-13.33937999209,0.));
#4939 = VECTOR('',#4940,1.);
#4940 = DIRECTION('',(0.,0.,-1.));
#4941 = DEFINITIONAL_REPRESENTATION('',(#4942),#4946);
#4942 = LINE('',#4943,#4944);
#4943 = CARTESIAN_POINT('',(0.,0.));
#4944 = VECTOR('',#4945,1.);
#4945 = DIRECTION('',(1.,0.));
#4946 = ( GEOMETRIC_REPRESENTATION_CONTEXT(2) 
PARAMETRIC_REPRESENTATION_CONTEXT() REPRESENTATION_CONTEXT('2D SPACE',''
  ) );
#4947 = ORIENTED_EDGE('',*,*,#4948,.F.);
#4948 = EDGE_CURVE('',#4949,#4919,#4951,.T.);
#4949 = VERTEX_POINT('',#4950);
#4950 = CARTESIAN_POINT('',(19.224933517511,-14.26945912264,0.));
#4951 = SURFACE_CURVE('',#4952,(#4956,#4963),.PCURVE_S1.);
#4952 = B_SPLINE_CURVE_WITH_KNOTS('',2,(#4953,#4954,#4955),
  .UNSPECIFIED.,.F.,.F.,(3,3),(0.,1.),.PIECEWISE_BEZIER_KNOTS.);
#4953 = CARTESIAN_POINT('',(19.224933517511,-14.26945912264,0.));
#4954 = CARTESIAN_POINT('',(18.69063274039,-13.82091032209,0.));
#4955 = CARTESIAN_POINT('',(18.538917704912,-13.66094990425,0.));
#4956 = PCURVE('',#286,#4957);
#4957 = DEFINITIONAL_REPRESENTATION('',(#4958),#4962);
#4958 = B_SPLINE_CURVE_WITH_KNOTS('',2,(#4959,#4960,#4961),
  .UNSPECIFIED.,.F.,.F.,(3,3),(0.,1.),.PIECEWISE_BEZIER_KNOTS.);
#4959 = CARTESIAN_POINT('',(57.024933517511,9.18054087736));
#4960 = CARTESIAN_POINT('',(56.49063274039,9.629089677905));
#4961 = CARTESIAN_POINT('',(56.338917704912,9.789050095747));
#4962 = ( GEOMETRIC_REPRESENTATION_CONTEXT(2) 
PARAMETRIC_REPRESENTATION_CONTEXT() REPRESENTATION_CONTEXT('2D SPACE',''
  ) );
#4963 = PCURVE('',#4964,#4971);
#4964 = SURFACE_OF_LINEAR_EXTRUSION('',#4965,#4969);
#4965 = B_SPLINE_CURVE_WITH_KNOTS('',2,(#4966,#4967,#4968),
  .UNSPECIFIED.,.F.,.F.,(3,3),(0.,1.),.PIECEWISE_BEZIER_KNOTS.);
#4966 = CARTESIAN_POINT('',(19.224933517511,-14.26945912264,0.));
#4967 = CARTESIAN_POINT('',(18.69063274039,-13.82091032209,0.));
#4968 = CARTESIAN_POINT('',(18.538917704912,-13.66094990425,0.));
#4969 = VECTOR('',#4970,1.);
#4970 = DIRECTION('',(0.,0.,-1.));
#4971 = DEFINITIONAL_REPRESENTATION('',(#4972),#4976);
#4972 = LINE('',#4973,#4974);
#4973 = CARTESIAN_POINT('',(0.,0.));
#4974 = VECTOR('',#4975,1.);
#4975 = DIRECTION('',(1.,0.));
#4976 = ( GEOMETRIC_REPRESENTATION_CONTEXT(2) 
PARAMETRIC_REPRESENTATION_CONTEXT() REPRESENTATION_CONTEXT('2D SPACE',''
  ) );
#4977 = ORIENTED_EDGE('',*,*,#4978,.F.);
#4978 = EDGE_CURVE('',#4979,#4949,#4981,.T.);
#4979 = VERTEX_POINT('',#4980);
#4980 = CARTESIAN_POINT('',(20.140170959801,-15.12038258249,0.));
#4981 = SURFACE_CURVE('',#4982,(#4986,#4993),.PCURVE_S1.);
#4982 = B_SPLINE_CURVE_WITH_KNOTS('',2,(#4983,#4984,#4985),
  .UNSPECIFIED.,.F.,.F.,(3,3),(0.,1.),.PIECEWISE_BEZIER_KNOTS.);
#4983 = CARTESIAN_POINT('',(20.140170959801,-15.12038258249,0.));
#4984 = CARTESIAN_POINT('',(19.864775188878,-14.81035620565,0.));
#4985 = CARTESIAN_POINT('',(19.224933517511,-14.26945912264,0.));
#4986 = PCURVE('',#286,#4987);
#4987 = DEFINITIONAL_REPRESENTATION('',(#4988),#4992);
#4988 = B_SPLINE_CURVE_WITH_KNOTS('',2,(#4989,#4990,#4991),
  .UNSPECIFIED.,.F.,.F.,(3,3),(0.,1.),.PIECEWISE_BEZIER_KNOTS.);
#4989 = CARTESIAN_POINT('',(57.940170959801,8.329617417501));
#4990 = CARTESIAN_POINT('',(57.664775188878,8.639643794348));
#4991 = CARTESIAN_POINT('',(57.024933517511,9.18054087736));
#4992 = ( GEOMETRIC_REPRESENTATION_CONTEXT(2) 
PARAMETRIC_REPRESENTATION_CONTEXT() REPRESENTATION_CONTEXT('2D SPACE',''
  ) );
#4993 = PCURVE('',#4994,#5001);
#4994 = SURFACE_OF_LINEAR_EXTRUSION('',#4995,#4999);
#4995 = B_SPLINE_CURVE_WITH_KNOTS('',2,(#4996,#4997,#4998),
  .UNSPECIFIED.,.F.,.F.,(3,3),(0.,1.),.PIECEWISE_BEZIER_KNOTS.);
#4996 = CARTESIAN_POINT('',(20.140170959801,-15.12038258249,0.));
#4997 = CARTESIAN_POINT('',(19.864775188878,-14.81035620565,0.));
#4998 = CARTESIAN_POINT('',(19.224933517511,-14.26945912264,0.));
#4999 = VECTOR('',#5000,1.);
#5000 = DIRECTION('',(0.,0.,-1.));
#5001 = DEFINITIONAL_REPRESENTATION('',(#5002),#5006);
#5002 = LINE('',#5003,#5004);
#5003 = CARTESIAN_POINT('',(0.,0.));
#5004 = VECTOR('',#5005,1.);
#5005 = DIRECTION('',(1.,0.));
#5006 = ( GEOMETRIC_REPRESENTATION_CONTEXT(2) 
PARAMETRIC_REPRESENTATION_CONTEXT() REPRESENTATION_CONTEXT('2D SPACE',''
  ) );
#5007 = ORIENTED_EDGE('',*,*,#5008,.F.);
#5008 = EDGE_CURVE('',#5009,#4979,#5011,.T.);
#5009 = VERTEX_POINT('',#5010);
#5010 = CARTESIAN_POINT('',(20.534300236751,-15.71075195968,0.));
#5011 = SURFACE_CURVE('',#5012,(#5016,#5023),.PCURVE_S1.);
#5012 = B_SPLINE_CURVE_WITH_KNOTS('',2,(#5013,#5014,#5015),
  .UNSPECIFIED.,.F.,.F.,(3,3),(0.,1.),.PIECEWISE_BEZIER_KNOTS.);
#5013 = CARTESIAN_POINT('',(20.534300236751,-15.71075195968,0.));
#5014 = CARTESIAN_POINT('',(20.415566730725,-15.43040895934,0.));
#5015 = CARTESIAN_POINT('',(20.140170959801,-15.12038258249,0.));
#5016 = PCURVE('',#286,#5017);
#5017 = DEFINITIONAL_REPRESENTATION('',(#5018),#5022);
#5018 = B_SPLINE_CURVE_WITH_KNOTS('',2,(#5019,#5020,#5021),
  .UNSPECIFIED.,.F.,.F.,(3,3),(0.,1.),.PIECEWISE_BEZIER_KNOTS.);
#5019 = CARTESIAN_POINT('',(58.334300236751,7.739248040312));
#5020 = CARTESIAN_POINT('',(58.215566730725,8.019591040653));
#5021 = CARTESIAN_POINT('',(57.940170959801,8.329617417501));
#5022 = ( GEOMETRIC_REPRESENTATION_CONTEXT(2) 
PARAMETRIC_REPRESENTATION_CONTEXT() REPRESENTATION_CONTEXT('2D SPACE',''
  ) );
#5023 = PCURVE('',#5024,#5031);
#5024 = SURFACE_OF_LINEAR_EXTRUSION('',#5025,#5029);
#5025 = B_SPLINE_CURVE_WITH_KNOTS('',2,(#5026,#5027,#5028),
  .UNSPECIFIED.,.F.,.F.,(3,3),(0.,1.),.PIECEWISE_BEZIER_KNOTS.);
#5026 = CARTESIAN_POINT('',(20.534300236751,-15.71075195968,0.));
#5027 = CARTESIAN_POINT('',(20.415566730725,-15.43040895934,0.));
#5028 = CARTESIAN_POINT('',(20.140170959801,-15.12038258249,0.));
#5029 = VECTOR('',#5030,1.);
#5030 = DIRECTION('',(0.,0.,-1.));
#5031 = DEFINITIONAL_REPRESENTATION('',(#5032),#5036);
#5032 = LINE('',#5033,#5034);
#5033 = CARTESIAN_POINT('',(0.,0.));
#5034 = VECTOR('',#5035,1.);
#5035 = DIRECTION('',(1.,0.));
#5036 = ( GEOMETRIC_REPRESENTATION_CONTEXT(2) 
PARAMETRIC_REPRESENTATION_CONTEXT() REPRESENTATION_CONTEXT('2D SPACE',''
  ) );
#5037 = ORIENTED_EDGE('',*,*,#5038,.F.);
#5038 = EDGE_CURVE('',#5039,#5009,#5041,.T.);
#5039 = VERTEX_POINT('',#5040);
#5040 = CARTESIAN_POINT('',(20.653033742778,-16.2813324192,0.));
#5041 = SURFACE_CURVE('',#5042,(#5046,#5053),.PCURVE_S1.);
#5042 = B_SPLINE_CURVE_WITH_KNOTS('',2,(#5043,#5044,#5045),
  .UNSPECIFIED.,.F.,.F.,(3,3),(0.,1.),.PIECEWISE_BEZIER_KNOTS.);
#5043 = CARTESIAN_POINT('',(20.653033742778,-16.2813324192,0.));
#5044 = CARTESIAN_POINT('',(20.653033742778,-15.99109496003,0.));
#5045 = CARTESIAN_POINT('',(20.534300236751,-15.71075195968,0.));
#5046 = PCURVE('',#286,#5047);
#5047 = DEFINITIONAL_REPRESENTATION('',(#5048),#5052);
#5048 = B_SPLINE_CURVE_WITH_KNOTS('',2,(#5049,#5050,#5051),
  .UNSPECIFIED.,.F.,.F.,(3,3),(0.,1.),.PIECEWISE_BEZIER_KNOTS.);
#5049 = CARTESIAN_POINT('',(58.453033742778,7.168667580794));
#5050 = CARTESIAN_POINT('',(58.453033742778,7.45890503997));
#5051 = CARTESIAN_POINT('',(58.334300236751,7.739248040312));
#5052 = ( GEOMETRIC_REPRESENTATION_CONTEXT(2) 
PARAMETRIC_REPRESENTATION_CONTEXT() REPRESENTATION_CONTEXT('2D SPACE',''
  ) );
#5053 = PCURVE('',#5054,#5061);
#5054 = SURFACE_OF_LINEAR_EXTRUSION('',#5055,#5059);
#5055 = B_SPLINE_CURVE_WITH_KNOTS('',2,(#5056,#5057,#5058),
  .UNSPECIFIED.,.F.,.F.,(3,3),(0.,1.),.PIECEWISE_BEZIER_KNOTS.);
#5056 = CARTESIAN_POINT('',(20.653033742778,-16.2813324192,0.));
#5057 = CARTESIAN_POINT('',(20.653033742778,-15.99109496003,0.));
#5058 = CARTESIAN_POINT('',(20.534300236751,-15.71075195968,0.));
#5059 = VECTOR('',#5060,1.);
#5060 = DIRECTION('',(0.,0.,-1.));
#5061 = DEFINITIONAL_REPRESENTATION('',(#5062),#5066);
#5062 = LINE('',#5063,#5064);
#5063 = CARTESIAN_POINT('',(0.,0.));
#5064 = VECTOR('',#5065,1.);
#5065 = DIRECTION('',(1.,0.));
#5066 = ( GEOMETRIC_REPRESENTATION_CONTEXT(2) 
PARAMETRIC_REPRESENTATION_CONTEXT() REPRESENTATION_CONTEXT('2D SPACE',''
  ) );
#5067 = ORIENTED_EDGE('',*,*,#5068,.F.);
#5068 = EDGE_CURVE('',#5069,#5039,#5071,.T.);
#5069 = VERTEX_POINT('',#5070);
#5070 = CARTESIAN_POINT('',(20.24736093052,-17.23779677331,0.));
#5071 = SURFACE_CURVE('',#5072,(#5076,#5083),.PCURVE_S1.);
#5072 = B_SPLINE_CURVE_WITH_KNOTS('',2,(#5073,#5074,#5075),
  .UNSPECIFIED.,.F.,.F.,(3,3),(0.,1.),.PIECEWISE_BEZIER_KNOTS.);
#5073 = CARTESIAN_POINT('',(20.24736093052,-17.23779677331,0.));
#5074 = CARTESIAN_POINT('',(20.653033742778,-16.85191287872,0.));
#5075 = CARTESIAN_POINT('',(20.653033742778,-16.2813324192,0.));
#5076 = PCURVE('',#286,#5077);
#5077 = DEFINITIONAL_REPRESENTATION('',(#5078),#5082);
#5078 = B_SPLINE_CURVE_WITH_KNOTS('',2,(#5079,#5080,#5081),
  .UNSPECIFIED.,.F.,.F.,(3,3),(0.,1.),.PIECEWISE_BEZIER_KNOTS.);
#5079 = CARTESIAN_POINT('',(58.04736093052,6.212203226689));
#5080 = CARTESIAN_POINT('',(58.453033742778,6.598087121276));
#5081 = CARTESIAN_POINT('',(58.453033742778,7.168667580794));
#5082 = ( GEOMETRIC_REPRESENTATION_CONTEXT(2) 
PARAMETRIC_REPRESENTATION_CONTEXT() REPRESENTATION_CONTEXT('2D SPACE',''
  ) );
#5083 = PCURVE('',#5084,#5091);
#5084 = SURFACE_OF_LINEAR_EXTRUSION('',#5085,#5089);
#5085 = B_SPLINE_CURVE_WITH_KNOTS('',2,(#5086,#5087,#5088),
  .UNSPECIFIED.,.F.,.F.,(3,3),(0.,1.),.PIECEWISE_BEZIER_KNOTS.);
#5086 = CARTESIAN_POINT('',(20.24736093052,-17.23779677331,0.));
#5087 = CARTESIAN_POINT('',(20.653033742778,-16.85191287872,0.));
#5088 = CARTESIAN_POINT('',(20.653033742778,-16.2813324192,0.));
#5089 = VECTOR('',#5090,1.);
#5090 = DIRECTION('',(0.,0.,-1.));
#5091 = DEFINITIONAL_REPRESENTATION('',(#5092),#5096);
#5092 = LINE('',#5093,#5094);
#5093 = CARTESIAN_POINT('',(0.,0.));
#5094 = VECTOR('',#5095,1.);
#5095 = DIRECTION('',(1.,0.));
#5096 = ( GEOMETRIC_REPRESENTATION_CONTEXT(2) 
PARAMETRIC_REPRESENTATION_CONTEXT() REPRESENTATION_CONTEXT('2D SPACE',''
  ) );
#5097 = ORIENTED_EDGE('',*,*,#5098,.F.);
#5098 = EDGE_CURVE('',#5099,#5069,#5101,.T.);
#5099 = VERTEX_POINT('',#5100);
#5100 = CARTESIAN_POINT('',(19.145777846826,-17.62368066789,0.));
#5101 = SURFACE_CURVE('',#5102,(#5106,#5113),.PCURVE_S1.);
#5102 = B_SPLINE_CURVE_WITH_KNOTS('',2,(#5103,#5104,#5105),
  .UNSPECIFIED.,.F.,.F.,(3,3),(0.,1.),.PIECEWISE_BEZIER_KNOTS.);
#5103 = CARTESIAN_POINT('',(19.145777846826,-17.62368066789,0.));
#5104 = CARTESIAN_POINT('',(19.841688118262,-17.62368066789,0.));
#5105 = CARTESIAN_POINT('',(20.24736093052,-17.23779677331,0.));
#5106 = PCURVE('',#286,#5107);
#5107 = DEFINITIONAL_REPRESENTATION('',(#5108),#5112);
#5108 = B_SPLINE_CURVE_WITH_KNOTS('',2,(#5109,#5110,#5111),
  .UNSPECIFIED.,.F.,.F.,(3,3),(0.,1.),.PIECEWISE_BEZIER_KNOTS.);
#5109 = CARTESIAN_POINT('',(56.945777846826,5.826319332102));
#5110 = CARTESIAN_POINT('',(57.641688118262,5.826319332102));
#5111 = CARTESIAN_POINT('',(58.04736093052,6.212203226689));
#5112 = ( GEOMETRIC_REPRESENTATION_CONTEXT(2) 
PARAMETRIC_REPRESENTATION_CONTEXT() REPRESENTATION_CONTEXT('2D SPACE',''
  ) );
#5113 = PCURVE('',#5114,#5121);
#5114 = SURFACE_OF_LINEAR_EXTRUSION('',#5115,#5119);
#5115 = B_SPLINE_CURVE_WITH_KNOTS('',2,(#5116,#5117,#5118),
  .UNSPECIFIED.,.F.,.F.,(3,3),(0.,1.),.PIECEWISE_BEZIER_KNOTS.);
#5116 = CARTESIAN_POINT('',(19.145777846826,-17.62368066789,0.));
#5117 = CARTESIAN_POINT('',(19.841688118262,-17.62368066789,0.));
#5118 = CARTESIAN_POINT('',(20.24736093052,-17.23779677331,0.));
#5119 = VECTOR('',#5120,1.);
#5120 = DIRECTION('',(0.,0.,-1.));
#5121 = DEFINITIONAL_REPRESENTATION('',(#5122),#5126);
#5122 = LINE('',#5123,#5124);
#5123 = CARTESIAN_POINT('',(0.,0.));
#5124 = VECTOR('',#5125,1.);
#5125 = DIRECTION('',(1.,0.));
#5126 = ( GEOMETRIC_REPRESENTATION_CONTEXT(2) 
PARAMETRIC_REPRESENTATION_CONTEXT() REPRESENTATION_CONTEXT('2D SPACE',''
  ) );
#5127 = ORIENTED_EDGE('',*,*,#5128,.F.);
#5128 = EDGE_CURVE('',#5129,#5099,#5131,.T.);
#5129 = VERTEX_POINT('',#5130);
#5130 = CARTESIAN_POINT('',(18.047492916078,-17.26583107334,0.));
#5131 = SURFACE_CURVE('',#5132,(#5136,#5143),.PCURVE_S1.);
#5132 = B_SPLINE_CURVE_WITH_KNOTS('',2,(#5133,#5134,#5135),
  .UNSPECIFIED.,.F.,.F.,(3,3),(0.,1.),.PIECEWISE_BEZIER_KNOTS.);
#5133 = CARTESIAN_POINT('',(18.047492916078,-17.26583107334,0.));
#5134 = CARTESIAN_POINT('',(18.456463881282,-17.62368066789,0.));
#5135 = CARTESIAN_POINT('',(19.145777846826,-17.62368066789,0.));
#5136 = PCURVE('',#286,#5137);
#5137 = DEFINITIONAL_REPRESENTATION('',(#5138),#5142);
#5138 = B_SPLINE_CURVE_WITH_KNOTS('',2,(#5139,#5140,#5141),
  .UNSPECIFIED.,.F.,.F.,(3,3),(0.,1.),.PIECEWISE_BEZIER_KNOTS.);
#5139 = CARTESIAN_POINT('',(55.847492916078,6.184168926655));
#5140 = CARTESIAN_POINT('',(56.256463881282,5.826319332102));
#5141 = CARTESIAN_POINT('',(56.945777846826,5.826319332102));
#5142 = ( GEOMETRIC_REPRESENTATION_CONTEXT(2) 
PARAMETRIC_REPRESENTATION_CONTEXT() REPRESENTATION_CONTEXT('2D SPACE',''
  ) );
#5143 = PCURVE('',#5144,#5151);
#5144 = SURFACE_OF_LINEAR_EXTRUSION('',#5145,#5149);
#5145 = B_SPLINE_CURVE_WITH_KNOTS('',2,(#5146,#5147,#5148),
  .UNSPECIFIED.,.F.,.F.,(3,3),(0.,1.),.PIECEWISE_BEZIER_KNOTS.);
#5146 = CARTESIAN_POINT('',(18.047492916078,-17.26583107334,0.));
#5147 = CARTESIAN_POINT('',(18.456463881282,-17.62368066789,0.));
#5148 = CARTESIAN_POINT('',(19.145777846826,-17.62368066789,0.));
#5149 = VECTOR('',#5150,1.);
#5150 = DIRECTION('',(0.,0.,-1.));
#5151 = DEFINITIONAL_REPRESENTATION('',(#5152),#5156);
#5152 = LINE('',#5153,#5154);
#5153 = CARTESIAN_POINT('',(0.,0.));
#5154 = VECTOR('',#5155,1.);
#5155 = DIRECTION('',(1.,0.));
#5156 = ( GEOMETRIC_REPRESENTATION_CONTEXT(2) 
PARAMETRIC_REPRESENTATION_CONTEXT() REPRESENTATION_CONTEXT('2D SPACE',''
  ) );
#5157 = ORIENTED_EDGE('',*,*,#5158,.F.);
#5158 = EDGE_CURVE('',#5159,#5129,#5161,.T.);
#5159 = VERTEX_POINT('',#5160);
#5160 = CARTESIAN_POINT('',(17.575857044916,-16.22526381913,0.));
#5161 = SURFACE_CURVE('',#5162,(#5166,#5173),.PCURVE_S1.);
#5162 = B_SPLINE_CURVE_WITH_KNOTS('',2,(#5163,#5164,#5165),
  .UNSPECIFIED.,.F.,.F.,(3,3),(0.,1.),.PIECEWISE_BEZIER_KNOTS.);
#5163 = CARTESIAN_POINT('',(17.575857044916,-16.22526381913,0.));
#5164 = CARTESIAN_POINT('',(17.638521950875,-16.90798147879,0.));
#5165 = CARTESIAN_POINT('',(18.047492916078,-17.26583107334,0.));
#5166 = PCURVE('',#286,#5167);
#5167 = DEFINITIONAL_REPRESENTATION('',(#5168),#5172);
#5168 = B_SPLINE_CURVE_WITH_KNOTS('',2,(#5169,#5170,#5171),
  .UNSPECIFIED.,.F.,.F.,(3,3),(0.,1.),.PIECEWISE_BEZIER_KNOTS.);
#5169 = CARTESIAN_POINT('',(55.375857044916,7.224736180862));
#5170 = CARTESIAN_POINT('',(55.438521950875,6.542018521208));
#5171 = CARTESIAN_POINT('',(55.847492916078,6.184168926655));
#5172 = ( GEOMETRIC_REPRESENTATION_CONTEXT(2) 
PARAMETRIC_REPRESENTATION_CONTEXT() REPRESENTATION_CONTEXT('2D SPACE',''
  ) );
#5173 = PCURVE('',#5174,#5181);
#5174 = SURFACE_OF_LINEAR_EXTRUSION('',#5175,#5179);
#5175 = B_SPLINE_CURVE_WITH_KNOTS('',2,(#5176,#5177,#5178),
  .UNSPECIFIED.,.F.,.F.,(3,3),(0.,1.),.PIECEWISE_BEZIER_KNOTS.);
#5176 = CARTESIAN_POINT('',(17.575857044916,-16.22526381913,0.));
#5177 = CARTESIAN_POINT('',(17.638521950875,-16.90798147879,0.));
#5178 = CARTESIAN_POINT('',(18.047492916078,-17.26583107334,0.));
#5179 = VECTOR('',#5180,1.);
#5180 = DIRECTION('',(0.,0.,-1.));
#5181 = DEFINITIONAL_REPRESENTATION('',(#5182),#5186);
#5182 = LINE('',#5183,#5184);
#5183 = CARTESIAN_POINT('',(0.,0.));
#5184 = VECTOR('',#5185,1.);
#5185 = DIRECTION('',(1.,0.));
#5186 = ( GEOMETRIC_REPRESENTATION_CONTEXT(2) 
PARAMETRIC_REPRESENTATION_CONTEXT() REPRESENTATION_CONTEXT('2D SPACE',''
  ) );
#5187 = ORIENTED_EDGE('',*,*,#5188,.F.);
#5188 = EDGE_CURVE('',#5189,#5159,#5191,.T.);
#5189 = VERTEX_POINT('',#5190);
#5190 = CARTESIAN_POINT('',(18.186015339776,-16.16259891317,0.));
#5191 = SURFACE_CURVE('',#5192,(#5196,#5203),.PCURVE_S1.);
#5192 = LINE('',#5193,#5194);
#5193 = CARTESIAN_POINT('',(18.186015339776,-16.16259891317,0.));
#5194 = VECTOR('',#5195,1.);
#5195 = DIRECTION('',(-0.994767435445,-0.102165304181,-0.));
#5196 = PCURVE('',#286,#5197);
#5197 = DEFINITIONAL_REPRESENTATION('',(#5198),#5202);
#5198 = LINE('',#5199,#5200);
#5199 = CARTESIAN_POINT('',(55.986015339776,7.287401086821));
#5200 = VECTOR('',#5201,1.);
#5201 = DIRECTION('',(-0.994767435445,-0.102165304181));
#5202 = ( GEOMETRIC_REPRESENTATION_CONTEXT(2) 
PARAMETRIC_REPRESENTATION_CONTEXT() REPRESENTATION_CONTEXT('2D SPACE',''
  ) );
#5203 = PCURVE('',#5204,#5209);
#5204 = PLANE('',#5205);
#5205 = AXIS2_PLACEMENT_3D('',#5206,#5207,#5208);
#5206 = CARTESIAN_POINT('',(18.186015339776,-16.16259891317,0.));
#5207 = DIRECTION('',(0.102165304181,-0.994767435445,0.));
#5208 = DIRECTION('',(-0.994767435445,-0.102165304181,0.));
#5209 = DEFINITIONAL_REPRESENTATION('',(#5210),#5214);
#5210 = LINE('',#5211,#5212);
#5211 = CARTESIAN_POINT('',(0.,0.));
#5212 = VECTOR('',#5213,1.);
#5213 = DIRECTION('',(1.,0.));
#5214 = ( GEOMETRIC_REPRESENTATION_CONTEXT(2) 
PARAMETRIC_REPRESENTATION_CONTEXT() REPRESENTATION_CONTEXT('2D SPACE',''
  ) );
#5215 = ORIENTED_EDGE('',*,*,#5216,.F.);
#5216 = EDGE_CURVE('',#5217,#5189,#5219,.T.);
#5217 = VERTEX_POINT('',#5218);
#5218 = CARTESIAN_POINT('',(18.446569422446,-16.87499994934,0.));
#5219 = SURFACE_CURVE('',#5220,(#5224,#5231),.PCURVE_S1.);
#5220 = B_SPLINE_CURVE_WITH_KNOTS('',2,(#5221,#5222,#5223),
  .UNSPECIFIED.,.F.,.F.,(3,3),(0.,1.),.PIECEWISE_BEZIER_KNOTS.);
#5221 = CARTESIAN_POINT('',(18.446569422446,-16.87499994934,0.));
#5222 = CARTESIAN_POINT('',(18.189313492721,-16.61774401961,0.));
#5223 = CARTESIAN_POINT('',(18.186015339776,-16.16259891317,0.));
#5224 = PCURVE('',#286,#5225);
#5225 = DEFINITIONAL_REPRESENTATION('',(#5226),#5230);
#5226 = B_SPLINE_CURVE_WITH_KNOTS('',2,(#5227,#5228,#5229),
  .UNSPECIFIED.,.F.,.F.,(3,3),(0.,1.),.PIECEWISE_BEZIER_KNOTS.);
#5227 = CARTESIAN_POINT('',(56.246569422446,6.57500005066));
#5228 = CARTESIAN_POINT('',(55.989313492721,6.832255980384));
#5229 = CARTESIAN_POINT('',(55.986015339776,7.287401086821));
#5230 = ( GEOMETRIC_REPRESENTATION_CONTEXT(2) 
PARAMETRIC_REPRESENTATION_CONTEXT() REPRESENTATION_CONTEXT('2D SPACE',''
  ) );
#5231 = PCURVE('',#5232,#5239);
#5232 = SURFACE_OF_LINEAR_EXTRUSION('',#5233,#5237);
#5233 = B_SPLINE_CURVE_WITH_KNOTS('',2,(#5234,#5235,#5236),
  .UNSPECIFIED.,.F.,.F.,(3,3),(0.,1.),.PIECEWISE_BEZIER_KNOTS.);
#5234 = CARTESIAN_POINT('',(18.446569422446,-16.87499994934,0.));
#5235 = CARTESIAN_POINT('',(18.189313492721,-16.61774401961,0.));
#5236 = CARTESIAN_POINT('',(18.186015339776,-16.16259891317,0.));
#5237 = VECTOR('',#5238,1.);
#5238 = DIRECTION('',(0.,0.,-1.));
#5239 = DEFINITIONAL_REPRESENTATION('',(#5240),#5244);
#5240 = LINE('',#5241,#5242);
#5241 = CARTESIAN_POINT('',(0.,0.));
#5242 = VECTOR('',#5243,1.);
#5243 = DIRECTION('',(1.,0.));
#5244 = ( GEOMETRIC_REPRESENTATION_CONTEXT(2) 
PARAMETRIC_REPRESENTATION_CONTEXT() REPRESENTATION_CONTEXT('2D SPACE',''
  ) );
#5245 = ORIENTED_EDGE('',*,*,#5246,.F.);
#5246 = EDGE_CURVE('',#5247,#5217,#5249,.T.);
#5247 = VERTEX_POINT('',#5248);
#5248 = CARTESIAN_POINT('',(19.132585235046,-17.13225587906,0.));
#5249 = SURFACE_CURVE('',#5250,(#5254,#5261),.PCURVE_S1.);
#5250 = B_SPLINE_CURVE_WITH_KNOTS('',2,(#5251,#5252,#5253),
  .UNSPECIFIED.,.F.,.F.,(3,3),(0.,1.),.PIECEWISE_BEZIER_KNOTS.);
#5251 = CARTESIAN_POINT('',(19.132585235046,-17.13225587906,0.));
#5252 = CARTESIAN_POINT('',(18.703825352171,-17.13225587906,0.));
#5253 = CARTESIAN_POINT('',(18.446569422446,-16.87499994934,0.));
#5254 = PCURVE('',#286,#5255);
#5255 = DEFINITIONAL_REPRESENTATION('',(#5256),#5260);
#5256 = B_SPLINE_CURVE_WITH_KNOTS('',2,(#5257,#5258,#5259),
  .UNSPECIFIED.,.F.,.F.,(3,3),(0.,1.),.PIECEWISE_BEZIER_KNOTS.);
#5257 = CARTESIAN_POINT('',(56.932585235046,6.317744120935));
#5258 = CARTESIAN_POINT('',(56.503825352171,6.317744120935));
#5259 = CARTESIAN_POINT('',(56.246569422446,6.57500005066));
#5260 = ( GEOMETRIC_REPRESENTATION_CONTEXT(2) 
PARAMETRIC_REPRESENTATION_CONTEXT() REPRESENTATION_CONTEXT('2D SPACE',''
  ) );
#5261 = PCURVE('',#5262,#5269);
#5262 = SURFACE_OF_LINEAR_EXTRUSION('',#5263,#5267);
#5263 = B_SPLINE_CURVE_WITH_KNOTS('',2,(#5264,#5265,#5266),
  .UNSPECIFIED.,.F.,.F.,(3,3),(0.,1.),.PIECEWISE_BEZIER_KNOTS.);
#5264 = CARTESIAN_POINT('',(19.132585235046,-17.13225587906,0.));
#5265 = CARTESIAN_POINT('',(18.703825352171,-17.13225587906,0.));
#5266 = CARTESIAN_POINT('',(18.446569422446,-16.87499994934,0.));
#5267 = VECTOR('',#5268,1.);
#5268 = DIRECTION('',(0.,0.,-1.));
#5269 = DEFINITIONAL_REPRESENTATION('',(#5270),#5274);
#5270 = LINE('',#5271,#5272);
#5271 = CARTESIAN_POINT('',(0.,0.));
#5272 = VECTOR('',#5273,1.);
#5273 = DIRECTION('',(1.,0.));
#5274 = ( GEOMETRIC_REPRESENTATION_CONTEXT(2) 
PARAMETRIC_REPRESENTATION_CONTEXT() REPRESENTATION_CONTEXT('2D SPACE',''
  ) );
#5275 = ORIENTED_EDGE('',*,*,#5276,.F.);
#5276 = EDGE_CURVE('',#5277,#5247,#5279,.T.);
#5277 = VERTEX_POINT('',#5278);
#5278 = CARTESIAN_POINT('',(19.790566747611,-16.88984163759,0.));
#5279 = SURFACE_CURVE('',#5280,(#5284,#5291),.PCURVE_S1.);
#5280 = B_SPLINE_CURVE_WITH_KNOTS('',2,(#5281,#5282,#5283),
  .UNSPECIFIED.,.F.,.F.,(3,3),(0.,1.),.PIECEWISE_BEZIER_KNOTS.);
#5281 = CARTESIAN_POINT('',(19.790566747611,-16.88984163759,0.));
#5282 = CARTESIAN_POINT('',(19.538258047304,-17.13225587906,0.));
#5283 = CARTESIAN_POINT('',(19.132585235046,-17.13225587906,0.));
#5284 = PCURVE('',#286,#5285);
#5285 = DEFINITIONAL_REPRESENTATION('',(#5286),#5290);
#5286 = B_SPLINE_CURVE_WITH_KNOTS('',2,(#5287,#5288,#5289),
  .UNSPECIFIED.,.F.,.F.,(3,3),(0.,1.),.PIECEWISE_BEZIER_KNOTS.);
#5287 = CARTESIAN_POINT('',(57.590566747611,6.560158362406));
#5288 = CARTESIAN_POINT('',(57.338258047304,6.317744120935));
#5289 = CARTESIAN_POINT('',(56.932585235046,6.317744120935));
#5290 = ( GEOMETRIC_REPRESENTATION_CONTEXT(2) 
PARAMETRIC_REPRESENTATION_CONTEXT() REPRESENTATION_CONTEXT('2D SPACE',''
  ) );
#5291 = PCURVE('',#5292,#5299);
#5292 = SURFACE_OF_LINEAR_EXTRUSION('',#5293,#5297);
#5293 = B_SPLINE_CURVE_WITH_KNOTS('',2,(#5294,#5295,#5296),
  .UNSPECIFIED.,.F.,.F.,(3,3),(0.,1.),.PIECEWISE_BEZIER_KNOTS.);
#5294 = CARTESIAN_POINT('',(19.790566747611,-16.88984163759,0.));
#5295 = CARTESIAN_POINT('',(19.538258047304,-17.13225587906,0.));
#5296 = CARTESIAN_POINT('',(19.132585235046,-17.13225587906,0.));
#5297 = VECTOR('',#5298,1.);
#5298 = DIRECTION('',(0.,0.,-1.));
#5299 = DEFINITIONAL_REPRESENTATION('',(#5300),#5304);
#5300 = LINE('',#5301,#5302);
#5301 = CARTESIAN_POINT('',(0.,0.));
#5302 = VECTOR('',#5303,1.);
#5303 = DIRECTION('',(1.,0.));
#5304 = ( GEOMETRIC_REPRESENTATION_CONTEXT(2) 
PARAMETRIC_REPRESENTATION_CONTEXT() REPRESENTATION_CONTEXT('2D SPACE',''
  ) );
#5305 = ORIENTED_EDGE('',*,*,#5306,.F.);
#5306 = EDGE_CURVE('',#5307,#5277,#5309,.T.);
#5307 = VERTEX_POINT('',#5308);
#5308 = CARTESIAN_POINT('',(20.042875447918,-16.29452503098,0.));
#5309 = SURFACE_CURVE('',#5310,(#5314,#5321),.PCURVE_S1.);
#5310 = B_SPLINE_CURVE_WITH_KNOTS('',2,(#5311,#5312,#5313),
  .UNSPECIFIED.,.F.,.F.,(3,3),(0.,1.),.PIECEWISE_BEZIER_KNOTS.);
#5311 = CARTESIAN_POINT('',(20.042875447918,-16.29452503098,0.));
#5312 = CARTESIAN_POINT('',(20.042875447918,-16.64742739612,0.));
#5313 = CARTESIAN_POINT('',(19.790566747611,-16.88984163759,0.));
#5314 = PCURVE('',#286,#5315);
#5315 = DEFINITIONAL_REPRESENTATION('',(#5316),#5320);
#5316 = B_SPLINE_CURVE_WITH_KNOTS('',2,(#5317,#5318,#5319),
  .UNSPECIFIED.,.F.,.F.,(3,3),(0.,1.),.PIECEWISE_BEZIER_KNOTS.);
#5317 = CARTESIAN_POINT('',(57.842875447918,7.155474969013));
#5318 = CARTESIAN_POINT('',(57.842875447918,6.802572603878));
#5319 = CARTESIAN_POINT('',(57.590566747611,6.560158362406));
#5320 = ( GEOMETRIC_REPRESENTATION_CONTEXT(2) 
PARAMETRIC_REPRESENTATION_CONTEXT() REPRESENTATION_CONTEXT('2D SPACE',''
  ) );
#5321 = PCURVE('',#5322,#5329);
#5322 = SURFACE_OF_LINEAR_EXTRUSION('',#5323,#5327);
#5323 = B_SPLINE_CURVE_WITH_KNOTS('',2,(#5324,#5325,#5326),
  .UNSPECIFIED.,.F.,.F.,(3,3),(0.,1.),.PIECEWISE_BEZIER_KNOTS.);
#5324 = CARTESIAN_POINT('',(20.042875447918,-16.29452503098,0.));
#5325 = CARTESIAN_POINT('',(20.042875447918,-16.64742739612,0.));
#5326 = CARTESIAN_POINT('',(19.790566747611,-16.88984163759,0.));
#5327 = VECTOR('',#5328,1.);
#5328 = DIRECTION('',(0.,0.,-1.));
#5329 = DEFINITIONAL_REPRESENTATION('',(#5330),#5334);
#5330 = LINE('',#5331,#5332);
#5331 = CARTESIAN_POINT('',(0.,0.));
#5332 = VECTOR('',#5333,1.);
#5333 = DIRECTION('',(1.,0.));
#5334 = ( GEOMETRIC_REPRESENTATION_CONTEXT(2) 
PARAMETRIC_REPRESENTATION_CONTEXT() REPRESENTATION_CONTEXT('2D SPACE',''
  ) );
#5335 = ORIENTED_EDGE('',*,*,#5336,.F.);
#5336 = EDGE_CURVE('',#5337,#5307,#5339,.T.);
#5337 = VERTEX_POINT('',#5338);
#5338 = CARTESIAN_POINT('',(19.765830600522,-15.58047491835,0.));
#5339 = SURFACE_CURVE('',#5340,(#5344,#5351),.PCURVE_S1.);
#5340 = B_SPLINE_CURVE_WITH_KNOTS('',2,(#5341,#5342,#5343),
  .UNSPECIFIED.,.F.,.F.,(3,3),(0.,1.),.PIECEWISE_BEZIER_KNOTS.);
#5341 = CARTESIAN_POINT('',(19.765830600522,-15.58047491835,0.));
#5342 = CARTESIAN_POINT('',(20.042875447918,-15.95811343057,0.));
#5343 = CARTESIAN_POINT('',(20.042875447918,-16.29452503098,0.));
#5344 = PCURVE('',#286,#5345);
#5345 = DEFINITIONAL_REPRESENTATION('',(#5346),#5350);
#5346 = B_SPLINE_CURVE_WITH_KNOTS('',2,(#5347,#5348,#5349),
  .UNSPECIFIED.,.F.,.F.,(3,3),(0.,1.),.PIECEWISE_BEZIER_KNOTS.);
#5347 = CARTESIAN_POINT('',(57.565830600522,7.869525081647));
#5348 = CARTESIAN_POINT('',(57.842875447918,7.491886569422));
#5349 = CARTESIAN_POINT('',(57.842875447918,7.155474969013));
#5350 = ( GEOMETRIC_REPRESENTATION_CONTEXT(2) 
PARAMETRIC_REPRESENTATION_CONTEXT() REPRESENTATION_CONTEXT('2D SPACE',''
  ) );
#5351 = PCURVE('',#5352,#5359);
#5352 = SURFACE_OF_LINEAR_EXTRUSION('',#5353,#5357);
#5353 = B_SPLINE_CURVE_WITH_KNOTS('',2,(#5354,#5355,#5356),
  .UNSPECIFIED.,.F.,.F.,(3,3),(0.,1.),.PIECEWISE_BEZIER_KNOTS.);
#5354 = CARTESIAN_POINT('',(19.765830600522,-15.58047491835,0.));
#5355 = CARTESIAN_POINT('',(20.042875447918,-15.95811343057,0.));
#5356 = CARTESIAN_POINT('',(20.042875447918,-16.29452503098,0.));
#5357 = VECTOR('',#5358,1.);
#5358 = DIRECTION('',(0.,0.,-1.));
#5359 = DEFINITIONAL_REPRESENTATION('',(#5360),#5364);
#5360 = LINE('',#5361,#5362);
#5361 = CARTESIAN_POINT('',(0.,0.));
#5362 = VECTOR('',#5363,1.);
#5363 = DIRECTION('',(1.,0.));
#5364 = ( GEOMETRIC_REPRESENTATION_CONTEXT(2) 
PARAMETRIC_REPRESENTATION_CONTEXT() REPRESENTATION_CONTEXT('2D SPACE',''
  ) );
#5365 = ORIENTED_EDGE('',*,*,#5366,.F.);
#5366 = EDGE_CURVE('',#5367,#5337,#5369,.T.);
#5367 = VERTEX_POINT('',#5368);
#5368 = CARTESIAN_POINT('',(18.700527199226,-14.55639842887,0.));
#5369 = SURFACE_CURVE('',#5370,(#5374,#5381),.PCURVE_S1.);
#5370 = B_SPLINE_CURVE_WITH_KNOTS('',2,(#5371,#5372,#5373),
  .UNSPECIFIED.,.F.,.F.,(3,3),(0.,1.),.PIECEWISE_BEZIER_KNOTS.);
#5371 = CARTESIAN_POINT('',(18.700527199226,-14.55639842887,0.));
#5372 = CARTESIAN_POINT('',(19.488785753126,-15.20283640612,0.));
#5373 = CARTESIAN_POINT('',(19.765830600522,-15.58047491835,0.));
#5374 = PCURVE('',#286,#5375);
#5375 = DEFINITIONAL_REPRESENTATION('',(#5376),#5380);
#5376 = B_SPLINE_CURVE_WITH_KNOTS('',2,(#5377,#5378,#5379),
  .UNSPECIFIED.,.F.,.F.,(3,3),(0.,1.),.PIECEWISE_BEZIER_KNOTS.);
#5377 = CARTESIAN_POINT('',(56.500527199226,8.893601571128));
#5378 = CARTESIAN_POINT('',(57.288785753126,8.247163593871));
#5379 = CARTESIAN_POINT('',(57.565830600522,7.869525081647));
#5380 = ( GEOMETRIC_REPRESENTATION_CONTEXT(2) 
PARAMETRIC_REPRESENTATION_CONTEXT() REPRESENTATION_CONTEXT('2D SPACE',''
  ) );
#5381 = PCURVE('',#5382,#5389);
#5382 = SURFACE_OF_LINEAR_EXTRUSION('',#5383,#5387);
#5383 = B_SPLINE_CURVE_WITH_KNOTS('',2,(#5384,#5385,#5386),
  .UNSPECIFIED.,.F.,.F.,(3,3),(0.,1.),.PIECEWISE_BEZIER_KNOTS.);
#5384 = CARTESIAN_POINT('',(18.700527199226,-14.55639842887,0.));
#5385 = CARTESIAN_POINT('',(19.488785753126,-15.20283640612,0.));
#5386 = CARTESIAN_POINT('',(19.765830600522,-15.58047491835,0.));
#5387 = VECTOR('',#5388,1.);
#5388 = DIRECTION('',(0.,0.,-1.));
#5389 = DEFINITIONAL_REPRESENTATION('',(#5390),#5394);
#5390 = LINE('',#5391,#5392);
#5391 = CARTESIAN_POINT('',(0.,0.));
#5392 = VECTOR('',#5393,1.);
#5393 = DIRECTION('',(1.,0.));
#5394 = ( GEOMETRIC_REPRESENTATION_CONTEXT(2) 
PARAMETRIC_REPRESENTATION_CONTEXT() REPRESENTATION_CONTEXT('2D SPACE',''
  ) );
#5395 = ORIENTED_EDGE('',*,*,#5396,.F.);
#5396 = EDGE_CURVE('',#5397,#5367,#5399,.T.);
#5397 = VERTEX_POINT('',#5398);
#5398 = CARTESIAN_POINT('',(17.923812180634,-13.82420847504,0.));
#5399 = SURFACE_CURVE('',#5400,(#5404,#5411),.PCURVE_S1.);
#5400 = B_SPLINE_CURVE_WITH_KNOTS('',2,(#5401,#5402,#5403),
  .UNSPECIFIED.,.F.,.F.,(3,3),(0.,1.),.PIECEWISE_BEZIER_KNOTS.);
#5401 = CARTESIAN_POINT('',(17.923812180634,-13.82420847504,0.));
#5402 = CARTESIAN_POINT('',(18.192611645667,-14.14083115777,0.));
#5403 = CARTESIAN_POINT('',(18.700527199226,-14.55639842887,0.));
#5404 = PCURVE('',#286,#5405);
#5405 = DEFINITIONAL_REPRESENTATION('',(#5406),#5410);
#5406 = B_SPLINE_CURVE_WITH_KNOTS('',2,(#5407,#5408,#5409),
  .UNSPECIFIED.,.F.,.F.,(3,3),(0.,1.),.PIECEWISE_BEZIER_KNOTS.);
#5407 = CARTESIAN_POINT('',(55.723812180634,9.62579152496));
#5408 = CARTESIAN_POINT('',(55.992611645667,9.309168842222));
#5409 = CARTESIAN_POINT('',(56.500527199226,8.893601571128));
#5410 = ( GEOMETRIC_REPRESENTATION_CONTEXT(2) 
PARAMETRIC_REPRESENTATION_CONTEXT() REPRESENTATION_CONTEXT('2D SPACE',''
  ) );
#5411 = PCURVE('',#5412,#5419);
#5412 = SURFACE_OF_LINEAR_EXTRUSION('',#5413,#5417);
#5413 = B_SPLINE_CURVE_WITH_KNOTS('',2,(#5414,#5415,#5416),
  .UNSPECIFIED.,.F.,.F.,(3,3),(0.,1.),.PIECEWISE_BEZIER_KNOTS.);
#5414 = CARTESIAN_POINT('',(17.923812180634,-13.82420847504,0.));
#5415 = CARTESIAN_POINT('',(18.192611645667,-14.14083115777,0.));
#5416 = CARTESIAN_POINT('',(18.700527199226,-14.55639842887,0.));
#5417 = VECTOR('',#5418,1.);
#5418 = DIRECTION('',(0.,0.,-1.));
#5419 = DEFINITIONAL_REPRESENTATION('',(#5420),#5424);
#5420 = LINE('',#5421,#5422);
#5421 = CARTESIAN_POINT('',(0.,0.));
#5422 = VECTOR('',#5423,1.);
#5423 = DIRECTION('',(1.,0.));
#5424 = ( GEOMETRIC_REPRESENTATION_CONTEXT(2) 
PARAMETRIC_REPRESENTATION_CONTEXT() REPRESENTATION_CONTEXT('2D SPACE',''
  ) );
#5425 = ORIENTED_EDGE('',*,*,#5426,.F.);
#5426 = EDGE_CURVE('',#5427,#5397,#5429,.T.);
#5427 = VERTEX_POINT('',#5428);
#5428 = CARTESIAN_POINT('',(17.532981056629,-13.18106865072,0.));
#5429 = SURFACE_CURVE('',#5430,(#5434,#5441),.PCURVE_S1.);
#5430 = B_SPLINE_CURVE_WITH_KNOTS('',2,(#5431,#5432,#5433),
  .UNSPECIFIED.,.F.,.F.,(3,3),(0.,1.),.PIECEWISE_BEZIER_KNOTS.);
#5431 = CARTESIAN_POINT('',(17.532981056629,-13.18106865072,0.));
#5432 = CARTESIAN_POINT('',(17.655012715601,-13.5075857923,0.));
#5433 = CARTESIAN_POINT('',(17.923812180634,-13.82420847504,0.));
#5434 = PCURVE('',#286,#5435);
#5435 = DEFINITIONAL_REPRESENTATION('',(#5436),#5440);
#5436 = B_SPLINE_CURVE_WITH_KNOTS('',2,(#5437,#5438,#5439),
  .UNSPECIFIED.,.F.,.F.,(3,3),(0.,1.),.PIECEWISE_BEZIER_KNOTS.);
#5437 = CARTESIAN_POINT('',(55.332981056629,10.268931349272));
#5438 = CARTESIAN_POINT('',(55.455012715601,9.942414207698));
#5439 = CARTESIAN_POINT('',(55.723812180634,9.62579152496));
#5440 = ( GEOMETRIC_REPRESENTATION_CONTEXT(2) 
PARAMETRIC_REPRESENTATION_CONTEXT() REPRESENTATION_CONTEXT('2D SPACE',''
  ) );
#5441 = PCURVE('',#5442,#5449);
#5442 = SURFACE_OF_LINEAR_EXTRUSION('',#5443,#5447);
#5443 = B_SPLINE_CURVE_WITH_KNOTS('',2,(#5444,#5445,#5446),
  .UNSPECIFIED.,.F.,.F.,(3,3),(0.,1.),.PIECEWISE_BEZIER_KNOTS.);
#5444 = CARTESIAN_POINT('',(17.532981056629,-13.18106865072,0.));
#5445 = CARTESIAN_POINT('',(17.655012715601,-13.5075857923,0.));
#5446 = CARTESIAN_POINT('',(17.923812180634,-13.82420847504,0.));
#5447 = VECTOR('',#5448,1.);
#5448 = DIRECTION('',(0.,0.,-1.));
#5449 = DEFINITIONAL_REPRESENTATION('',(#5450),#5454);
#5450 = LINE('',#5451,#5452);
#5451 = CARTESIAN_POINT('',(0.,0.));
#5452 = VECTOR('',#5453,1.);
#5453 = DIRECTION('',(1.,0.));
#5454 = ( GEOMETRIC_REPRESENTATION_CONTEXT(2) 
PARAMETRIC_REPRESENTATION_CONTEXT() REPRESENTATION_CONTEXT('2D SPACE',''
  ) );
#5455 = ORIENTED_EDGE('',*,*,#5456,.F.);
#5456 = EDGE_CURVE('',#5457,#5427,#5459,.T.);
#5457 = VERTEX_POINT('',#5458);
#5458 = CARTESIAN_POINT('',(17.46371984478,-12.76879953257,0.));
#5459 = SURFACE_CURVE('',#5460,(#5464,#5471),.PCURVE_S1.);
#5460 = B_SPLINE_CURVE_WITH_KNOTS('',2,(#5461,#5462,#5463),
  .UNSPECIFIED.,.F.,.F.,(3,3),(0.,1.),.PIECEWISE_BEZIER_KNOTS.);
#5461 = CARTESIAN_POINT('',(17.46371984478,-12.76879953257,0.));
#5462 = CARTESIAN_POINT('',(17.457123538889,-12.98317947401,0.));
#5463 = CARTESIAN_POINT('',(17.532981056629,-13.18106865072,0.));
#5464 = PCURVE('',#286,#5465);
#5465 = DEFINITIONAL_REPRESENTATION('',(#5466),#5470);
#5466 = B_SPLINE_CURVE_WITH_KNOTS('',2,(#5467,#5468,#5469),
  .UNSPECIFIED.,.F.,.F.,(3,3),(0.,1.),.PIECEWISE_BEZIER_KNOTS.);
#5467 = CARTESIAN_POINT('',(55.26371984478,10.681200467421));
#5468 = CARTESIAN_POINT('',(55.257123538889,10.466820525984));
#5469 = CARTESIAN_POINT('',(55.332981056629,10.268931349272));
#5470 = ( GEOMETRIC_REPRESENTATION_CONTEXT(2) 
PARAMETRIC_REPRESENTATION_CONTEXT() REPRESENTATION_CONTEXT('2D SPACE',''
  ) );
#5471 = PCURVE('',#5472,#5479);
#5472 = SURFACE_OF_LINEAR_EXTRUSION('',#5473,#5477);
#5473 = B_SPLINE_CURVE_WITH_KNOTS('',2,(#5474,#5475,#5476),
  .UNSPECIFIED.,.F.,.F.,(3,3),(0.,1.),.PIECEWISE_BEZIER_KNOTS.);
#5474 = CARTESIAN_POINT('',(17.46371984478,-12.76879953257,0.));
#5475 = CARTESIAN_POINT('',(17.457123538889,-12.98317947401,0.));
#5476 = CARTESIAN_POINT('',(17.532981056629,-13.18106865072,0.));
#5477 = VECTOR('',#5478,1.);
#5478 = DIRECTION('',(0.,0.,-1.));
#5479 = DEFINITIONAL_REPRESENTATION('',(#5480),#5484);
#5480 = LINE('',#5481,#5482);
#5481 = CARTESIAN_POINT('',(0.,0.));
#5482 = VECTOR('',#5483,1.);
#5483 = DIRECTION('',(1.,0.));
#5484 = ( GEOMETRIC_REPRESENTATION_CONTEXT(2) 
PARAMETRIC_REPRESENTATION_CONTEXT() REPRESENTATION_CONTEXT('2D SPACE',''
  ) );
#5485 = ORIENTED_EDGE('',*,*,#5486,.F.);
#5486 = EDGE_CURVE('',#5487,#5457,#5489,.T.);
#5487 = VERTEX_POINT('',#5488);
#5488 = CARTESIAN_POINT('',(20.659630048669,-12.76879953257,0.));
#5489 = SURFACE_CURVE('',#5490,(#5494,#5501),.PCURVE_S1.);
#5490 = LINE('',#5491,#5492);
#5491 = CARTESIAN_POINT('',(20.659630048669,-12.76879953257,0.));
#5492 = VECTOR('',#5493,1.);
#5493 = DIRECTION('',(-1.,-0.,-0.));
#5494 = PCURVE('',#286,#5495);
#5495 = DEFINITIONAL_REPRESENTATION('',(#5496),#5500);
#5496 = LINE('',#5497,#5498);
#5497 = CARTESIAN_POINT('',(58.459630048669,10.681200467421));
#5498 = VECTOR('',#5499,1.);
#5499 = DIRECTION('',(-1.,0.));
#5500 = ( GEOMETRIC_REPRESENTATION_CONTEXT(2) 
PARAMETRIC_REPRESENTATION_CONTEXT() REPRESENTATION_CONTEXT('2D SPACE',''
  ) );
#5501 = PCURVE('',#5502,#5507);
#5502 = PLANE('',#5503);
#5503 = AXIS2_PLACEMENT_3D('',#5504,#5505,#5506);
#5504 = CARTESIAN_POINT('',(20.659630048669,-12.76879953257,0.));
#5505 = DIRECTION('',(0.,-1.,0.));
#5506 = DIRECTION('',(-1.,-0.,0.));
#5507 = DEFINITIONAL_REPRESENTATION('',(#5508),#5512);
#5508 = LINE('',#5509,#5510);
#5509 = CARTESIAN_POINT('',(0.,0.));
#5510 = VECTOR('',#5511,1.);
#5511 = DIRECTION('',(1.,0.));
#5512 = ( GEOMETRIC_REPRESENTATION_CONTEXT(2) 
PARAMETRIC_REPRESENTATION_CONTEXT() REPRESENTATION_CONTEXT('2D SPACE',''
  ) );
#5513 = ORIENTED_EDGE('',*,*,#5514,.F.);
#5514 = EDGE_CURVE('',#4891,#5487,#5515,.T.);
#5515 = SURFACE_CURVE('',#5516,(#5520,#5527),.PCURVE_S1.);
#5516 = LINE('',#5517,#5518);
#5517 = CARTESIAN_POINT('',(20.659630048669,-13.33937999209,0.));
#5518 = VECTOR('',#5519,1.);
#5519 = DIRECTION('',(0.,1.,0.));
#5520 = PCURVE('',#286,#5521);
#5521 = DEFINITIONAL_REPRESENTATION('',(#5522),#5526);
#5522 = LINE('',#5523,#5524);
#5523 = CARTESIAN_POINT('',(58.459630048669,10.110620007903));
#5524 = VECTOR('',#5525,1.);
#5525 = DIRECTION('',(0.,1.));
#5526 = ( GEOMETRIC_REPRESENTATION_CONTEXT(2) 
PARAMETRIC_REPRESENTATION_CONTEXT() REPRESENTATION_CONTEXT('2D SPACE',''
  ) );
#5527 = PCURVE('',#5528,#5533);
#5528 = PLANE('',#5529);
#5529 = AXIS2_PLACEMENT_3D('',#5530,#5531,#5532);
#5530 = CARTESIAN_POINT('',(20.659630048669,-13.33937999209,0.));
#5531 = DIRECTION('',(-1.,0.,0.));
#5532 = DIRECTION('',(0.,1.,0.));
#5533 = DEFINITIONAL_REPRESENTATION('',(#5534),#5538);
#5534 = LINE('',#5535,#5536);
#5535 = CARTESIAN_POINT('',(0.,0.));
#5536 = VECTOR('',#5537,1.);
#5537 = DIRECTION('',(1.,0.));
#5538 = ( GEOMETRIC_REPRESENTATION_CONTEXT(2) 
PARAMETRIC_REPRESENTATION_CONTEXT() REPRESENTATION_CONTEXT('2D SPACE',''
  ) );
#5539 = FACE_BOUND('',#5540,.F.);
#5540 = EDGE_LOOP('',(#5541,#5571,#5599,#5627));
#5541 = ORIENTED_EDGE('',*,*,#5542,.F.);
#5542 = EDGE_CURVE('',#5543,#5545,#5547,.T.);
#5543 = VERTEX_POINT('',#5544);
#5544 = CARTESIAN_POINT('',(-8.469656763247,-14.21998682846,0.));
#5545 = VERTEX_POINT('',#5546);
#5546 = CARTESIAN_POINT('',(-10.29353534193,-14.21998682846,0.));
#5547 = SURFACE_CURVE('',#5548,(#5552,#5559),.PCURVE_S1.);
#5548 = LINE('',#5549,#5550);
#5549 = CARTESIAN_POINT('',(-8.469656763247,-14.21998682846,0.));
#5550 = VECTOR('',#5551,1.);
#5551 = DIRECTION('',(-1.,-0.,-0.));
#5552 = PCURVE('',#286,#5553);
#5553 = DEFINITIONAL_REPRESENTATION('',(#5554),#5558);
#5554 = LINE('',#5555,#5556);
#5555 = CARTESIAN_POINT('',(29.330343236753,9.230013171537));
#5556 = VECTOR('',#5557,1.);
#5557 = DIRECTION('',(-1.,0.));
#5558 = ( GEOMETRIC_REPRESENTATION_CONTEXT(2) 
PARAMETRIC_REPRESENTATION_CONTEXT() REPRESENTATION_CONTEXT('2D SPACE',''
  ) );
#5559 = PCURVE('',#5560,#5565);
#5560 = PLANE('',#5561);
#5561 = AXIS2_PLACEMENT_3D('',#5562,#5563,#5564);
#5562 = CARTESIAN_POINT('',(-8.469656763247,-14.21998682846,0.));
#5563 = DIRECTION('',(0.,-1.,0.));
#5564 = DIRECTION('',(-1.,-0.,0.));
#5565 = DEFINITIONAL_REPRESENTATION('',(#5566),#5570);
#5566 = LINE('',#5567,#5568);
#5567 = CARTESIAN_POINT('',(0.,0.));
#5568 = VECTOR('',#5569,1.);
#5569 = DIRECTION('',(1.,0.));
#5570 = ( GEOMETRIC_REPRESENTATION_CONTEXT(2) 
PARAMETRIC_REPRESENTATION_CONTEXT() REPRESENTATION_CONTEXT('2D SPACE',''
  ) );
#5571 = ORIENTED_EDGE('',*,*,#5572,.F.);
#5572 = EDGE_CURVE('',#5573,#5543,#5575,.T.);
#5573 = VERTEX_POINT('',#5574);
#5574 = CARTESIAN_POINT('',(-8.469656763247,-14.81695251154,0.));
#5575 = SURFACE_CURVE('',#5576,(#5580,#5587),.PCURVE_S1.);
#5576 = LINE('',#5577,#5578);
#5577 = CARTESIAN_POINT('',(-8.469656763247,-14.81695251154,0.));
#5578 = VECTOR('',#5579,1.);
#5579 = DIRECTION('',(0.,1.,0.));
#5580 = PCURVE('',#286,#5581);
#5581 = DEFINITIONAL_REPRESENTATION('',(#5582),#5586);
#5582 = LINE('',#5583,#5584);
#5583 = CARTESIAN_POINT('',(29.330343236753,8.633047488458));
#5584 = VECTOR('',#5585,1.);
#5585 = DIRECTION('',(0.,1.));
#5586 = ( GEOMETRIC_REPRESENTATION_CONTEXT(2) 
PARAMETRIC_REPRESENTATION_CONTEXT() REPRESENTATION_CONTEXT('2D SPACE',''
  ) );
#5587 = PCURVE('',#5588,#5593);
#5588 = PLANE('',#5589);
#5589 = AXIS2_PLACEMENT_3D('',#5590,#5591,#5592);
#5590 = CARTESIAN_POINT('',(-8.469656763247,-14.81695251154,0.));
#5591 = DIRECTION('',(-1.,0.,0.));
#5592 = DIRECTION('',(0.,1.,0.));
#5593 = DEFINITIONAL_REPRESENTATION('',(#5594),#5598);
#5594 = LINE('',#5595,#5596);
#5595 = CARTESIAN_POINT('',(0.,0.));
#5596 = VECTOR('',#5597,1.);
#5597 = DIRECTION('',(1.,0.));
#5598 = ( GEOMETRIC_REPRESENTATION_CONTEXT(2) 
PARAMETRIC_REPRESENTATION_CONTEXT() REPRESENTATION_CONTEXT('2D SPACE',''
  ) );
#5599 = ORIENTED_EDGE('',*,*,#5600,.F.);
#5600 = EDGE_CURVE('',#5601,#5573,#5603,.T.);
#5601 = VERTEX_POINT('',#5602);
#5602 = CARTESIAN_POINT('',(-10.29353534193,-14.81695251154,0.));
#5603 = SURFACE_CURVE('',#5604,(#5608,#5615),.PCURVE_S1.);
#5604 = LINE('',#5605,#5606);
#5605 = CARTESIAN_POINT('',(-10.29353534193,-14.81695251154,0.));
#5606 = VECTOR('',#5607,1.);
#5607 = DIRECTION('',(1.,0.,0.));
#5608 = PCURVE('',#286,#5609);
#5609 = DEFINITIONAL_REPRESENTATION('',(#5610),#5614);
#5610 = LINE('',#5611,#5612);
#5611 = CARTESIAN_POINT('',(27.506464658063,8.633047488458));
#5612 = VECTOR('',#5613,1.);
#5613 = DIRECTION('',(1.,0.));
#5614 = ( GEOMETRIC_REPRESENTATION_CONTEXT(2) 
PARAMETRIC_REPRESENTATION_CONTEXT() REPRESENTATION_CONTEXT('2D SPACE',''
  ) );
#5615 = PCURVE('',#5616,#5621);
#5616 = PLANE('',#5617);
#5617 = AXIS2_PLACEMENT_3D('',#5618,#5619,#5620);
#5618 = CARTESIAN_POINT('',(-10.29353534193,-14.81695251154,0.));
#5619 = DIRECTION('',(-0.,1.,0.));
#5620 = DIRECTION('',(1.,0.,0.));
#5621 = DEFINITIONAL_REPRESENTATION('',(#5622),#5626);
#5622 = LINE('',#5623,#5624);
#5623 = CARTESIAN_POINT('',(0.,0.));
#5624 = VECTOR('',#5625,1.);
#5625 = DIRECTION('',(1.,0.));
#5626 = ( GEOMETRIC_REPRESENTATION_CONTEXT(2) 
PARAMETRIC_REPRESENTATION_CONTEXT() REPRESENTATION_CONTEXT('2D SPACE',''
  ) );
#5627 = ORIENTED_EDGE('',*,*,#5628,.F.);
#5628 = EDGE_CURVE('',#5545,#5601,#5629,.T.);
#5629 = SURFACE_CURVE('',#5630,(#5634,#5641),.PCURVE_S1.);
#5630 = LINE('',#5631,#5632);
#5631 = CARTESIAN_POINT('',(-10.29353534193,-14.21998682846,0.));
#5632 = VECTOR('',#5633,1.);
#5633 = DIRECTION('',(-0.,-1.,-0.));
#5634 = PCURVE('',#286,#5635);
#5635 = DEFINITIONAL_REPRESENTATION('',(#5636),#5640);
#5636 = LINE('',#5637,#5638);
#5637 = CARTESIAN_POINT('',(27.506464658063,9.230013171537));
#5638 = VECTOR('',#5639,1.);
#5639 = DIRECTION('',(0.,-1.));
#5640 = ( GEOMETRIC_REPRESENTATION_CONTEXT(2) 
PARAMETRIC_REPRESENTATION_CONTEXT() REPRESENTATION_CONTEXT('2D SPACE',''
  ) );
#5641 = PCURVE('',#5642,#5647);
#5642 = PLANE('',#5643);
#5643 = AXIS2_PLACEMENT_3D('',#5644,#5645,#5646);
#5644 = CARTESIAN_POINT('',(-10.29353534193,-14.21998682846,0.));
#5645 = DIRECTION('',(1.,-0.,0.));
#5646 = DIRECTION('',(-0.,-1.,0.));
#5647 = DEFINITIONAL_REPRESENTATION('',(#5648),#5652);
#5648 = LINE('',#5649,#5650);
#5649 = CARTESIAN_POINT('',(0.,0.));
#5650 = VECTOR('',#5651,1.);
#5651 = DIRECTION('',(1.,0.));
#5652 = ( GEOMETRIC_REPRESENTATION_CONTEXT(2) 
PARAMETRIC_REPRESENTATION_CONTEXT() REPRESENTATION_CONTEXT('2D SPACE',''
  ) );
#5653 = FACE_BOUND('',#5654,.F.);
#5654 = EDGE_LOOP('',(#5655,#5685,#5713,#5741));
#5655 = ORIENTED_EDGE('',*,*,#5656,.F.);
#5656 = EDGE_CURVE('',#5657,#5659,#5661,.T.);
#5657 = VERTEX_POINT('',#5658);
#5658 = CARTESIAN_POINT('',(12.542875650557,-14.21998682846,0.));
#5659 = VERTEX_POINT('',#5660);
#5660 = CARTESIAN_POINT('',(10.718997071867,-14.21998682846,0.));
#5661 = SURFACE_CURVE('',#5662,(#5666,#5673),.PCURVE_S1.);
#5662 = LINE('',#5663,#5664);
#5663 = CARTESIAN_POINT('',(12.542875650557,-14.21998682846,0.));
#5664 = VECTOR('',#5665,1.);
#5665 = DIRECTION('',(-1.,-0.,-0.));
#5666 = PCURVE('',#286,#5667);
#5667 = DEFINITIONAL_REPRESENTATION('',(#5668),#5672);
#5668 = LINE('',#5669,#5670);
#5669 = CARTESIAN_POINT('',(50.342875650557,9.230013171537));
#5670 = VECTOR('',#5671,1.);
#5671 = DIRECTION('',(-1.,0.));
#5672 = ( GEOMETRIC_REPRESENTATION_CONTEXT(2) 
PARAMETRIC_REPRESENTATION_CONTEXT() REPRESENTATION_CONTEXT('2D SPACE',''
  ) );
#5673 = PCURVE('',#5674,#5679);
#5674 = PLANE('',#5675);
#5675 = AXIS2_PLACEMENT_3D('',#5676,#5677,#5678);
#5676 = CARTESIAN_POINT('',(12.542875650557,-14.21998682846,0.));
#5677 = DIRECTION('',(0.,-1.,0.));
#5678 = DIRECTION('',(-1.,-0.,0.));
#5679 = DEFINITIONAL_REPRESENTATION('',(#5680),#5684);
#5680 = LINE('',#5681,#5682);
#5681 = CARTESIAN_POINT('',(0.,0.));
#5682 = VECTOR('',#5683,1.);
#5683 = DIRECTION('',(1.,0.));
#5684 = ( GEOMETRIC_REPRESENTATION_CONTEXT(2) 
PARAMETRIC_REPRESENTATION_CONTEXT() REPRESENTATION_CONTEXT('2D SPACE',''
  ) );
#5685 = ORIENTED_EDGE('',*,*,#5686,.F.);
#5686 = EDGE_CURVE('',#5687,#5657,#5689,.T.);
#5687 = VERTEX_POINT('',#5688);
#5688 = CARTESIAN_POINT('',(12.542875650557,-14.81695251154,0.));
#5689 = SURFACE_CURVE('',#5690,(#5694,#5701),.PCURVE_S1.);
#5690 = LINE('',#5691,#5692);
#5691 = CARTESIAN_POINT('',(12.542875650557,-14.81695251154,0.));
#5692 = VECTOR('',#5693,1.);
#5693 = DIRECTION('',(0.,1.,0.));
#5694 = PCURVE('',#286,#5695);
#5695 = DEFINITIONAL_REPRESENTATION('',(#5696),#5700);
#5696 = LINE('',#5697,#5698);
#5697 = CARTESIAN_POINT('',(50.342875650557,8.633047488458));
#5698 = VECTOR('',#5699,1.);
#5699 = DIRECTION('',(0.,1.));
#5700 = ( GEOMETRIC_REPRESENTATION_CONTEXT(2) 
PARAMETRIC_REPRESENTATION_CONTEXT() REPRESENTATION_CONTEXT('2D SPACE',''
  ) );
#5701 = PCURVE('',#5702,#5707);
#5702 = PLANE('',#5703);
#5703 = AXIS2_PLACEMENT_3D('',#5704,#5705,#5706);
#5704 = CARTESIAN_POINT('',(12.542875650557,-14.81695251154,0.));
#5705 = DIRECTION('',(-1.,0.,0.));
#5706 = DIRECTION('',(0.,1.,0.));
#5707 = DEFINITIONAL_REPRESENTATION('',(#5708),#5712);
#5708 = LINE('',#5709,#5710);
#5709 = CARTESIAN_POINT('',(0.,0.));
#5710 = VECTOR('',#5711,1.);
#5711 = DIRECTION('',(1.,0.));
#5712 = ( GEOMETRIC_REPRESENTATION_CONTEXT(2) 
PARAMETRIC_REPRESENTATION_CONTEXT() REPRESENTATION_CONTEXT('2D SPACE',''
  ) );
#5713 = ORIENTED_EDGE('',*,*,#5714,.F.);
#5714 = EDGE_CURVE('',#5715,#5687,#5717,.T.);
#5715 = VERTEX_POINT('',#5716);
#5716 = CARTESIAN_POINT('',(10.718997071867,-14.81695251154,0.));
#5717 = SURFACE_CURVE('',#5718,(#5722,#5729),.PCURVE_S1.);
#5718 = LINE('',#5719,#5720);
#5719 = CARTESIAN_POINT('',(10.718997071867,-14.81695251154,0.));
#5720 = VECTOR('',#5721,1.);
#5721 = DIRECTION('',(1.,0.,0.));
#5722 = PCURVE('',#286,#5723);
#5723 = DEFINITIONAL_REPRESENTATION('',(#5724),#5728);
#5724 = LINE('',#5725,#5726);
#5725 = CARTESIAN_POINT('',(48.518997071867,8.633047488458));
#5726 = VECTOR('',#5727,1.);
#5727 = DIRECTION('',(1.,0.));
#5728 = ( GEOMETRIC_REPRESENTATION_CONTEXT(2) 
PARAMETRIC_REPRESENTATION_CONTEXT() REPRESENTATION_CONTEXT('2D SPACE',''
  ) );
#5729 = PCURVE('',#5730,#5735);
#5730 = PLANE('',#5731);
#5731 = AXIS2_PLACEMENT_3D('',#5732,#5733,#5734);
#5732 = CARTESIAN_POINT('',(10.718997071867,-14.81695251154,0.));
#5733 = DIRECTION('',(-0.,1.,0.));
#5734 = DIRECTION('',(1.,0.,0.));
#5735 = DEFINITIONAL_REPRESENTATION('',(#5736),#5740);
#5736 = LINE('',#5737,#5738);
#5737 = CARTESIAN_POINT('',(0.,0.));
#5738 = VECTOR('',#5739,1.);
#5739 = DIRECTION('',(1.,0.));
#5740 = ( GEOMETRIC_REPRESENTATION_CONTEXT(2) 
PARAMETRIC_REPRESENTATION_CONTEXT() REPRESENTATION_CONTEXT('2D SPACE',''
  ) );
#5741 = ORIENTED_EDGE('',*,*,#5742,.F.);
#5742 = EDGE_CURVE('',#5659,#5715,#5743,.T.);
#5743 = SURFACE_CURVE('',#5744,(#5748,#5755),.PCURVE_S1.);
#5744 = LINE('',#5745,#5746);
#5745 = CARTESIAN_POINT('',(10.718997071867,-14.21998682846,0.));
#5746 = VECTOR('',#5747,1.);
#5747 = DIRECTION('',(-0.,-1.,-0.));
#5748 = PCURVE('',#286,#5749);
#5749 = DEFINITIONAL_REPRESENTATION('',(#5750),#5754);
#5750 = LINE('',#5751,#5752);
#5751 = CARTESIAN_POINT('',(48.518997071867,9.230013171537));
#5752 = VECTOR('',#5753,1.);
#5753 = DIRECTION('',(0.,-1.));
#5754 = ( GEOMETRIC_REPRESENTATION_CONTEXT(2) 
PARAMETRIC_REPRESENTATION_CONTEXT() REPRESENTATION_CONTEXT('2D SPACE',''
  ) );
#5755 = PCURVE('',#5756,#5761);
#5756 = PLANE('',#5757);
#5757 = AXIS2_PLACEMENT_3D('',#5758,#5759,#5760);
#5758 = CARTESIAN_POINT('',(10.718997071867,-14.21998682846,0.));
#5759 = DIRECTION('',(1.,-0.,0.));
#5760 = DIRECTION('',(-0.,-1.,0.));
#5761 = DEFINITIONAL_REPRESENTATION('',(#5762),#5766);
#5762 = LINE('',#5763,#5764);
#5763 = CARTESIAN_POINT('',(0.,0.));
#5764 = VECTOR('',#5765,1.);
#5765 = DIRECTION('',(1.,0.));
#5766 = ( GEOMETRIC_REPRESENTATION_CONTEXT(2) 
PARAMETRIC_REPRESENTATION_CONTEXT() REPRESENTATION_CONTEXT('2D SPACE',''
  ) );
#5767 = ADVANCED_FACE('',(#5768),#261,.T.);
#5768 = FACE_BOUND('',#5769,.T.);
#5769 = EDGE_LOOP('',(#5770,#5771,#5772,#5791));
#5770 = ORIENTED_EDGE('',*,*,#246,.F.);
#5771 = ORIENTED_EDGE('',*,*,#302,.T.);
#5772 = ORIENTED_EDGE('',*,*,#5773,.T.);
#5773 = EDGE_CURVE('',#303,#2241,#5774,.T.);
#5774 = SURFACE_CURVE('',#5775,(#5779,#5785),.PCURVE_S1.);
#5775 = LINE('',#5776,#5777);
#5776 = CARTESIAN_POINT('',(-34.8,23.45,0.6));
#5777 = VECTOR('',#5778,1.);
#5778 = DIRECTION('',(4.329780281177E-17,-0.707106781187,-0.707106781187
    ));
#5779 = PCURVE('',#261,#5780);
#5780 = DEFINITIONAL_REPRESENTATION('',(#5781),#5784);
#5781 = B_SPLINE_CURVE_WITH_KNOTS('',1,(#5782,#5783),.UNSPECIFIED.,.F.,
  .F.,(2,2),(0.,0.848528137424),.PIECEWISE_BEZIER_KNOTS.);
#5782 = CARTESIAN_POINT('',(-1.570796326795,0.));
#5783 = CARTESIAN_POINT('',(-1.570796326795,-0.6));
#5784 = ( GEOMETRIC_REPRESENTATION_CONTEXT(2) 
PARAMETRIC_REPRESENTATION_CONTEXT() REPRESENTATION_CONTEXT('2D SPACE',''
  ) );
#5785 = PCURVE('',#2256,#5786);
#5786 = DEFINITIONAL_REPRESENTATION('',(#5787),#5790);
#5787 = B_SPLINE_CURVE_WITH_KNOTS('',1,(#5788,#5789),.UNSPECIFIED.,.F.,
  .F.,(2,2),(0.,0.848528137424),.PIECEWISE_BEZIER_KNOTS.);
#5788 = CARTESIAN_POINT('',(0.,-0.424264068712));
#5789 = CARTESIAN_POINT('',(0.,0.424264068712));
#5790 = ( GEOMETRIC_REPRESENTATION_CONTEXT(2) 
PARAMETRIC_REPRESENTATION_CONTEXT() REPRESENTATION_CONTEXT('2D SPACE',''
  ) );
#5791 = ORIENTED_EDGE('',*,*,#2268,.F.);
#5792 = ADVANCED_FACE('',(#5793),#342,.T.);
#5793 = FACE_BOUND('',#5794,.T.);
#5794 = EDGE_LOOP('',(#5795,#5796,#5797,#5820));
#5795 = ORIENTED_EDGE('',*,*,#326,.T.);
#5796 = ORIENTED_EDGE('',*,*,#498,.T.);
#5797 = ORIENTED_EDGE('',*,*,#5798,.F.);
#5798 = EDGE_CURVE('',#5799,#470,#5801,.T.);
#5799 = VERTEX_POINT('',#5800);
#5800 = CARTESIAN_POINT('',(34.8,23.45,0.6));
#5801 = SURFACE_CURVE('',#5802,(#5806,#5813),.PCURVE_S1.);
#5802 = LINE('',#5803,#5804);
#5803 = CARTESIAN_POINT('',(34.8,23.45,0.));
#5804 = VECTOR('',#5805,1.);
#5805 = DIRECTION('',(0.,0.,1.));
#5806 = PCURVE('',#342,#5807);
#5807 = DEFINITIONAL_REPRESENTATION('',(#5808),#5812);
#5808 = LINE('',#5809,#5810);
#5809 = CARTESIAN_POINT('',(0.,72.6));
#5810 = VECTOR('',#5811,1.);
#5811 = DIRECTION('',(1.,0.));
#5812 = ( GEOMETRIC_REPRESENTATION_CONTEXT(2) 
PARAMETRIC_REPRESENTATION_CONTEXT() REPRESENTATION_CONTEXT('2D SPACE',''
  ) );
#5813 = PCURVE('',#486,#5814);
#5814 = DEFINITIONAL_REPRESENTATION('',(#5815),#5819);
#5815 = LINE('',#5816,#5817);
#5816 = CARTESIAN_POINT('',(1.570796326795,0.));
#5817 = VECTOR('',#5818,1.);
#5818 = DIRECTION('',(0.,1.));
#5819 = ( GEOMETRIC_REPRESENTATION_CONTEXT(2) 
PARAMETRIC_REPRESENTATION_CONTEXT() REPRESENTATION_CONTEXT('2D SPACE',''
  ) );
#5820 = ORIENTED_EDGE('',*,*,#5821,.F.);
#5821 = EDGE_CURVE('',#303,#5799,#5822,.T.);
#5822 = SURFACE_CURVE('',#5823,(#5827,#5834),.PCURVE_S1.);
#5823 = LINE('',#5824,#5825);
#5824 = CARTESIAN_POINT('',(-34.8,23.45,0.6));
#5825 = VECTOR('',#5826,1.);
#5826 = DIRECTION('',(1.,0.,-0.));
#5827 = PCURVE('',#342,#5828);
#5828 = DEFINITIONAL_REPRESENTATION('',(#5829),#5833);
#5829 = LINE('',#5830,#5831);
#5830 = CARTESIAN_POINT('',(0.6,3.));
#5831 = VECTOR('',#5832,1.);
#5832 = DIRECTION('',(0.,1.));
#5833 = ( GEOMETRIC_REPRESENTATION_CONTEXT(2) 
PARAMETRIC_REPRESENTATION_CONTEXT() REPRESENTATION_CONTEXT('2D SPACE',''
  ) );
#5834 = PCURVE('',#2256,#5835);
#5835 = DEFINITIONAL_REPRESENTATION('',(#5836),#5840);
#5836 = LINE('',#5837,#5838);
#5837 = CARTESIAN_POINT('',(-0.,-0.424264068712));
#5838 = VECTOR('',#5839,1.);
#5839 = DIRECTION('',(-1.,0.));
#5840 = ( GEOMETRIC_REPRESENTATION_CONTEXT(2) 
PARAMETRIC_REPRESENTATION_CONTEXT() REPRESENTATION_CONTEXT('2D SPACE',''
  ) );
#5841 = ADVANCED_FACE('',(#5842),#429,.T.);
#5842 = FACE_BOUND('',#5843,.F.);
#5843 = EDGE_LOOP('',(#5844,#5867,#5889,#5890));
#5844 = ORIENTED_EDGE('',*,*,#5845,.F.);
#5845 = EDGE_CURVE('',#5846,#409,#5848,.T.);
#5846 = VERTEX_POINT('',#5847);
#5847 = CARTESIAN_POINT('',(37.8,-20.45,0.6));
#5848 = SURFACE_CURVE('',#5849,(#5853,#5860),.PCURVE_S1.);
#5849 = LINE('',#5850,#5851);
#5850 = CARTESIAN_POINT('',(37.8,-20.45,0.));
#5851 = VECTOR('',#5852,1.);
#5852 = DIRECTION('',(0.,0.,1.));
#5853 = PCURVE('',#429,#5854);
#5854 = DEFINITIONAL_REPRESENTATION('',(#5855),#5859);
#5855 = LINE('',#5856,#5857);
#5856 = CARTESIAN_POINT('',(-0.,0.));
#5857 = VECTOR('',#5858,1.);
#5858 = DIRECTION('',(-0.,1.));
#5859 = ( GEOMETRIC_REPRESENTATION_CONTEXT(2) 
PARAMETRIC_REPRESENTATION_CONTEXT() REPRESENTATION_CONTEXT('2D SPACE',''
  ) );
#5860 = PCURVE('',#457,#5861);
#5861 = DEFINITIONAL_REPRESENTATION('',(#5862),#5866);
#5862 = LINE('',#5863,#5864);
#5863 = CARTESIAN_POINT('',(0.,-3.));
#5864 = VECTOR('',#5865,1.);
#5865 = DIRECTION('',(1.,0.));
#5866 = ( GEOMETRIC_REPRESENTATION_CONTEXT(2) 
PARAMETRIC_REPRESENTATION_CONTEXT() REPRESENTATION_CONTEXT('2D SPACE',''
  ) );
#5867 = ORIENTED_EDGE('',*,*,#5868,.T.);
#5868 = EDGE_CURVE('',#5846,#2075,#5869,.T.);
#5869 = SURFACE_CURVE('',#5870,(#5875,#5882),.PCURVE_S1.);
#5870 = CIRCLE('',#5871,3.);
#5871 = AXIS2_PLACEMENT_3D('',#5872,#5873,#5874);
#5872 = CARTESIAN_POINT('',(34.8,-20.45,0.6));
#5873 = DIRECTION('',(0.,-0.,-1.));
#5874 = DIRECTION('',(1.,0.,-0.));
#5875 = PCURVE('',#429,#5876);
#5876 = DEFINITIONAL_REPRESENTATION('',(#5877),#5881);
#5877 = LINE('',#5878,#5879);
#5878 = CARTESIAN_POINT('',(-0.,0.6));
#5879 = VECTOR('',#5880,1.);
#5880 = DIRECTION('',(-1.,0.));
#5881 = ( GEOMETRIC_REPRESENTATION_CONTEXT(2) 
PARAMETRIC_REPRESENTATION_CONTEXT() REPRESENTATION_CONTEXT('2D SPACE',''
  ) );
#5882 = PCURVE('',#2167,#5883);
#5883 = DEFINITIONAL_REPRESENTATION('',(#5884),#5888);
#5884 = LINE('',#5885,#5886);
#5885 = CARTESIAN_POINT('',(-0.,-0.));
#5886 = VECTOR('',#5887,1.);
#5887 = DIRECTION('',(-1.,-0.));
#5888 = ( GEOMETRIC_REPRESENTATION_CONTEXT(2) 
PARAMETRIC_REPRESENTATION_CONTEXT() REPRESENTATION_CONTEXT('2D SPACE',''
  ) );
#5889 = ORIENTED_EDGE('',*,*,#2074,.T.);
#5890 = ORIENTED_EDGE('',*,*,#408,.F.);
#5891 = ADVANCED_FACE('',(#5892),#457,.T.);
#5892 = FACE_BOUND('',#5893,.T.);
#5893 = EDGE_LOOP('',(#5894,#5895,#5918,#5939));
#5894 = ORIENTED_EDGE('',*,*,#5845,.F.);
#5895 = ORIENTED_EDGE('',*,*,#5896,.F.);
#5896 = EDGE_CURVE('',#5897,#5846,#5899,.T.);
#5897 = VERTEX_POINT('',#5898);
#5898 = CARTESIAN_POINT('',(37.8,20.45,0.6));
#5899 = SURFACE_CURVE('',#5900,(#5904,#5911),.PCURVE_S1.);
#5900 = LINE('',#5901,#5902);
#5901 = CARTESIAN_POINT('',(37.8,20.45,0.6));
#5902 = VECTOR('',#5903,1.);
#5903 = DIRECTION('',(0.,-1.,-0.));
#5904 = PCURVE('',#457,#5905);
#5905 = DEFINITIONAL_REPRESENTATION('',(#5906),#5910);
#5906 = LINE('',#5907,#5908);
#5907 = CARTESIAN_POINT('',(0.6,-43.9));
#5908 = VECTOR('',#5909,1.);
#5909 = DIRECTION('',(0.,1.));
#5910 = ( GEOMETRIC_REPRESENTATION_CONTEXT(2) 
PARAMETRIC_REPRESENTATION_CONTEXT() REPRESENTATION_CONTEXT('2D SPACE',''
  ) );
#5911 = PCURVE('',#2195,#5912);
#5912 = DEFINITIONAL_REPRESENTATION('',(#5913),#5917);
#5913 = LINE('',#5914,#5915);
#5914 = CARTESIAN_POINT('',(-0.,-0.424264068712));
#5915 = VECTOR('',#5916,1.);
#5916 = DIRECTION('',(-1.,0.));
#5917 = ( GEOMETRIC_REPRESENTATION_CONTEXT(2) 
PARAMETRIC_REPRESENTATION_CONTEXT() REPRESENTATION_CONTEXT('2D SPACE',''
  ) );
#5918 = ORIENTED_EDGE('',*,*,#5919,.T.);
#5919 = EDGE_CURVE('',#5897,#442,#5920,.T.);
#5920 = SURFACE_CURVE('',#5921,(#5925,#5932),.PCURVE_S1.);
#5921 = LINE('',#5922,#5923);
#5922 = CARTESIAN_POINT('',(37.8,20.45,0.));
#5923 = VECTOR('',#5924,1.);
#5924 = DIRECTION('',(0.,0.,1.));
#5925 = PCURVE('',#457,#5926);
#5926 = DEFINITIONAL_REPRESENTATION('',(#5927),#5931);
#5927 = LINE('',#5928,#5929);
#5928 = CARTESIAN_POINT('',(0.,-43.9));
#5929 = VECTOR('',#5930,1.);
#5930 = DIRECTION('',(1.,0.));
#5931 = ( GEOMETRIC_REPRESENTATION_CONTEXT(2) 
PARAMETRIC_REPRESENTATION_CONTEXT() REPRESENTATION_CONTEXT('2D SPACE',''
  ) );
#5932 = PCURVE('',#486,#5933);
#5933 = DEFINITIONAL_REPRESENTATION('',(#5934),#5938);
#5934 = LINE('',#5935,#5936);
#5935 = CARTESIAN_POINT('',(0.,0.));
#5936 = VECTOR('',#5937,1.);
#5937 = DIRECTION('',(0.,1.));
#5938 = ( GEOMETRIC_REPRESENTATION_CONTEXT(2) 
PARAMETRIC_REPRESENTATION_CONTEXT() REPRESENTATION_CONTEXT('2D SPACE',''
  ) );
#5939 = ORIENTED_EDGE('',*,*,#441,.F.);
#5940 = ADVANCED_FACE('',(#5941),#486,.T.);
#5941 = FACE_BOUND('',#5942,.T.);
#5942 = EDGE_LOOP('',(#5943,#5944,#5966,#5967));
#5943 = ORIENTED_EDGE('',*,*,#5919,.F.);
#5944 = ORIENTED_EDGE('',*,*,#5945,.F.);
#5945 = EDGE_CURVE('',#5799,#5897,#5946,.T.);
#5946 = SURFACE_CURVE('',#5947,(#5952,#5959),.PCURVE_S1.);
#5947 = CIRCLE('',#5948,3.);
#5948 = AXIS2_PLACEMENT_3D('',#5949,#5950,#5951);
#5949 = CARTESIAN_POINT('',(34.8,20.45,0.6));
#5950 = DIRECTION('',(0.,-0.,-1.));
#5951 = DIRECTION('',(0.,1.,-0.));
#5952 = PCURVE('',#486,#5953);
#5953 = DEFINITIONAL_REPRESENTATION('',(#5954),#5958);
#5954 = LINE('',#5955,#5956);
#5955 = CARTESIAN_POINT('',(1.570796326795,0.6));
#5956 = VECTOR('',#5957,1.);
#5957 = DIRECTION('',(-1.,-0.));
#5958 = ( GEOMETRIC_REPRESENTATION_CONTEXT(2) 
PARAMETRIC_REPRESENTATION_CONTEXT() REPRESENTATION_CONTEXT('2D SPACE',''
  ) );
#5959 = PCURVE('',#2228,#5960);
#5960 = DEFINITIONAL_REPRESENTATION('',(#5961),#5965);
#5961 = LINE('',#5962,#5963);
#5962 = CARTESIAN_POINT('',(-0.,-0.));
#5963 = VECTOR('',#5964,1.);
#5964 = DIRECTION('',(-1.,-0.));
#5965 = ( GEOMETRIC_REPRESENTATION_CONTEXT(2) 
PARAMETRIC_REPRESENTATION_CONTEXT() REPRESENTATION_CONTEXT('2D SPACE',''
  ) );
#5966 = ORIENTED_EDGE('',*,*,#5798,.T.);
#5967 = ORIENTED_EDGE('',*,*,#469,.F.);
#5968 = ADVANCED_FACE('',(#5969),#540,.F.);
#5969 = FACE_BOUND('',#5970,.F.);
#5970 = EDGE_LOOP('',(#5971,#5972,#5993,#6021));
#5971 = ORIENTED_EDGE('',*,*,#522,.F.);
#5972 = ORIENTED_EDGE('',*,*,#5973,.F.);
#5973 = EDGE_CURVE('',#5974,#523,#5976,.T.);
#5974 = VERTEX_POINT('',#5975);
#5975 = CARTESIAN_POINT('',(-30.,-5.,13.59));
#5976 = SURFACE_CURVE('',#5977,(#5981,#5987),.PCURVE_S1.);
#5977 = LINE('',#5978,#5979);
#5978 = CARTESIAN_POINT('',(-30.,-5.,3.5));
#5979 = VECTOR('',#5980,1.);
#5980 = DIRECTION('',(-0.,0.,-1.));
#5981 = PCURVE('',#540,#5982);
#5982 = DEFINITIONAL_REPRESENTATION('',(#5983),#5986);
#5983 = B_SPLINE_CURVE_WITH_KNOTS('',1,(#5984,#5985),.UNSPECIFIED.,.F.,
  .F.,(2,2),(-10.09,-0.),.PIECEWISE_BEZIER_KNOTS.);
#5984 = CARTESIAN_POINT('',(10.09,2.5));
#5985 = CARTESIAN_POINT('',(0.,2.5));
#5986 = ( GEOMETRIC_REPRESENTATION_CONTEXT(2) 
PARAMETRIC_REPRESENTATION_CONTEXT() REPRESENTATION_CONTEXT('2D SPACE',''
  ) );
#5987 = PCURVE('',#568,#5988);
#5988 = DEFINITIONAL_REPRESENTATION('',(#5989),#5992);
#5989 = B_SPLINE_CURVE_WITH_KNOTS('',1,(#5990,#5991),.UNSPECIFIED.,.F.,
  .F.,(2,2),(-10.09,-0.),.PIECEWISE_BEZIER_KNOTS.);
#5990 = CARTESIAN_POINT('',(10.09,-1.));
#5991 = CARTESIAN_POINT('',(0.,-1.));
#5992 = ( GEOMETRIC_REPRESENTATION_CONTEXT(2) 
PARAMETRIC_REPRESENTATION_CONTEXT() REPRESENTATION_CONTEXT('2D SPACE',''
  ) );
#5993 = ORIENTED_EDGE('',*,*,#5994,.T.);
#5994 = EDGE_CURVE('',#5974,#5995,#5997,.T.);
#5995 = VERTEX_POINT('',#5996);
#5996 = CARTESIAN_POINT('',(-27.5,-5.,13.59));
#5997 = SURFACE_CURVE('',#5998,(#6002,#6009),.PCURVE_S1.);
#5998 = LINE('',#5999,#6000);
#5999 = CARTESIAN_POINT('',(-32.5,-5.,13.59));
#6000 = VECTOR('',#6001,1.);
#6001 = DIRECTION('',(1.,0.,-0.));
#6002 = PCURVE('',#540,#6003);
#6003 = DEFINITIONAL_REPRESENTATION('',(#6004),#6008);
#6004 = LINE('',#6005,#6006);
#6005 = CARTESIAN_POINT('',(10.09,0.));
#6006 = VECTOR('',#6007,1.);
#6007 = DIRECTION('',(0.,1.));
#6008 = ( GEOMETRIC_REPRESENTATION_CONTEXT(2) 
PARAMETRIC_REPRESENTATION_CONTEXT() REPRESENTATION_CONTEXT('2D SPACE',''
  ) );
#6009 = PCURVE('',#6010,#6015);
#6010 = PLANE('',#6011);
#6011 = AXIS2_PLACEMENT_3D('',#6012,#6013,#6014);
#6012 = CARTESIAN_POINT('',(-32.5,-5.,13.59));
#6013 = DIRECTION('',(0.,0.,1.));
#6014 = DIRECTION('',(1.,0.,-0.));
#6015 = DEFINITIONAL_REPRESENTATION('',(#6016),#6020);
#6016 = LINE('',#6017,#6018);
#6017 = CARTESIAN_POINT('',(0.,0.));
#6018 = VECTOR('',#6019,1.);
#6019 = DIRECTION('',(1.,0.));
#6020 = ( GEOMETRIC_REPRESENTATION_CONTEXT(2) 
PARAMETRIC_REPRESENTATION_CONTEXT() REPRESENTATION_CONTEXT('2D SPACE',''
  ) );
#6021 = ORIENTED_EDGE('',*,*,#6022,.F.);
#6022 = EDGE_CURVE('',#525,#5995,#6023,.T.);
#6023 = SURFACE_CURVE('',#6024,(#6028,#6035),.PCURVE_S1.);
#6024 = LINE('',#6025,#6026);
#6025 = CARTESIAN_POINT('',(-27.5,-5.,3.5));
#6026 = VECTOR('',#6027,1.);
#6027 = DIRECTION('',(0.,0.,1.));
#6028 = PCURVE('',#540,#6029);
#6029 = DEFINITIONAL_REPRESENTATION('',(#6030),#6034);
#6030 = LINE('',#6031,#6032);
#6031 = CARTESIAN_POINT('',(0.,5.));
#6032 = VECTOR('',#6033,1.);
#6033 = DIRECTION('',(1.,0.));
#6034 = ( GEOMETRIC_REPRESENTATION_CONTEXT(2) 
PARAMETRIC_REPRESENTATION_CONTEXT() REPRESENTATION_CONTEXT('2D SPACE',''
  ) );
#6035 = PCURVE('',#622,#6036);
#6036 = DEFINITIONAL_REPRESENTATION('',(#6037),#6041);
#6037 = LINE('',#6038,#6039);
#6038 = CARTESIAN_POINT('',(0.,0.));
#6039 = VECTOR('',#6040,1.);
#6040 = DIRECTION('',(1.,0.));
#6041 = ( GEOMETRIC_REPRESENTATION_CONTEXT(2) 
PARAMETRIC_REPRESENTATION_CONTEXT() REPRESENTATION_CONTEXT('2D SPACE',''
  ) );
#6042 = ADVANCED_FACE('',(#6043),#568,.F.);
#6043 = FACE_BOUND('',#6044,.F.);
#6044 = EDGE_LOOP('',(#6045,#6046,#6047,#6068));
#6045 = ORIENTED_EDGE('',*,*,#5973,.T.);
#6046 = ORIENTED_EDGE('',*,*,#552,.T.);
#6047 = ORIENTED_EDGE('',*,*,#6048,.F.);
#6048 = EDGE_CURVE('',#6049,#553,#6051,.T.);
#6049 = VERTEX_POINT('',#6050);
#6050 = CARTESIAN_POINT('',(-30.,5.,13.59));
#6051 = SURFACE_CURVE('',#6052,(#6056,#6062),.PCURVE_S1.);
#6052 = LINE('',#6053,#6054);
#6053 = CARTESIAN_POINT('',(-30.,5.,3.5));
#6054 = VECTOR('',#6055,1.);
#6055 = DIRECTION('',(-0.,0.,-1.));
#6056 = PCURVE('',#568,#6057);
#6057 = DEFINITIONAL_REPRESENTATION('',(#6058),#6061);
#6058 = B_SPLINE_CURVE_WITH_KNOTS('',1,(#6059,#6060),.UNSPECIFIED.,.F.,
  .F.,(2,2),(-10.09,-0.),.PIECEWISE_BEZIER_KNOTS.);
#6059 = CARTESIAN_POINT('',(10.09,-11.));
#6060 = CARTESIAN_POINT('',(0.,-11.));
#6061 = ( GEOMETRIC_REPRESENTATION_CONTEXT(2) 
PARAMETRIC_REPRESENTATION_CONTEXT() REPRESENTATION_CONTEXT('2D SPACE',''
  ) );
#6062 = PCURVE('',#596,#6063);
#6063 = DEFINITIONAL_REPRESENTATION('',(#6064),#6067);
#6064 = B_SPLINE_CURVE_WITH_KNOTS('',1,(#6065,#6066),.UNSPECIFIED.,.F.,
  .F.,(2,2),(-10.09,-0.),.PIECEWISE_BEZIER_KNOTS.);
#6065 = CARTESIAN_POINT('',(10.09,2.5));
#6066 = CARTESIAN_POINT('',(0.,2.5));
#6067 = ( GEOMETRIC_REPRESENTATION_CONTEXT(2) 
PARAMETRIC_REPRESENTATION_CONTEXT() REPRESENTATION_CONTEXT('2D SPACE',''
  ) );
#6068 = ORIENTED_EDGE('',*,*,#6069,.F.);
#6069 = EDGE_CURVE('',#5974,#6049,#6070,.T.);
#6070 = SURFACE_CURVE('',#6071,(#6075,#6081),.PCURVE_S1.);
#6071 = LINE('',#6072,#6073);
#6072 = CARTESIAN_POINT('',(-30.,-5.5,13.59));
#6073 = VECTOR('',#6074,1.);
#6074 = DIRECTION('',(-0.,1.,0.));
#6075 = PCURVE('',#568,#6076);
#6076 = DEFINITIONAL_REPRESENTATION('',(#6077),#6080);
#6077 = B_SPLINE_CURVE_WITH_KNOTS('',1,(#6078,#6079),.UNSPECIFIED.,.F.,
  .F.,(2,2),(0.5,10.5),.PIECEWISE_BEZIER_KNOTS.);
#6078 = CARTESIAN_POINT('',(10.09,-1.));
#6079 = CARTESIAN_POINT('',(10.09,-11.));
#6080 = ( GEOMETRIC_REPRESENTATION_CONTEXT(2) 
PARAMETRIC_REPRESENTATION_CONTEXT() REPRESENTATION_CONTEXT('2D SPACE',''
  ) );
#6081 = PCURVE('',#6010,#6082);
#6082 = DEFINITIONAL_REPRESENTATION('',(#6083),#6086);
#6083 = B_SPLINE_CURVE_WITH_KNOTS('',1,(#6084,#6085),.UNSPECIFIED.,.F.,
  .F.,(2,2),(0.5,10.5),.PIECEWISE_BEZIER_KNOTS.);
#6084 = CARTESIAN_POINT('',(2.5,0.));
#6085 = CARTESIAN_POINT('',(2.5,10.));
#6086 = ( GEOMETRIC_REPRESENTATION_CONTEXT(2) 
PARAMETRIC_REPRESENTATION_CONTEXT() REPRESENTATION_CONTEXT('2D SPACE',''
  ) );
#6087 = ADVANCED_FACE('',(#6088),#596,.T.);
#6088 = FACE_BOUND('',#6089,.T.);
#6089 = EDGE_LOOP('',(#6090,#6091,#6092,#6115));
#6090 = ORIENTED_EDGE('',*,*,#580,.F.);
#6091 = ORIENTED_EDGE('',*,*,#6048,.F.);
#6092 = ORIENTED_EDGE('',*,*,#6093,.T.);
#6093 = EDGE_CURVE('',#6049,#6094,#6096,.T.);
#6094 = VERTEX_POINT('',#6095);
#6095 = CARTESIAN_POINT('',(-27.5,5.,13.59));
#6096 = SURFACE_CURVE('',#6097,(#6101,#6108),.PCURVE_S1.);
#6097 = LINE('',#6098,#6099);
#6098 = CARTESIAN_POINT('',(-32.5,5.,13.59));
#6099 = VECTOR('',#6100,1.);
#6100 = DIRECTION('',(1.,0.,-0.));
#6101 = PCURVE('',#596,#6102);
#6102 = DEFINITIONAL_REPRESENTATION('',(#6103),#6107);
#6103 = LINE('',#6104,#6105);
#6104 = CARTESIAN_POINT('',(10.09,0.));
#6105 = VECTOR('',#6106,1.);
#6106 = DIRECTION('',(0.,1.));
#6107 = ( GEOMETRIC_REPRESENTATION_CONTEXT(2) 
PARAMETRIC_REPRESENTATION_CONTEXT() REPRESENTATION_CONTEXT('2D SPACE',''
  ) );
#6108 = PCURVE('',#6010,#6109);
#6109 = DEFINITIONAL_REPRESENTATION('',(#6110),#6114);
#6110 = LINE('',#6111,#6112);
#6111 = CARTESIAN_POINT('',(0.,10.));
#6112 = VECTOR('',#6113,1.);
#6113 = DIRECTION('',(1.,0.));
#6114 = ( GEOMETRIC_REPRESENTATION_CONTEXT(2) 
PARAMETRIC_REPRESENTATION_CONTEXT() REPRESENTATION_CONTEXT('2D SPACE',''
  ) );
#6115 = ORIENTED_EDGE('',*,*,#6116,.F.);
#6116 = EDGE_CURVE('',#581,#6094,#6117,.T.);
#6117 = SURFACE_CURVE('',#6118,(#6122,#6129),.PCURVE_S1.);
#6118 = LINE('',#6119,#6120);
#6119 = CARTESIAN_POINT('',(-27.5,5.,3.5));
#6120 = VECTOR('',#6121,1.);
#6121 = DIRECTION('',(0.,0.,1.));
#6122 = PCURVE('',#596,#6123);
#6123 = DEFINITIONAL_REPRESENTATION('',(#6124),#6128);
#6124 = LINE('',#6125,#6126);
#6125 = CARTESIAN_POINT('',(0.,5.));
#6126 = VECTOR('',#6127,1.);
#6127 = DIRECTION('',(1.,0.));
#6128 = ( GEOMETRIC_REPRESENTATION_CONTEXT(2) 
PARAMETRIC_REPRESENTATION_CONTEXT() REPRESENTATION_CONTEXT('2D SPACE',''
  ) );
#6129 = PCURVE('',#622,#6130);
#6130 = DEFINITIONAL_REPRESENTATION('',(#6131),#6135);
#6131 = LINE('',#6132,#6133);
#6132 = CARTESIAN_POINT('',(0.,-10.));
#6133 = VECTOR('',#6134,1.);
#6134 = DIRECTION('',(1.,0.));
#6135 = ( GEOMETRIC_REPRESENTATION_CONTEXT(2) 
PARAMETRIC_REPRESENTATION_CONTEXT() REPRESENTATION_CONTEXT('2D SPACE',''
  ) );
#6136 = ADVANCED_FACE('',(#6137),#622,.T.);
#6137 = FACE_BOUND('',#6138,.T.);
#6138 = EDGE_LOOP('',(#6139,#6140,#6141,#6142));
#6139 = ORIENTED_EDGE('',*,*,#6022,.F.);
#6140 = ORIENTED_EDGE('',*,*,#608,.T.);
#6141 = ORIENTED_EDGE('',*,*,#6116,.T.);
#6142 = ORIENTED_EDGE('',*,*,#6143,.F.);
#6143 = EDGE_CURVE('',#5995,#6094,#6144,.T.);
#6144 = SURFACE_CURVE('',#6145,(#6149,#6156),.PCURVE_S1.);
#6145 = LINE('',#6146,#6147);
#6146 = CARTESIAN_POINT('',(-27.5,-5.,13.59));
#6147 = VECTOR('',#6148,1.);
#6148 = DIRECTION('',(-0.,1.,0.));
#6149 = PCURVE('',#622,#6150);
#6150 = DEFINITIONAL_REPRESENTATION('',(#6151),#6155);
#6151 = LINE('',#6152,#6153);
#6152 = CARTESIAN_POINT('',(10.09,0.));
#6153 = VECTOR('',#6154,1.);
#6154 = DIRECTION('',(0.,-1.));
#6155 = ( GEOMETRIC_REPRESENTATION_CONTEXT(2) 
PARAMETRIC_REPRESENTATION_CONTEXT() REPRESENTATION_CONTEXT('2D SPACE',''
  ) );
#6156 = PCURVE('',#6010,#6157);
#6157 = DEFINITIONAL_REPRESENTATION('',(#6158),#6162);
#6158 = LINE('',#6159,#6160);
#6159 = CARTESIAN_POINT('',(5.,0.));
#6160 = VECTOR('',#6161,1.);
#6161 = DIRECTION('',(0.,1.));
#6162 = ( GEOMETRIC_REPRESENTATION_CONTEXT(2) 
PARAMETRIC_REPRESENTATION_CONTEXT() REPRESENTATION_CONTEXT('2D SPACE',''
  ) );
#6163 = ADVANCED_FACE('',(#6164),#653,.F.);
#6164 = FACE_BOUND('',#6165,.F.);
#6165 = EDGE_LOOP('',(#6166,#6167,#6191,#6218));
#6166 = ORIENTED_EDGE('',*,*,#636,.F.);
#6167 = ORIENTED_EDGE('',*,*,#6168,.F.);
#6168 = EDGE_CURVE('',#6169,#637,#6171,.T.);
#6169 = VERTEX_POINT('',#6170);
#6170 = CARTESIAN_POINT('',(-24.1,-13.6,4.1));
#6171 = SEAM_CURVE('',#6172,(#6177,#6184),.PCURVE_S1.);
#6172 = CIRCLE('',#6173,0.6);
#6173 = AXIS2_PLACEMENT_3D('',#6174,#6175,#6176);
#6174 = CARTESIAN_POINT('',(-23.5,-13.6,4.1));
#6175 = DIRECTION('',(-2.449293598295E-16,-1.,0.));
#6176 = DIRECTION('',(1.,-2.449293598295E-16,0.));
#6177 = PCURVE('',#653,#6178);
#6178 = DEFINITIONAL_REPRESENTATION('',(#6179),#6183);
#6179 = LINE('',#6180,#6181);
#6180 = CARTESIAN_POINT('',(6.28318530718,-0.));
#6181 = VECTOR('',#6182,1.);
#6182 = DIRECTION('',(0.,1.));
#6183 = ( GEOMETRIC_REPRESENTATION_CONTEXT(2) 
PARAMETRIC_REPRESENTATION_CONTEXT() REPRESENTATION_CONTEXT('2D SPACE',''
  ) );
#6184 = PCURVE('',#653,#6185);
#6185 = DEFINITIONAL_REPRESENTATION('',(#6186),#6190);
#6186 = LINE('',#6187,#6188);
#6187 = CARTESIAN_POINT('',(0.,-0.));
#6188 = VECTOR('',#6189,1.);
#6189 = DIRECTION('',(0.,1.));
#6190 = ( GEOMETRIC_REPRESENTATION_CONTEXT(2) 
PARAMETRIC_REPRESENTATION_CONTEXT() REPRESENTATION_CONTEXT('2D SPACE',''
  ) );
#6191 = ORIENTED_EDGE('',*,*,#6192,.T.);
#6192 = EDGE_CURVE('',#6169,#6169,#6193,.T.);
#6193 = SURFACE_CURVE('',#6194,(#6199,#6206),.PCURVE_S1.);
#6194 = CIRCLE('',#6195,3.85);
#6195 = AXIS2_PLACEMENT_3D('',#6196,#6197,#6198);
#6196 = CARTESIAN_POINT('',(-27.95,-13.6,4.1));
#6197 = DIRECTION('',(0.,0.,1.));
#6198 = DIRECTION('',(1.,0.,-0.));
#6199 = PCURVE('',#653,#6200);
#6200 = DEFINITIONAL_REPRESENTATION('',(#6201),#6205);
#6201 = LINE('',#6202,#6203);
#6202 = CARTESIAN_POINT('',(0.,3.14159265359));
#6203 = VECTOR('',#6204,1.);
#6204 = DIRECTION('',(1.,0.));
#6205 = ( GEOMETRIC_REPRESENTATION_CONTEXT(2) 
PARAMETRIC_REPRESENTATION_CONTEXT() REPRESENTATION_CONTEXT('2D SPACE',''
  ) );
#6206 = PCURVE('',#6207,#6212);
#6207 = CYLINDRICAL_SURFACE('',#6208,3.85);
#6208 = AXIS2_PLACEMENT_3D('',#6209,#6210,#6211);
#6209 = CARTESIAN_POINT('',(-27.95,-13.6,3.5));
#6210 = DIRECTION('',(0.,0.,1.));
#6211 = DIRECTION('',(1.,0.,-0.));
#6212 = DEFINITIONAL_REPRESENTATION('',(#6213),#6217);
#6213 = LINE('',#6214,#6215);
#6214 = CARTESIAN_POINT('',(0.,0.6));
#6215 = VECTOR('',#6216,1.);
#6216 = DIRECTION('',(1.,0.));
#6217 = ( GEOMETRIC_REPRESENTATION_CONTEXT(2) 
PARAMETRIC_REPRESENTATION_CONTEXT() REPRESENTATION_CONTEXT('2D SPACE',''
  ) );
#6218 = ORIENTED_EDGE('',*,*,#6168,.T.);
#6219 = ADVANCED_FACE('',(#6220),#685,.T.);
#6220 = FACE_BOUND('',#6221,.F.);
#6221 = EDGE_LOOP('',(#6222,#6223,#6246,#6274));
#6222 = ORIENTED_EDGE('',*,*,#667,.F.);
#6223 = ORIENTED_EDGE('',*,*,#6224,.T.);
#6224 = EDGE_CURVE('',#668,#6225,#6227,.T.);
#6225 = VERTEX_POINT('',#6226);
#6226 = CARTESIAN_POINT('',(-4.,-20.75,11.5));
#6227 = SURFACE_CURVE('',#6228,(#6232,#6239),.PCURVE_S1.);
#6228 = LINE('',#6229,#6230);
#6229 = CARTESIAN_POINT('',(-4.,-20.75,3.5));
#6230 = VECTOR('',#6231,1.);
#6231 = DIRECTION('',(-0.,-0.,1.));
#6232 = PCURVE('',#685,#6233);
#6233 = DEFINITIONAL_REPRESENTATION('',(#6234),#6238);
#6234 = LINE('',#6235,#6236);
#6235 = CARTESIAN_POINT('',(-0.,0.));
#6236 = VECTOR('',#6237,1.);
#6237 = DIRECTION('',(-1.,0.));
#6238 = ( GEOMETRIC_REPRESENTATION_CONTEXT(2) 
PARAMETRIC_REPRESENTATION_CONTEXT() REPRESENTATION_CONTEXT('2D SPACE',''
  ) );
#6239 = PCURVE('',#713,#6240);
#6240 = DEFINITIONAL_REPRESENTATION('',(#6241),#6245);
#6241 = LINE('',#6242,#6243);
#6242 = CARTESIAN_POINT('',(-0.,-1.6));
#6243 = VECTOR('',#6244,1.);
#6244 = DIRECTION('',(-1.,0.));
#6245 = ( GEOMETRIC_REPRESENTATION_CONTEXT(2) 
PARAMETRIC_REPRESENTATION_CONTEXT() REPRESENTATION_CONTEXT('2D SPACE',''
  ) );
#6246 = ORIENTED_EDGE('',*,*,#6247,.T.);
#6247 = EDGE_CURVE('',#6225,#6248,#6250,.T.);
#6248 = VERTEX_POINT('',#6249);
#6249 = CARTESIAN_POINT('',(4.,-20.75,11.5));
#6250 = SURFACE_CURVE('',#6251,(#6255,#6262),.PCURVE_S1.);
#6251 = LINE('',#6252,#6253);
#6252 = CARTESIAN_POINT('',(-4.,-20.75,11.5));
#6253 = VECTOR('',#6254,1.);
#6254 = DIRECTION('',(1.,-0.,-0.));
#6255 = PCURVE('',#685,#6256);
#6256 = DEFINITIONAL_REPRESENTATION('',(#6257),#6261);
#6257 = LINE('',#6258,#6259);
#6258 = CARTESIAN_POINT('',(-8.,0.));
#6259 = VECTOR('',#6260,1.);
#6260 = DIRECTION('',(0.,1.));
#6261 = ( GEOMETRIC_REPRESENTATION_CONTEXT(2) 
PARAMETRIC_REPRESENTATION_CONTEXT() REPRESENTATION_CONTEXT('2D SPACE',''
  ) );
#6262 = PCURVE('',#6263,#6268);
#6263 = PLANE('',#6264);
#6264 = AXIS2_PLACEMENT_3D('',#6265,#6266,#6267);
#6265 = CARTESIAN_POINT('',(-4.,-19.15,11.5));
#6266 = DIRECTION('',(-0.,-0.,1.));
#6267 = DIRECTION('',(-1.,0.,0.));
#6268 = DEFINITIONAL_REPRESENTATION('',(#6269),#6273);
#6269 = LINE('',#6270,#6271);
#6270 = CARTESIAN_POINT('',(-0.,1.6));
#6271 = VECTOR('',#6272,1.);
#6272 = DIRECTION('',(-1.,-0.));
#6273 = ( GEOMETRIC_REPRESENTATION_CONTEXT(2) 
PARAMETRIC_REPRESENTATION_CONTEXT() REPRESENTATION_CONTEXT('2D SPACE',''
  ) );
#6274 = ORIENTED_EDGE('',*,*,#6275,.F.);
#6275 = EDGE_CURVE('',#670,#6248,#6276,.T.);
#6276 = SURFACE_CURVE('',#6277,(#6281,#6288),.PCURVE_S1.);
#6277 = LINE('',#6278,#6279);
#6278 = CARTESIAN_POINT('',(4.,-20.75,3.5));
#6279 = VECTOR('',#6280,1.);
#6280 = DIRECTION('',(-0.,-0.,1.));
#6281 = PCURVE('',#685,#6282);
#6282 = DEFINITIONAL_REPRESENTATION('',(#6283),#6287);
#6283 = LINE('',#6284,#6285);
#6284 = CARTESIAN_POINT('',(-0.,8.));
#6285 = VECTOR('',#6286,1.);
#6286 = DIRECTION('',(-1.,0.));
#6287 = ( GEOMETRIC_REPRESENTATION_CONTEXT(2) 
PARAMETRIC_REPRESENTATION_CONTEXT() REPRESENTATION_CONTEXT('2D SPACE',''
  ) );
#6288 = PCURVE('',#767,#6289);
#6289 = DEFINITIONAL_REPRESENTATION('',(#6290),#6294);
#6290 = LINE('',#6291,#6292);
#6291 = CARTESIAN_POINT('',(-0.,-1.6));
#6292 = VECTOR('',#6293,1.);
#6293 = DIRECTION('',(-1.,0.));
#6294 = ( GEOMETRIC_REPRESENTATION_CONTEXT(2) 
PARAMETRIC_REPRESENTATION_CONTEXT() REPRESENTATION_CONTEXT('2D SPACE',''
  ) );
#6295 = ADVANCED_FACE('',(#6296),#713,.F.);
#6296 = FACE_BOUND('',#6297,.T.);
#6297 = EDGE_LOOP('',(#6298,#6321,#6322,#6323,#6346));
#6298 = ORIENTED_EDGE('',*,*,#6299,.F.);
#6299 = EDGE_CURVE('',#698,#6300,#6302,.T.);
#6300 = VERTEX_POINT('',#6301);
#6301 = CARTESIAN_POINT('',(-4.,-19.15,9.3));
#6302 = SURFACE_CURVE('',#6303,(#6307,#6314),.PCURVE_S1.);
#6303 = LINE('',#6304,#6305);
#6304 = CARTESIAN_POINT('',(-4.,-19.15,3.5));
#6305 = VECTOR('',#6306,1.);
#6306 = DIRECTION('',(-0.,-0.,1.));
#6307 = PCURVE('',#713,#6308);
#6308 = DEFINITIONAL_REPRESENTATION('',(#6309),#6313);
#6309 = LINE('',#6310,#6311);
#6310 = CARTESIAN_POINT('',(-0.,0.));
#6311 = VECTOR('',#6312,1.);
#6312 = DIRECTION('',(-1.,0.));
#6313 = ( GEOMETRIC_REPRESENTATION_CONTEXT(2) 
PARAMETRIC_REPRESENTATION_CONTEXT() REPRESENTATION_CONTEXT('2D SPACE',''
  ) );
#6314 = PCURVE('',#741,#6315);
#6315 = DEFINITIONAL_REPRESENTATION('',(#6316),#6320);
#6316 = LINE('',#6317,#6318);
#6317 = CARTESIAN_POINT('',(-0.,0.));
#6318 = VECTOR('',#6319,1.);
#6319 = DIRECTION('',(-1.,0.));
#6320 = ( GEOMETRIC_REPRESENTATION_CONTEXT(2) 
PARAMETRIC_REPRESENTATION_CONTEXT() REPRESENTATION_CONTEXT('2D SPACE',''
  ) );
#6321 = ORIENTED_EDGE('',*,*,#697,.T.);
#6322 = ORIENTED_EDGE('',*,*,#6224,.T.);
#6323 = ORIENTED_EDGE('',*,*,#6324,.F.);
#6324 = EDGE_CURVE('',#6325,#6225,#6327,.T.);
#6325 = VERTEX_POINT('',#6326);
#6326 = CARTESIAN_POINT('',(-4.,-16.95,11.5));
#6327 = SURFACE_CURVE('',#6328,(#6332,#6339),.PCURVE_S1.);
#6328 = LINE('',#6329,#6330);
#6329 = CARTESIAN_POINT('',(-4.,-16.95,11.5));
#6330 = VECTOR('',#6331,1.);
#6331 = DIRECTION('',(-0.,-1.,-0.));
#6332 = PCURVE('',#713,#6333);
#6333 = DEFINITIONAL_REPRESENTATION('',(#6334),#6338);
#6334 = LINE('',#6335,#6336);
#6335 = CARTESIAN_POINT('',(-8.,2.2));
#6336 = VECTOR('',#6337,1.);
#6337 = DIRECTION('',(-0.,-1.));
#6338 = ( GEOMETRIC_REPRESENTATION_CONTEXT(2) 
PARAMETRIC_REPRESENTATION_CONTEXT() REPRESENTATION_CONTEXT('2D SPACE',''
  ) );
#6339 = PCURVE('',#6263,#6340);
#6340 = DEFINITIONAL_REPRESENTATION('',(#6341),#6345);
#6341 = LINE('',#6342,#6343);
#6342 = CARTESIAN_POINT('',(-0.,-2.2));
#6343 = VECTOR('',#6344,1.);
#6344 = DIRECTION('',(-0.,1.));
#6345 = ( GEOMETRIC_REPRESENTATION_CONTEXT(2) 
PARAMETRIC_REPRESENTATION_CONTEXT() REPRESENTATION_CONTEXT('2D SPACE',''
  ) );
#6346 = ORIENTED_EDGE('',*,*,#6347,.T.);
#6347 = EDGE_CURVE('',#6325,#6300,#6348,.T.);
#6348 = SURFACE_CURVE('',#6349,(#6353,#6360),.PCURVE_S1.);
#6349 = LINE('',#6350,#6351);
#6350 = CARTESIAN_POINT('',(-4.,-16.95,11.5));
#6351 = VECTOR('',#6352,1.);
#6352 = DIRECTION('',(0.,-0.707106781187,-0.707106781187));
#6353 = PCURVE('',#713,#6354);
#6354 = DEFINITIONAL_REPRESENTATION('',(#6355),#6359);
#6355 = LINE('',#6356,#6357);
#6356 = CARTESIAN_POINT('',(-8.,2.2));
#6357 = VECTOR('',#6358,1.);
#6358 = DIRECTION('',(0.707106781187,-0.707106781187));
#6359 = ( GEOMETRIC_REPRESENTATION_CONTEXT(2) 
PARAMETRIC_REPRESENTATION_CONTEXT() REPRESENTATION_CONTEXT('2D SPACE',''
  ) );
#6360 = PCURVE('',#6361,#6366);
#6361 = PLANE('',#6362);
#6362 = AXIS2_PLACEMENT_3D('',#6363,#6364,#6365);
#6363 = CARTESIAN_POINT('',(0.,-16.95,11.5));
#6364 = DIRECTION('',(-0.,0.707106781187,-0.707106781187));
#6365 = DIRECTION('',(-0.,0.707106781187,0.707106781187));
#6366 = DEFINITIONAL_REPRESENTATION('',(#6367),#6371);
#6367 = LINE('',#6368,#6369);
#6368 = CARTESIAN_POINT('',(-0.,-4.));
#6369 = VECTOR('',#6370,1.);
#6370 = DIRECTION('',(-1.,0.));
#6371 = ( GEOMETRIC_REPRESENTATION_CONTEXT(2) 
PARAMETRIC_REPRESENTATION_CONTEXT() REPRESENTATION_CONTEXT('2D SPACE',''
  ) );
#6372 = ADVANCED_FACE('',(#6373),#741,.F.);
#6373 = FACE_BOUND('',#6374,.T.);
#6374 = EDGE_LOOP('',(#6375,#6398,#6399,#6400));
#6375 = ORIENTED_EDGE('',*,*,#6376,.F.);
#6376 = EDGE_CURVE('',#726,#6377,#6379,.T.);
#6377 = VERTEX_POINT('',#6378);
#6378 = CARTESIAN_POINT('',(4.,-19.15,9.3));
#6379 = SURFACE_CURVE('',#6380,(#6384,#6391),.PCURVE_S1.);
#6380 = LINE('',#6381,#6382);
#6381 = CARTESIAN_POINT('',(4.,-19.15,3.5));
#6382 = VECTOR('',#6383,1.);
#6383 = DIRECTION('',(-0.,-0.,1.));
#6384 = PCURVE('',#741,#6385);
#6385 = DEFINITIONAL_REPRESENTATION('',(#6386),#6390);
#6386 = LINE('',#6387,#6388);
#6387 = CARTESIAN_POINT('',(-0.,8.));
#6388 = VECTOR('',#6389,1.);
#6389 = DIRECTION('',(-1.,0.));
#6390 = ( GEOMETRIC_REPRESENTATION_CONTEXT(2) 
PARAMETRIC_REPRESENTATION_CONTEXT() REPRESENTATION_CONTEXT('2D SPACE',''
  ) );
#6391 = PCURVE('',#767,#6392);
#6392 = DEFINITIONAL_REPRESENTATION('',(#6393),#6397);
#6393 = LINE('',#6394,#6395);
#6394 = CARTESIAN_POINT('',(-0.,0.));
#6395 = VECTOR('',#6396,1.);
#6396 = DIRECTION('',(-1.,0.));
#6397 = ( GEOMETRIC_REPRESENTATION_CONTEXT(2) 
PARAMETRIC_REPRESENTATION_CONTEXT() REPRESENTATION_CONTEXT('2D SPACE',''
  ) );
#6398 = ORIENTED_EDGE('',*,*,#725,.F.);
#6399 = ORIENTED_EDGE('',*,*,#6299,.T.);
#6400 = ORIENTED_EDGE('',*,*,#6401,.F.);
#6401 = EDGE_CURVE('',#6377,#6300,#6402,.T.);
#6402 = SURFACE_CURVE('',#6403,(#6407,#6414),.PCURVE_S1.);
#6403 = LINE('',#6404,#6405);
#6404 = CARTESIAN_POINT('',(4.,-19.15,9.3));
#6405 = VECTOR('',#6406,1.);
#6406 = DIRECTION('',(-1.,-0.,0.));
#6407 = PCURVE('',#741,#6408);
#6408 = DEFINITIONAL_REPRESENTATION('',(#6409),#6413);
#6409 = LINE('',#6410,#6411);
#6410 = CARTESIAN_POINT('',(-5.8,8.));
#6411 = VECTOR('',#6412,1.);
#6412 = DIRECTION('',(-0.,-1.));
#6413 = ( GEOMETRIC_REPRESENTATION_CONTEXT(2) 
PARAMETRIC_REPRESENTATION_CONTEXT() REPRESENTATION_CONTEXT('2D SPACE',''
  ) );
#6414 = PCURVE('',#6361,#6415);
#6415 = DEFINITIONAL_REPRESENTATION('',(#6416),#6420);
#6416 = LINE('',#6417,#6418);
#6417 = CARTESIAN_POINT('',(-3.111269837221,4.));
#6418 = VECTOR('',#6419,1.);
#6419 = DIRECTION('',(-0.,-1.));
#6420 = ( GEOMETRIC_REPRESENTATION_CONTEXT(2) 
PARAMETRIC_REPRESENTATION_CONTEXT() REPRESENTATION_CONTEXT('2D SPACE',''
  ) );
#6421 = ADVANCED_FACE('',(#6422),#767,.T.);
#6422 = FACE_BOUND('',#6423,.F.);
#6423 = EDGE_LOOP('',(#6424,#6425,#6426,#6427,#6450));
#6424 = ORIENTED_EDGE('',*,*,#6376,.F.);
#6425 = ORIENTED_EDGE('',*,*,#753,.T.);
#6426 = ORIENTED_EDGE('',*,*,#6275,.T.);
#6427 = ORIENTED_EDGE('',*,*,#6428,.F.);
#6428 = EDGE_CURVE('',#6429,#6248,#6431,.T.);
#6429 = VERTEX_POINT('',#6430);
#6430 = CARTESIAN_POINT('',(4.,-16.95,11.5));
#6431 = SURFACE_CURVE('',#6432,(#6436,#6443),.PCURVE_S1.);
#6432 = LINE('',#6433,#6434);
#6433 = CARTESIAN_POINT('',(4.,-16.95,11.5));
#6434 = VECTOR('',#6435,1.);
#6435 = DIRECTION('',(-0.,-1.,-0.));
#6436 = PCURVE('',#767,#6437);
#6437 = DEFINITIONAL_REPRESENTATION('',(#6438),#6442);
#6438 = LINE('',#6439,#6440);
#6439 = CARTESIAN_POINT('',(-8.,2.2));
#6440 = VECTOR('',#6441,1.);
#6441 = DIRECTION('',(-0.,-1.));
#6442 = ( GEOMETRIC_REPRESENTATION_CONTEXT(2) 
PARAMETRIC_REPRESENTATION_CONTEXT() REPRESENTATION_CONTEXT('2D SPACE',''
  ) );
#6443 = PCURVE('',#6263,#6444);
#6444 = DEFINITIONAL_REPRESENTATION('',(#6445),#6449);
#6445 = LINE('',#6446,#6447);
#6446 = CARTESIAN_POINT('',(-8.,-2.2));
#6447 = VECTOR('',#6448,1.);
#6448 = DIRECTION('',(-0.,1.));
#6449 = ( GEOMETRIC_REPRESENTATION_CONTEXT(2) 
PARAMETRIC_REPRESENTATION_CONTEXT() REPRESENTATION_CONTEXT('2D SPACE',''
  ) );
#6450 = ORIENTED_EDGE('',*,*,#6451,.T.);
#6451 = EDGE_CURVE('',#6429,#6377,#6452,.T.);
#6452 = SURFACE_CURVE('',#6453,(#6457,#6464),.PCURVE_S1.);
#6453 = LINE('',#6454,#6455);
#6454 = CARTESIAN_POINT('',(4.,-16.95,11.5));
#6455 = VECTOR('',#6456,1.);
#6456 = DIRECTION('',(0.,-0.707106781187,-0.707106781187));
#6457 = PCURVE('',#767,#6458);
#6458 = DEFINITIONAL_REPRESENTATION('',(#6459),#6463);
#6459 = LINE('',#6460,#6461);
#6460 = CARTESIAN_POINT('',(-8.,2.2));
#6461 = VECTOR('',#6462,1.);
#6462 = DIRECTION('',(0.707106781187,-0.707106781187));
#6463 = ( GEOMETRIC_REPRESENTATION_CONTEXT(2) 
PARAMETRIC_REPRESENTATION_CONTEXT() REPRESENTATION_CONTEXT('2D SPACE',''
  ) );
#6464 = PCURVE('',#6361,#6465);
#6465 = DEFINITIONAL_REPRESENTATION('',(#6466),#6470);
#6466 = LINE('',#6467,#6468);
#6467 = CARTESIAN_POINT('',(-0.,4.));
#6468 = VECTOR('',#6469,1.);
#6469 = DIRECTION('',(-1.,0.));
#6470 = ( GEOMETRIC_REPRESENTATION_CONTEXT(2) 
PARAMETRIC_REPRESENTATION_CONTEXT() REPRESENTATION_CONTEXT('2D SPACE',''
  ) );
#6471 = ADVANCED_FACE('',(#6472,#6547),#799,.F.);
#6472 = FACE_BOUND('',#6473,.F.);
#6473 = EDGE_LOOP('',(#6474,#6497,#6498,#6521));
#6474 = ORIENTED_EDGE('',*,*,#6475,.F.);
#6475 = EDGE_CURVE('',#782,#6476,#6478,.T.);
#6476 = VERTEX_POINT('',#6477);
#6477 = CARTESIAN_POINT('',(13.,-16.25,7.5));
#6478 = SURFACE_CURVE('',#6479,(#6483,#6490),.PCURVE_S1.);
#6479 = LINE('',#6480,#6481);
#6480 = CARTESIAN_POINT('',(13.,-16.25,3.5));
#6481 = VECTOR('',#6482,1.);
#6482 = DIRECTION('',(0.,0.,1.));
#6483 = PCURVE('',#799,#6484);
#6484 = DEFINITIONAL_REPRESENTATION('',(#6485),#6489);
#6485 = LINE('',#6486,#6487);
#6486 = CARTESIAN_POINT('',(0.,0.));
#6487 = VECTOR('',#6488,1.);
#6488 = DIRECTION('',(1.,0.));
#6489 = ( GEOMETRIC_REPRESENTATION_CONTEXT(2) 
PARAMETRIC_REPRESENTATION_CONTEXT() REPRESENTATION_CONTEXT('2D SPACE',''
  ) );
#6490 = PCURVE('',#881,#6491);
#6491 = DEFINITIONAL_REPRESENTATION('',(#6492),#6496);
#6492 = LINE('',#6493,#6494);
#6493 = CARTESIAN_POINT('',(0.,0.));
#6494 = VECTOR('',#6495,1.);
#6495 = DIRECTION('',(1.,0.));
#6496 = ( GEOMETRIC_REPRESENTATION_CONTEXT(2) 
PARAMETRIC_REPRESENTATION_CONTEXT() REPRESENTATION_CONTEXT('2D SPACE',''
  ) );
#6497 = ORIENTED_EDGE('',*,*,#781,.T.);
#6498 = ORIENTED_EDGE('',*,*,#6499,.T.);
#6499 = EDGE_CURVE('',#784,#6500,#6502,.T.);
#6500 = VERTEX_POINT('',#6501);
#6501 = CARTESIAN_POINT('',(13.,-13.25,7.5));
#6502 = SURFACE_CURVE('',#6503,(#6507,#6514),.PCURVE_S1.);
#6503 = LINE('',#6504,#6505);
#6504 = CARTESIAN_POINT('',(13.,-13.25,3.5));
#6505 = VECTOR('',#6506,1.);
#6506 = DIRECTION('',(0.,0.,1.));
#6507 = PCURVE('',#799,#6508);
#6508 = DEFINITIONAL_REPRESENTATION('',(#6509),#6513);
#6509 = LINE('',#6510,#6511);
#6510 = CARTESIAN_POINT('',(0.,-3.));
#6511 = VECTOR('',#6512,1.);
#6512 = DIRECTION('',(1.,0.));
#6513 = ( GEOMETRIC_REPRESENTATION_CONTEXT(2) 
PARAMETRIC_REPRESENTATION_CONTEXT() REPRESENTATION_CONTEXT('2D SPACE',''
  ) );
#6514 = PCURVE('',#827,#6515);
#6515 = DEFINITIONAL_REPRESENTATION('',(#6516),#6520);
#6516 = LINE('',#6517,#6518);
#6517 = CARTESIAN_POINT('',(0.,0.));
#6518 = VECTOR('',#6519,1.);
#6519 = DIRECTION('',(1.,0.));
#6520 = ( GEOMETRIC_REPRESENTATION_CONTEXT(2) 
PARAMETRIC_REPRESENTATION_CONTEXT() REPRESENTATION_CONTEXT('2D SPACE',''
  ) );
#6521 = ORIENTED_EDGE('',*,*,#6522,.F.);
#6522 = EDGE_CURVE('',#6476,#6500,#6523,.T.);
#6523 = SURFACE_CURVE('',#6524,(#6528,#6535),.PCURVE_S1.);
#6524 = LINE('',#6525,#6526);
#6525 = CARTESIAN_POINT('',(13.,-16.25,7.5));
#6526 = VECTOR('',#6527,1.);
#6527 = DIRECTION('',(-0.,1.,0.));
#6528 = PCURVE('',#799,#6529);
#6529 = DEFINITIONAL_REPRESENTATION('',(#6530),#6534);
#6530 = LINE('',#6531,#6532);
#6531 = CARTESIAN_POINT('',(4.,0.));
#6532 = VECTOR('',#6533,1.);
#6533 = DIRECTION('',(0.,-1.));
#6534 = ( GEOMETRIC_REPRESENTATION_CONTEXT(2) 
PARAMETRIC_REPRESENTATION_CONTEXT() REPRESENTATION_CONTEXT('2D SPACE',''
  ) );
#6535 = PCURVE('',#6536,#6541);
#6536 = PLANE('',#6537);
#6537 = AXIS2_PLACEMENT_3D('',#6538,#6539,#6540);
#6538 = CARTESIAN_POINT('',(13.,-16.25,7.5));
#6539 = DIRECTION('',(0.,0.,1.));
#6540 = DIRECTION('',(1.,0.,-0.));
#6541 = DEFINITIONAL_REPRESENTATION('',(#6542),#6546);
#6542 = LINE('',#6543,#6544);
#6543 = CARTESIAN_POINT('',(0.,0.));
#6544 = VECTOR('',#6545,1.);
#6545 = DIRECTION('',(0.,1.));
#6546 = ( GEOMETRIC_REPRESENTATION_CONTEXT(2) 
PARAMETRIC_REPRESENTATION_CONTEXT() REPRESENTATION_CONTEXT('2D SPACE',''
  ) );
#6547 = FACE_BOUND('',#6548,.F.);
#6548 = EDGE_LOOP('',(#6549,#6577,#6606));
#6549 = ORIENTED_EDGE('',*,*,#6550,.F.);
#6550 = EDGE_CURVE('',#6551,#6553,#6555,.T.);
#6551 = VERTEX_POINT('',#6552);
#6552 = CARTESIAN_POINT('',(13.,-14.55,5.665685424949));
#6553 = VERTEX_POINT('',#6554);
#6554 = CARTESIAN_POINT('',(13.,-14.75,5.948528137424));
#6555 = SURFACE_CURVE('',#6556,(#6560,#6566),.PCURVE_S1.);
#6556 = LINE('',#6557,#6558);
#6557 = CARTESIAN_POINT('',(13.,-14.12287638336,5.061641413497));
#6558 = VECTOR('',#6559,1.);
#6559 = DIRECTION('',(0.,-0.57735026919,0.816496580928));
#6560 = PCURVE('',#799,#6561);
#6561 = DEFINITIONAL_REPRESENTATION('',(#6562),#6565);
#6562 = B_SPLINE_CURVE_WITH_KNOTS('',1,(#6563,#6564),.UNSPECIFIED.,.F.,
  .F.,(2,2),(4.697948209307E-02,1.086209966634),
  .PIECEWISE_BEZIER_KNOTS.);
#6563 = CARTESIAN_POINT('',(1.6,-2.1));
#6564 = CARTESIAN_POINT('',(2.448528137424,-1.5));
#6565 = ( GEOMETRIC_REPRESENTATION_CONTEXT(2) 
PARAMETRIC_REPRESENTATION_CONTEXT() REPRESENTATION_CONTEXT('2D SPACE',''
  ) );
#6566 = PCURVE('',#6567,#6572);
#6567 = PLANE('',#6568);
#6568 = AXIS2_PLACEMENT_3D('',#6569,#6570,#6571);
#6569 = CARTESIAN_POINT('',(15.,-14.15,5.1));
#6570 = DIRECTION('',(-0.,0.816496580928,0.57735026919));
#6571 = DIRECTION('',(0.,-0.57735026919,0.816496580928));
#6572 = DEFINITIONAL_REPRESENTATION('',(#6573),#6576);
#6573 = B_SPLINE_CURVE_WITH_KNOTS('',1,(#6574,#6575),.UNSPECIFIED.,.F.,
  .F.,(2,2),(4.697948209307E-02,1.086209966634),
  .PIECEWISE_BEZIER_KNOTS.);
#6574 = CARTESIAN_POINT('',(0.,-2.));
#6575 = CARTESIAN_POINT('',(1.039230484541,-2.));
#6576 = ( GEOMETRIC_REPRESENTATION_CONTEXT(2) 
PARAMETRIC_REPRESENTATION_CONTEXT() REPRESENTATION_CONTEXT('2D SPACE',''
  ) );
#6577 = ORIENTED_EDGE('',*,*,#6578,.F.);
#6578 = EDGE_CURVE('',#6579,#6551,#6581,.T.);
#6579 = VERTEX_POINT('',#6580);
#6580 = CARTESIAN_POINT('',(13.,-14.95,5.665685424949));
#6581 = SURFACE_CURVE('',#6582,(#6587,#6594),.PCURVE_S1.);
#6582 = CIRCLE('',#6583,0.6);
#6583 = AXIS2_PLACEMENT_3D('',#6584,#6585,#6586);
#6584 = CARTESIAN_POINT('',(13.,-14.75,5.1));
#6585 = DIRECTION('',(1.,0.,0.));
#6586 = DIRECTION('',(0.,-0.333333333333,0.942809041582));
#6587 = PCURVE('',#799,#6588);
#6588 = DEFINITIONAL_REPRESENTATION('',(#6589),#6593);
#6589 = CIRCLE('',#6590,0.6);
#6590 = AXIS2_PLACEMENT_2D('',#6591,#6592);
#6591 = CARTESIAN_POINT('',(1.6,-1.5));
#6592 = DIRECTION('',(0.942809041582,0.333333333333));
#6593 = ( GEOMETRIC_REPRESENTATION_CONTEXT(2) 
PARAMETRIC_REPRESENTATION_CONTEXT() REPRESENTATION_CONTEXT('2D SPACE',''
  ) );
#6594 = PCURVE('',#6595,#6600);
#6595 = CYLINDRICAL_SURFACE('',#6596,0.6);
#6596 = AXIS2_PLACEMENT_3D('',#6597,#6598,#6599);
#6597 = CARTESIAN_POINT('',(12.5,-14.75,5.1));
#6598 = DIRECTION('',(1.,0.,0.));
#6599 = DIRECTION('',(0.,0.,-1.));
#6600 = DEFINITIONAL_REPRESENTATION('',(#6601),#6605);
#6601 = LINE('',#6602,#6603);
#6602 = CARTESIAN_POINT('',(3.481429563044,0.5));
#6603 = VECTOR('',#6604,1.);
#6604 = DIRECTION('',(1.,0.));
#6605 = ( GEOMETRIC_REPRESENTATION_CONTEXT(2) 
PARAMETRIC_REPRESENTATION_CONTEXT() REPRESENTATION_CONTEXT('2D SPACE',''
  ) );
#6606 = ORIENTED_EDGE('',*,*,#6607,.F.);
#6607 = EDGE_CURVE('',#6553,#6579,#6608,.T.);
#6608 = SURFACE_CURVE('',#6609,(#6613,#6619),.PCURVE_S1.);
#6609 = LINE('',#6610,#6611);
#6610 = CARTESIAN_POINT('',(13.,-15.57712361663,4.778798701023));
#6611 = VECTOR('',#6612,1.);
#6612 = DIRECTION('',(0.,-0.57735026919,-0.816496580928));
#6613 = PCURVE('',#799,#6614);
#6614 = DEFINITIONAL_REPRESENTATION('',(#6615),#6618);
#6615 = B_SPLINE_CURVE_WITH_KNOTS('',1,(#6616,#6617),.UNSPECIFIED.,.F.,
  .F.,(2,2),(-1.432620128148,-0.393389643607),.PIECEWISE_BEZIER_KNOTS.);
#6616 = CARTESIAN_POINT('',(2.448528137424,-1.5));
#6617 = CARTESIAN_POINT('',(1.6,-0.9));
#6618 = ( GEOMETRIC_REPRESENTATION_CONTEXT(2) 
PARAMETRIC_REPRESENTATION_CONTEXT() REPRESENTATION_CONTEXT('2D SPACE',''
  ) );
#6619 = PCURVE('',#6620,#6625);
#6620 = PLANE('',#6621);
#6621 = AXIS2_PLACEMENT_3D('',#6622,#6623,#6624);
#6622 = CARTESIAN_POINT('',(15.,-14.75,5.948528137424));
#6623 = DIRECTION('',(0.,-0.816496580928,0.57735026919));
#6624 = DIRECTION('',(0.,-0.57735026919,-0.816496580928));
#6625 = DEFINITIONAL_REPRESENTATION('',(#6626),#6629);
#6626 = B_SPLINE_CURVE_WITH_KNOTS('',1,(#6627,#6628),.UNSPECIFIED.,.F.,
  .F.,(2,2),(-1.432620128148,-0.393389643607),.PIECEWISE_BEZIER_KNOTS.);
#6627 = CARTESIAN_POINT('',(0.,-2.));
#6628 = CARTESIAN_POINT('',(1.039230484541,-2.));
#6629 = ( GEOMETRIC_REPRESENTATION_CONTEXT(2) 
PARAMETRIC_REPRESENTATION_CONTEXT() REPRESENTATION_CONTEXT('2D SPACE',''
  ) );
#6630 = ADVANCED_FACE('',(#6631),#827,.T.);
#6631 = FACE_BOUND('',#6632,.T.);
#6632 = EDGE_LOOP('',(#6633,#6634,#6635,#6658));
#6633 = ORIENTED_EDGE('',*,*,#811,.F.);
#6634 = ORIENTED_EDGE('',*,*,#6499,.T.);
#6635 = ORIENTED_EDGE('',*,*,#6636,.T.);
#6636 = EDGE_CURVE('',#6500,#6637,#6639,.T.);
#6637 = VERTEX_POINT('',#6638);
#6638 = CARTESIAN_POINT('',(17.,-13.25,7.5));
#6639 = SURFACE_CURVE('',#6640,(#6644,#6651),.PCURVE_S1.);
#6640 = LINE('',#6641,#6642);
#6641 = CARTESIAN_POINT('',(13.,-13.25,7.5));
#6642 = VECTOR('',#6643,1.);
#6643 = DIRECTION('',(1.,0.,-0.));
#6644 = PCURVE('',#827,#6645);
#6645 = DEFINITIONAL_REPRESENTATION('',(#6646),#6650);
#6646 = LINE('',#6647,#6648);
#6647 = CARTESIAN_POINT('',(4.,0.));
#6648 = VECTOR('',#6649,1.);
#6649 = DIRECTION('',(0.,1.));
#6650 = ( GEOMETRIC_REPRESENTATION_CONTEXT(2) 
PARAMETRIC_REPRESENTATION_CONTEXT() REPRESENTATION_CONTEXT('2D SPACE',''
  ) );
#6651 = PCURVE('',#6536,#6652);
#6652 = DEFINITIONAL_REPRESENTATION('',(#6653),#6657);
#6653 = LINE('',#6654,#6655);
#6654 = CARTESIAN_POINT('',(0.,3.));
#6655 = VECTOR('',#6656,1.);
#6656 = DIRECTION('',(1.,0.));
#6657 = ( GEOMETRIC_REPRESENTATION_CONTEXT(2) 
PARAMETRIC_REPRESENTATION_CONTEXT() REPRESENTATION_CONTEXT('2D SPACE',''
  ) );
#6658 = ORIENTED_EDGE('',*,*,#6659,.F.);
#6659 = EDGE_CURVE('',#812,#6637,#6660,.T.);
#6660 = SURFACE_CURVE('',#6661,(#6665,#6672),.PCURVE_S1.);
#6661 = LINE('',#6662,#6663);
#6662 = CARTESIAN_POINT('',(17.,-13.25,3.5));
#6663 = VECTOR('',#6664,1.);
#6664 = DIRECTION('',(0.,0.,1.));
#6665 = PCURVE('',#827,#6666);
#6666 = DEFINITIONAL_REPRESENTATION('',(#6667),#6671);
#6667 = LINE('',#6668,#6669);
#6668 = CARTESIAN_POINT('',(0.,4.));
#6669 = VECTOR('',#6670,1.);
#6670 = DIRECTION('',(1.,0.));
#6671 = ( GEOMETRIC_REPRESENTATION_CONTEXT(2) 
PARAMETRIC_REPRESENTATION_CONTEXT() REPRESENTATION_CONTEXT('2D SPACE',''
  ) );
#6672 = PCURVE('',#855,#6673);
#6673 = DEFINITIONAL_REPRESENTATION('',(#6674),#6678);
#6674 = LINE('',#6675,#6676);
#6675 = CARTESIAN_POINT('',(0.,-3.));
#6676 = VECTOR('',#6677,1.);
#6677 = DIRECTION('',(1.,0.));
#6678 = ( GEOMETRIC_REPRESENTATION_CONTEXT(2) 
PARAMETRIC_REPRESENTATION_CONTEXT() REPRESENTATION_CONTEXT('2D SPACE',''
  ) );
#6679 = ADVANCED_FACE('',(#6680,#6728),#855,.T.);
#6680 = FACE_BOUND('',#6681,.T.);
#6681 = EDGE_LOOP('',(#6682,#6705,#6706,#6707));
#6682 = ORIENTED_EDGE('',*,*,#6683,.F.);
#6683 = EDGE_CURVE('',#840,#6684,#6686,.T.);
#6684 = VERTEX_POINT('',#6685);
#6685 = CARTESIAN_POINT('',(17.,-16.25,7.5));
#6686 = SURFACE_CURVE('',#6687,(#6691,#6698),.PCURVE_S1.);
#6687 = LINE('',#6688,#6689);
#6688 = CARTESIAN_POINT('',(17.,-16.25,3.5));
#6689 = VECTOR('',#6690,1.);
#6690 = DIRECTION('',(0.,0.,1.));
#6691 = PCURVE('',#855,#6692);
#6692 = DEFINITIONAL_REPRESENTATION('',(#6693),#6697);
#6693 = LINE('',#6694,#6695);
#6694 = CARTESIAN_POINT('',(0.,0.));
#6695 = VECTOR('',#6696,1.);
#6696 = DIRECTION('',(1.,0.));
#6697 = ( GEOMETRIC_REPRESENTATION_CONTEXT(2) 
PARAMETRIC_REPRESENTATION_CONTEXT() REPRESENTATION_CONTEXT('2D SPACE',''
  ) );
#6698 = PCURVE('',#881,#6699);
#6699 = DEFINITIONAL_REPRESENTATION('',(#6700),#6704);
#6700 = LINE('',#6701,#6702);
#6701 = CARTESIAN_POINT('',(0.,4.));
#6702 = VECTOR('',#6703,1.);
#6703 = DIRECTION('',(1.,0.));
#6704 = ( GEOMETRIC_REPRESENTATION_CONTEXT(2) 
PARAMETRIC_REPRESENTATION_CONTEXT() REPRESENTATION_CONTEXT('2D SPACE',''
  ) );
#6705 = ORIENTED_EDGE('',*,*,#839,.T.);
#6706 = ORIENTED_EDGE('',*,*,#6659,.T.);
#6707 = ORIENTED_EDGE('',*,*,#6708,.F.);
#6708 = EDGE_CURVE('',#6684,#6637,#6709,.T.);
#6709 = SURFACE_CURVE('',#6710,(#6714,#6721),.PCURVE_S1.);
#6710 = LINE('',#6711,#6712);
#6711 = CARTESIAN_POINT('',(17.,-16.25,7.5));
#6712 = VECTOR('',#6713,1.);
#6713 = DIRECTION('',(-0.,1.,0.));
#6714 = PCURVE('',#855,#6715);
#6715 = DEFINITIONAL_REPRESENTATION('',(#6716),#6720);
#6716 = LINE('',#6717,#6718);
#6717 = CARTESIAN_POINT('',(4.,0.));
#6718 = VECTOR('',#6719,1.);
#6719 = DIRECTION('',(0.,-1.));
#6720 = ( GEOMETRIC_REPRESENTATION_CONTEXT(2) 
PARAMETRIC_REPRESENTATION_CONTEXT() REPRESENTATION_CONTEXT('2D SPACE',''
  ) );
#6721 = PCURVE('',#6536,#6722);
#6722 = DEFINITIONAL_REPRESENTATION('',(#6723),#6727);
#6723 = LINE('',#6724,#6725);
#6724 = CARTESIAN_POINT('',(4.,0.));
#6725 = VECTOR('',#6726,1.);
#6726 = DIRECTION('',(0.,1.));
#6727 = ( GEOMETRIC_REPRESENTATION_CONTEXT(2) 
PARAMETRIC_REPRESENTATION_CONTEXT() REPRESENTATION_CONTEXT('2D SPACE',''
  ) );
#6728 = FACE_BOUND('',#6729,.T.);
#6729 = EDGE_LOOP('',(#6730,#6753,#6777));
#6730 = ORIENTED_EDGE('',*,*,#6731,.F.);
#6731 = EDGE_CURVE('',#6732,#6734,#6736,.T.);
#6732 = VERTEX_POINT('',#6733);
#6733 = CARTESIAN_POINT('',(17.,-14.55,5.665685424949));
#6734 = VERTEX_POINT('',#6735);
#6735 = CARTESIAN_POINT('',(17.,-14.75,5.948528137424));
#6736 = SURFACE_CURVE('',#6737,(#6741,#6747),.PCURVE_S1.);
#6737 = LINE('',#6738,#6739);
#6738 = CARTESIAN_POINT('',(17.,-14.12287638336,5.061641413497));
#6739 = VECTOR('',#6740,1.);
#6740 = DIRECTION('',(0.,-0.57735026919,0.816496580928));
#6741 = PCURVE('',#855,#6742);
#6742 = DEFINITIONAL_REPRESENTATION('',(#6743),#6746);
#6743 = B_SPLINE_CURVE_WITH_KNOTS('',1,(#6744,#6745),.UNSPECIFIED.,.F.,
  .F.,(2,2),(4.697948209307E-02,1.086209966634),
  .PIECEWISE_BEZIER_KNOTS.);
#6744 = CARTESIAN_POINT('',(1.6,-2.1));
#6745 = CARTESIAN_POINT('',(2.448528137424,-1.5));
#6746 = ( GEOMETRIC_REPRESENTATION_CONTEXT(2) 
PARAMETRIC_REPRESENTATION_CONTEXT() REPRESENTATION_CONTEXT('2D SPACE',''
  ) );
#6747 = PCURVE('',#6567,#6748);
#6748 = DEFINITIONAL_REPRESENTATION('',(#6749),#6752);
#6749 = B_SPLINE_CURVE_WITH_KNOTS('',1,(#6750,#6751),.UNSPECIFIED.,.F.,
  .F.,(2,2),(4.697948209307E-02,1.086209966634),
  .PIECEWISE_BEZIER_KNOTS.);
#6750 = CARTESIAN_POINT('',(0.,2.));
#6751 = CARTESIAN_POINT('',(1.039230484541,2.));
#6752 = ( GEOMETRIC_REPRESENTATION_CONTEXT(2) 
PARAMETRIC_REPRESENTATION_CONTEXT() REPRESENTATION_CONTEXT('2D SPACE',''
  ) );
#6753 = ORIENTED_EDGE('',*,*,#6754,.F.);
#6754 = EDGE_CURVE('',#6755,#6732,#6757,.T.);
#6755 = VERTEX_POINT('',#6756);
#6756 = CARTESIAN_POINT('',(17.,-14.95,5.665685424949));
#6757 = SURFACE_CURVE('',#6758,(#6763,#6770),.PCURVE_S1.);
#6758 = CIRCLE('',#6759,0.6);
#6759 = AXIS2_PLACEMENT_3D('',#6760,#6761,#6762);
#6760 = CARTESIAN_POINT('',(17.,-14.75,5.1));
#6761 = DIRECTION('',(1.,0.,0.));
#6762 = DIRECTION('',(0.,-0.333333333333,0.942809041582));
#6763 = PCURVE('',#855,#6764);
#6764 = DEFINITIONAL_REPRESENTATION('',(#6765),#6769);
#6765 = CIRCLE('',#6766,0.6);
#6766 = AXIS2_PLACEMENT_2D('',#6767,#6768);
#6767 = CARTESIAN_POINT('',(1.6,-1.5));
#6768 = DIRECTION('',(0.942809041582,0.333333333333));
#6769 = ( GEOMETRIC_REPRESENTATION_CONTEXT(2) 
PARAMETRIC_REPRESENTATION_CONTEXT() REPRESENTATION_CONTEXT('2D SPACE',''
  ) );
#6770 = PCURVE('',#6595,#6771);
#6771 = DEFINITIONAL_REPRESENTATION('',(#6772),#6776);
#6772 = LINE('',#6773,#6774);
#6773 = CARTESIAN_POINT('',(3.481429563044,4.5));
#6774 = VECTOR('',#6775,1.);
#6775 = DIRECTION('',(1.,0.));
#6776 = ( GEOMETRIC_REPRESENTATION_CONTEXT(2) 
PARAMETRIC_REPRESENTATION_CONTEXT() REPRESENTATION_CONTEXT('2D SPACE',''
  ) );
#6777 = ORIENTED_EDGE('',*,*,#6778,.F.);
#6778 = EDGE_CURVE('',#6734,#6755,#6779,.T.);
#6779 = SURFACE_CURVE('',#6780,(#6784,#6790),.PCURVE_S1.);
#6780 = LINE('',#6781,#6782);
#6781 = CARTESIAN_POINT('',(17.,-15.57712361663,4.778798701023));
#6782 = VECTOR('',#6783,1.);
#6783 = DIRECTION('',(0.,-0.57735026919,-0.816496580928));
#6784 = PCURVE('',#855,#6785);
#6785 = DEFINITIONAL_REPRESENTATION('',(#6786),#6789);
#6786 = B_SPLINE_CURVE_WITH_KNOTS('',1,(#6787,#6788),.UNSPECIFIED.,.F.,
  .F.,(2,2),(-1.432620128148,-0.393389643607),.PIECEWISE_BEZIER_KNOTS.);
#6787 = CARTESIAN_POINT('',(2.448528137424,-1.5));
#6788 = CARTESIAN_POINT('',(1.6,-0.9));
#6789 = ( GEOMETRIC_REPRESENTATION_CONTEXT(2) 
PARAMETRIC_REPRESENTATION_CONTEXT() REPRESENTATION_CONTEXT('2D SPACE',''
  ) );
#6790 = PCURVE('',#6620,#6791);
#6791 = DEFINITIONAL_REPRESENTATION('',(#6792),#6795);
#6792 = B_SPLINE_CURVE_WITH_KNOTS('',1,(#6793,#6794),.UNSPECIFIED.,.F.,
  .F.,(2,2),(-1.432620128148,-0.393389643607),.PIECEWISE_BEZIER_KNOTS.);
#6793 = CARTESIAN_POINT('',(0.,2.));
#6794 = CARTESIAN_POINT('',(1.039230484541,2.));
#6795 = ( GEOMETRIC_REPRESENTATION_CONTEXT(2) 
PARAMETRIC_REPRESENTATION_CONTEXT() REPRESENTATION_CONTEXT('2D SPACE',''
  ) );
#6796 = ADVANCED_FACE('',(#6797),#881,.F.);
#6797 = FACE_BOUND('',#6798,.F.);
#6798 = EDGE_LOOP('',(#6799,#6800,#6801,#6822));
#6799 = ORIENTED_EDGE('',*,*,#867,.F.);
#6800 = ORIENTED_EDGE('',*,*,#6475,.T.);
#6801 = ORIENTED_EDGE('',*,*,#6802,.T.);
#6802 = EDGE_CURVE('',#6476,#6684,#6803,.T.);
#6803 = SURFACE_CURVE('',#6804,(#6808,#6815),.PCURVE_S1.);
#6804 = LINE('',#6805,#6806);
#6805 = CARTESIAN_POINT('',(13.,-16.25,7.5));
#6806 = VECTOR('',#6807,1.);
#6807 = DIRECTION('',(1.,0.,-0.));
#6808 = PCURVE('',#881,#6809);
#6809 = DEFINITIONAL_REPRESENTATION('',(#6810),#6814);
#6810 = LINE('',#6811,#6812);
#6811 = CARTESIAN_POINT('',(4.,0.));
#6812 = VECTOR('',#6813,1.);
#6813 = DIRECTION('',(0.,1.));
#6814 = ( GEOMETRIC_REPRESENTATION_CONTEXT(2) 
PARAMETRIC_REPRESENTATION_CONTEXT() REPRESENTATION_CONTEXT('2D SPACE',''
  ) );
#6815 = PCURVE('',#6536,#6816);
#6816 = DEFINITIONAL_REPRESENTATION('',(#6817),#6821);
#6817 = LINE('',#6818,#6819);
#6818 = CARTESIAN_POINT('',(0.,0.));
#6819 = VECTOR('',#6820,1.);
#6820 = DIRECTION('',(1.,0.));
#6821 = ( GEOMETRIC_REPRESENTATION_CONTEXT(2) 
PARAMETRIC_REPRESENTATION_CONTEXT() REPRESENTATION_CONTEXT('2D SPACE',''
  ) );
#6822 = ORIENTED_EDGE('',*,*,#6683,.F.);
#6823 = ADVANCED_FACE('',(#6824),#912,.F.);
#6824 = FACE_BOUND('',#6825,.F.);
#6825 = EDGE_LOOP('',(#6826,#6827,#6851,#6878));
#6826 = ORIENTED_EDGE('',*,*,#895,.F.);
#6827 = ORIENTED_EDGE('',*,*,#6828,.F.);
#6828 = EDGE_CURVE('',#6829,#896,#6831,.T.);
#6829 = VERTEX_POINT('',#6830);
#6830 = CARTESIAN_POINT('',(31.8,-13.6,4.1));
#6831 = SEAM_CURVE('',#6832,(#6837,#6844),.PCURVE_S1.);
#6832 = CIRCLE('',#6833,0.6);
#6833 = AXIS2_PLACEMENT_3D('',#6834,#6835,#6836);
#6834 = CARTESIAN_POINT('',(32.4,-13.6,4.1));
#6835 = DIRECTION('',(-2.449293598295E-16,-1.,0.));
#6836 = DIRECTION('',(1.,-2.449293598295E-16,0.));
#6837 = PCURVE('',#912,#6838);
#6838 = DEFINITIONAL_REPRESENTATION('',(#6839),#6843);
#6839 = LINE('',#6840,#6841);
#6840 = CARTESIAN_POINT('',(6.28318530718,-0.));
#6841 = VECTOR('',#6842,1.);
#6842 = DIRECTION('',(0.,1.));
#6843 = ( GEOMETRIC_REPRESENTATION_CONTEXT(2) 
PARAMETRIC_REPRESENTATION_CONTEXT() REPRESENTATION_CONTEXT('2D SPACE',''
  ) );
#6844 = PCURVE('',#912,#6845);
#6845 = DEFINITIONAL_REPRESENTATION('',(#6846),#6850);
#6846 = LINE('',#6847,#6848);
#6847 = CARTESIAN_POINT('',(0.,-0.));
#6848 = VECTOR('',#6849,1.);
#6849 = DIRECTION('',(0.,1.));
#6850 = ( GEOMETRIC_REPRESENTATION_CONTEXT(2) 
PARAMETRIC_REPRESENTATION_CONTEXT() REPRESENTATION_CONTEXT('2D SPACE',''
  ) );
#6851 = ORIENTED_EDGE('',*,*,#6852,.T.);
#6852 = EDGE_CURVE('',#6829,#6829,#6853,.T.);
#6853 = SURFACE_CURVE('',#6854,(#6859,#6866),.PCURVE_S1.);
#6854 = CIRCLE('',#6855,3.85);
#6855 = AXIS2_PLACEMENT_3D('',#6856,#6857,#6858);
#6856 = CARTESIAN_POINT('',(27.95,-13.6,4.1));
#6857 = DIRECTION('',(0.,0.,1.));
#6858 = DIRECTION('',(1.,0.,-0.));
#6859 = PCURVE('',#912,#6860);
#6860 = DEFINITIONAL_REPRESENTATION('',(#6861),#6865);
#6861 = LINE('',#6862,#6863);
#6862 = CARTESIAN_POINT('',(0.,3.14159265359));
#6863 = VECTOR('',#6864,1.);
#6864 = DIRECTION('',(1.,0.));
#6865 = ( GEOMETRIC_REPRESENTATION_CONTEXT(2) 
PARAMETRIC_REPRESENTATION_CONTEXT() REPRESENTATION_CONTEXT('2D SPACE',''
  ) );
#6866 = PCURVE('',#6867,#6872);
#6867 = CYLINDRICAL_SURFACE('',#6868,3.85);
#6868 = AXIS2_PLACEMENT_3D('',#6869,#6870,#6871);
#6869 = CARTESIAN_POINT('',(27.95,-13.6,3.5));
#6870 = DIRECTION('',(0.,0.,1.));
#6871 = DIRECTION('',(1.,0.,-0.));
#6872 = DEFINITIONAL_REPRESENTATION('',(#6873),#6877);
#6873 = LINE('',#6874,#6875);
#6874 = CARTESIAN_POINT('',(0.,0.6));
#6875 = VECTOR('',#6876,1.);
#6876 = DIRECTION('',(1.,0.));
#6877 = ( GEOMETRIC_REPRESENTATION_CONTEXT(2) 
PARAMETRIC_REPRESENTATION_CONTEXT() REPRESENTATION_CONTEXT('2D SPACE',''
  ) );
#6878 = ORIENTED_EDGE('',*,*,#6828,.T.);
#6879 = ADVANCED_FACE('',(#6880,#6955),#944,.F.);
#6880 = FACE_BOUND('',#6881,.F.);
#6881 = EDGE_LOOP('',(#6882,#6905,#6906,#6929));
#6882 = ORIENTED_EDGE('',*,*,#6883,.F.);
#6883 = EDGE_CURVE('',#927,#6884,#6886,.T.);
#6884 = VERTEX_POINT('',#6885);
#6885 = CARTESIAN_POINT('',(13.,-8.75,7.5));
#6886 = SURFACE_CURVE('',#6887,(#6891,#6898),.PCURVE_S1.);
#6887 = LINE('',#6888,#6889);
#6888 = CARTESIAN_POINT('',(13.,-8.75,3.5));
#6889 = VECTOR('',#6890,1.);
#6890 = DIRECTION('',(0.,0.,1.));
#6891 = PCURVE('',#944,#6892);
#6892 = DEFINITIONAL_REPRESENTATION('',(#6893),#6897);
#6893 = LINE('',#6894,#6895);
#6894 = CARTESIAN_POINT('',(0.,0.));
#6895 = VECTOR('',#6896,1.);
#6896 = DIRECTION('',(1.,0.));
#6897 = ( GEOMETRIC_REPRESENTATION_CONTEXT(2) 
PARAMETRIC_REPRESENTATION_CONTEXT() REPRESENTATION_CONTEXT('2D SPACE',''
  ) );
#6898 = PCURVE('',#1026,#6899);
#6899 = DEFINITIONAL_REPRESENTATION('',(#6900),#6904);
#6900 = LINE('',#6901,#6902);
#6901 = CARTESIAN_POINT('',(0.,0.));
#6902 = VECTOR('',#6903,1.);
#6903 = DIRECTION('',(1.,0.));
#6904 = ( GEOMETRIC_REPRESENTATION_CONTEXT(2) 
PARAMETRIC_REPRESENTATION_CONTEXT() REPRESENTATION_CONTEXT('2D SPACE',''
  ) );
#6905 = ORIENTED_EDGE('',*,*,#926,.T.);
#6906 = ORIENTED_EDGE('',*,*,#6907,.T.);
#6907 = EDGE_CURVE('',#929,#6908,#6910,.T.);
#6908 = VERTEX_POINT('',#6909);
#6909 = CARTESIAN_POINT('',(13.,-5.75,7.5));
#6910 = SURFACE_CURVE('',#6911,(#6915,#6922),.PCURVE_S1.);
#6911 = LINE('',#6912,#6913);
#6912 = CARTESIAN_POINT('',(13.,-5.75,3.5));
#6913 = VECTOR('',#6914,1.);
#6914 = DIRECTION('',(0.,0.,1.));
#6915 = PCURVE('',#944,#6916);
#6916 = DEFINITIONAL_REPRESENTATION('',(#6917),#6921);
#6917 = LINE('',#6918,#6919);
#6918 = CARTESIAN_POINT('',(0.,-3.));
#6919 = VECTOR('',#6920,1.);
#6920 = DIRECTION('',(1.,0.));
#6921 = ( GEOMETRIC_REPRESENTATION_CONTEXT(2) 
PARAMETRIC_REPRESENTATION_CONTEXT() REPRESENTATION_CONTEXT('2D SPACE',''
  ) );
#6922 = PCURVE('',#972,#6923);
#6923 = DEFINITIONAL_REPRESENTATION('',(#6924),#6928);
#6924 = LINE('',#6925,#6926);
#6925 = CARTESIAN_POINT('',(0.,0.));
#6926 = VECTOR('',#6927,1.);
#6927 = DIRECTION('',(1.,0.));
#6928 = ( GEOMETRIC_REPRESENTATION_CONTEXT(2) 
PARAMETRIC_REPRESENTATION_CONTEXT() REPRESENTATION_CONTEXT('2D SPACE',''
  ) );
#6929 = ORIENTED_EDGE('',*,*,#6930,.F.);
#6930 = EDGE_CURVE('',#6884,#6908,#6931,.T.);
#6931 = SURFACE_CURVE('',#6932,(#6936,#6943),.PCURVE_S1.);
#6932 = LINE('',#6933,#6934);
#6933 = CARTESIAN_POINT('',(13.,-8.75,7.5));
#6934 = VECTOR('',#6935,1.);
#6935 = DIRECTION('',(-0.,1.,0.));
#6936 = PCURVE('',#944,#6937);
#6937 = DEFINITIONAL_REPRESENTATION('',(#6938),#6942);
#6938 = LINE('',#6939,#6940);
#6939 = CARTESIAN_POINT('',(4.,0.));
#6940 = VECTOR('',#6941,1.);
#6941 = DIRECTION('',(0.,-1.));
#6942 = ( GEOMETRIC_REPRESENTATION_CONTEXT(2) 
PARAMETRIC_REPRESENTATION_CONTEXT() REPRESENTATION_CONTEXT('2D SPACE',''
  ) );
#6943 = PCURVE('',#6944,#6949);
#6944 = PLANE('',#6945);
#6945 = AXIS2_PLACEMENT_3D('',#6946,#6947,#6948);
#6946 = CARTESIAN_POINT('',(13.,-8.75,7.5));
#6947 = DIRECTION('',(0.,0.,1.));
#6948 = DIRECTION('',(1.,0.,-0.));
#6949 = DEFINITIONAL_REPRESENTATION('',(#6950),#6954);
#6950 = LINE('',#6951,#6952);
#6951 = CARTESIAN_POINT('',(0.,0.));
#6952 = VECTOR('',#6953,1.);
#6953 = DIRECTION('',(0.,1.));
#6954 = ( GEOMETRIC_REPRESENTATION_CONTEXT(2) 
PARAMETRIC_REPRESENTATION_CONTEXT() REPRESENTATION_CONTEXT('2D SPACE',''
  ) );
#6955 = FACE_BOUND('',#6956,.F.);
#6956 = EDGE_LOOP('',(#6957,#6985,#7014));
#6957 = ORIENTED_EDGE('',*,*,#6958,.F.);
#6958 = EDGE_CURVE('',#6959,#6961,#6963,.T.);
#6959 = VERTEX_POINT('',#6960);
#6960 = CARTESIAN_POINT('',(13.,-7.05,5.665685424949));
#6961 = VERTEX_POINT('',#6962);
#6962 = CARTESIAN_POINT('',(13.,-7.25,5.948528137424));
#6963 = SURFACE_CURVE('',#6964,(#6968,#6974),.PCURVE_S1.);
#6964 = LINE('',#6965,#6966);
#6965 = CARTESIAN_POINT('',(13.,-6.622876383367,5.061641413497));
#6966 = VECTOR('',#6967,1.);
#6967 = DIRECTION('',(0.,-0.57735026919,0.816496580928));
#6968 = PCURVE('',#944,#6969);
#6969 = DEFINITIONAL_REPRESENTATION('',(#6970),#6973);
#6970 = B_SPLINE_CURVE_WITH_KNOTS('',1,(#6971,#6972),.UNSPECIFIED.,.F.,
  .F.,(2,2),(4.697948209307E-02,1.086209966634),
  .PIECEWISE_BEZIER_KNOTS.);
#6971 = CARTESIAN_POINT('',(1.6,-2.1));
#6972 = CARTESIAN_POINT('',(2.448528137424,-1.5));
#6973 = ( GEOMETRIC_REPRESENTATION_CONTEXT(2) 
PARAMETRIC_REPRESENTATION_CONTEXT() REPRESENTATION_CONTEXT('2D SPACE',''
  ) );
#6974 = PCURVE('',#6975,#6980);
#6975 = PLANE('',#6976);
#6976 = AXIS2_PLACEMENT_3D('',#6977,#6978,#6979);
#6977 = CARTESIAN_POINT('',(15.,-6.65,5.1));
#6978 = DIRECTION('',(-0.,0.816496580928,0.57735026919));
#6979 = DIRECTION('',(0.,-0.57735026919,0.816496580928));
#6980 = DEFINITIONAL_REPRESENTATION('',(#6981),#6984);
#6981 = B_SPLINE_CURVE_WITH_KNOTS('',1,(#6982,#6983),.UNSPECIFIED.,.F.,
  .F.,(2,2),(4.697948209307E-02,1.086209966634),
  .PIECEWISE_BEZIER_KNOTS.);
#6982 = CARTESIAN_POINT('',(0.,-2.));
#6983 = CARTESIAN_POINT('',(1.039230484541,-2.));
#6984 = ( GEOMETRIC_REPRESENTATION_CONTEXT(2) 
PARAMETRIC_REPRESENTATION_CONTEXT() REPRESENTATION_CONTEXT('2D SPACE',''
  ) );
#6985 = ORIENTED_EDGE('',*,*,#6986,.F.);
#6986 = EDGE_CURVE('',#6987,#6959,#6989,.T.);
#6987 = VERTEX_POINT('',#6988);
#6988 = CARTESIAN_POINT('',(13.,-7.45,5.665685424949));
#6989 = SURFACE_CURVE('',#6990,(#6995,#7002),.PCURVE_S1.);
#6990 = CIRCLE('',#6991,0.6);
#6991 = AXIS2_PLACEMENT_3D('',#6992,#6993,#6994);
#6992 = CARTESIAN_POINT('',(13.,-7.25,5.1));
#6993 = DIRECTION('',(1.,0.,0.));
#6994 = DIRECTION('',(0.,-0.333333333333,0.942809041582));
#6995 = PCURVE('',#944,#6996);
#6996 = DEFINITIONAL_REPRESENTATION('',(#6997),#7001);
#6997 = CIRCLE('',#6998,0.6);
#6998 = AXIS2_PLACEMENT_2D('',#6999,#7000);
#6999 = CARTESIAN_POINT('',(1.6,-1.5));
#7000 = DIRECTION('',(0.942809041582,0.333333333333));
#7001 = ( GEOMETRIC_REPRESENTATION_CONTEXT(2) 
PARAMETRIC_REPRESENTATION_CONTEXT() REPRESENTATION_CONTEXT('2D SPACE',''
  ) );
#7002 = PCURVE('',#7003,#7008);
#7003 = CYLINDRICAL_SURFACE('',#7004,0.6);
#7004 = AXIS2_PLACEMENT_3D('',#7005,#7006,#7007);
#7005 = CARTESIAN_POINT('',(12.5,-7.25,5.1));
#7006 = DIRECTION('',(1.,0.,0.));
#7007 = DIRECTION('',(0.,0.,-1.));
#7008 = DEFINITIONAL_REPRESENTATION('',(#7009),#7013);
#7009 = LINE('',#7010,#7011);
#7010 = CARTESIAN_POINT('',(3.481429563044,0.5));
#7011 = VECTOR('',#7012,1.);
#7012 = DIRECTION('',(1.,0.));
#7013 = ( GEOMETRIC_REPRESENTATION_CONTEXT(2) 
PARAMETRIC_REPRESENTATION_CONTEXT() REPRESENTATION_CONTEXT('2D SPACE',''
  ) );
#7014 = ORIENTED_EDGE('',*,*,#7015,.F.);
#7015 = EDGE_CURVE('',#6961,#6987,#7016,.T.);
#7016 = SURFACE_CURVE('',#7017,(#7021,#7027),.PCURVE_S1.);
#7017 = LINE('',#7018,#7019);
#7018 = CARTESIAN_POINT('',(13.,-8.077123616633,4.778798701023));
#7019 = VECTOR('',#7020,1.);
#7020 = DIRECTION('',(0.,-0.57735026919,-0.816496580928));
#7021 = PCURVE('',#944,#7022);
#7022 = DEFINITIONAL_REPRESENTATION('',(#7023),#7026);
#7023 = B_SPLINE_CURVE_WITH_KNOTS('',1,(#7024,#7025),.UNSPECIFIED.,.F.,
  .F.,(2,2),(-1.432620128148,-0.393389643607),.PIECEWISE_BEZIER_KNOTS.);
#7024 = CARTESIAN_POINT('',(2.448528137424,-1.5));
#7025 = CARTESIAN_POINT('',(1.6,-0.9));
#7026 = ( GEOMETRIC_REPRESENTATION_CONTEXT(2) 
PARAMETRIC_REPRESENTATION_CONTEXT() REPRESENTATION_CONTEXT('2D SPACE',''
  ) );
#7027 = PCURVE('',#7028,#7033);
#7028 = PLANE('',#7029);
#7029 = AXIS2_PLACEMENT_3D('',#7030,#7031,#7032);
#7030 = CARTESIAN_POINT('',(15.,-7.25,5.948528137424));
#7031 = DIRECTION('',(0.,-0.816496580928,0.57735026919));
#7032 = DIRECTION('',(0.,-0.57735026919,-0.816496580928));
#7033 = DEFINITIONAL_REPRESENTATION('',(#7034),#7037);
#7034 = B_SPLINE_CURVE_WITH_KNOTS('',1,(#7035,#7036),.UNSPECIFIED.,.F.,
  .F.,(2,2),(-1.432620128148,-0.393389643607),.PIECEWISE_BEZIER_KNOTS.);
#7035 = CARTESIAN_POINT('',(0.,-2.));
#7036 = CARTESIAN_POINT('',(1.039230484541,-2.));
#7037 = ( GEOMETRIC_REPRESENTATION_CONTEXT(2) 
PARAMETRIC_REPRESENTATION_CONTEXT() REPRESENTATION_CONTEXT('2D SPACE',''
  ) );
#7038 = ADVANCED_FACE('',(#7039),#972,.T.);
#7039 = FACE_BOUND('',#7040,.T.);
#7040 = EDGE_LOOP('',(#7041,#7042,#7043,#7066));
#7041 = ORIENTED_EDGE('',*,*,#956,.F.);
#7042 = ORIENTED_EDGE('',*,*,#6907,.T.);
#7043 = ORIENTED_EDGE('',*,*,#7044,.T.);
#7044 = EDGE_CURVE('',#6908,#7045,#7047,.T.);
#7045 = VERTEX_POINT('',#7046);
#7046 = CARTESIAN_POINT('',(17.,-5.75,7.5));
#7047 = SURFACE_CURVE('',#7048,(#7052,#7059),.PCURVE_S1.);
#7048 = LINE('',#7049,#7050);
#7049 = CARTESIAN_POINT('',(13.,-5.75,7.5));
#7050 = VECTOR('',#7051,1.);
#7051 = DIRECTION('',(1.,0.,-0.));
#7052 = PCURVE('',#972,#7053);
#7053 = DEFINITIONAL_REPRESENTATION('',(#7054),#7058);
#7054 = LINE('',#7055,#7056);
#7055 = CARTESIAN_POINT('',(4.,0.));
#7056 = VECTOR('',#7057,1.);
#7057 = DIRECTION('',(0.,1.));
#7058 = ( GEOMETRIC_REPRESENTATION_CONTEXT(2) 
PARAMETRIC_REPRESENTATION_CONTEXT() REPRESENTATION_CONTEXT('2D SPACE',''
  ) );
#7059 = PCURVE('',#6944,#7060);
#7060 = DEFINITIONAL_REPRESENTATION('',(#7061),#7065);
#7061 = LINE('',#7062,#7063);
#7062 = CARTESIAN_POINT('',(0.,3.));
#7063 = VECTOR('',#7064,1.);
#7064 = DIRECTION('',(1.,0.));
#7065 = ( GEOMETRIC_REPRESENTATION_CONTEXT(2) 
PARAMETRIC_REPRESENTATION_CONTEXT() REPRESENTATION_CONTEXT('2D SPACE',''
  ) );
#7066 = ORIENTED_EDGE('',*,*,#7067,.F.);
#7067 = EDGE_CURVE('',#957,#7045,#7068,.T.);
#7068 = SURFACE_CURVE('',#7069,(#7073,#7080),.PCURVE_S1.);
#7069 = LINE('',#7070,#7071);
#7070 = CARTESIAN_POINT('',(17.,-5.75,3.5));
#7071 = VECTOR('',#7072,1.);
#7072 = DIRECTION('',(0.,0.,1.));
#7073 = PCURVE('',#972,#7074);
#7074 = DEFINITIONAL_REPRESENTATION('',(#7075),#7079);
#7075 = LINE('',#7076,#7077);
#7076 = CARTESIAN_POINT('',(0.,4.));
#7077 = VECTOR('',#7078,1.);
#7078 = DIRECTION('',(1.,0.));
#7079 = ( GEOMETRIC_REPRESENTATION_CONTEXT(2) 
PARAMETRIC_REPRESENTATION_CONTEXT() REPRESENTATION_CONTEXT('2D SPACE',''
  ) );
#7080 = PCURVE('',#1000,#7081);
#7081 = DEFINITIONAL_REPRESENTATION('',(#7082),#7086);
#7082 = LINE('',#7083,#7084);
#7083 = CARTESIAN_POINT('',(0.,-3.));
#7084 = VECTOR('',#7085,1.);
#7085 = DIRECTION('',(1.,0.));
#7086 = ( GEOMETRIC_REPRESENTATION_CONTEXT(2) 
PARAMETRIC_REPRESENTATION_CONTEXT() REPRESENTATION_CONTEXT('2D SPACE',''
  ) );
#7087 = ADVANCED_FACE('',(#7088,#7136),#1000,.T.);
#7088 = FACE_BOUND('',#7089,.T.);
#7089 = EDGE_LOOP('',(#7090,#7113,#7114,#7115));
#7090 = ORIENTED_EDGE('',*,*,#7091,.F.);
#7091 = EDGE_CURVE('',#985,#7092,#7094,.T.);
#7092 = VERTEX_POINT('',#7093);
#7093 = CARTESIAN_POINT('',(17.,-8.75,7.5));
#7094 = SURFACE_CURVE('',#7095,(#7099,#7106),.PCURVE_S1.);
#7095 = LINE('',#7096,#7097);
#7096 = CARTESIAN_POINT('',(17.,-8.75,3.5));
#7097 = VECTOR('',#7098,1.);
#7098 = DIRECTION('',(0.,0.,1.));
#7099 = PCURVE('',#1000,#7100);
#7100 = DEFINITIONAL_REPRESENTATION('',(#7101),#7105);
#7101 = LINE('',#7102,#7103);
#7102 = CARTESIAN_POINT('',(0.,0.));
#7103 = VECTOR('',#7104,1.);
#7104 = DIRECTION('',(1.,0.));
#7105 = ( GEOMETRIC_REPRESENTATION_CONTEXT(2) 
PARAMETRIC_REPRESENTATION_CONTEXT() REPRESENTATION_CONTEXT('2D SPACE',''
  ) );
#7106 = PCURVE('',#1026,#7107);
#7107 = DEFINITIONAL_REPRESENTATION('',(#7108),#7112);
#7108 = LINE('',#7109,#7110);
#7109 = CARTESIAN_POINT('',(0.,4.));
#7110 = VECTOR('',#7111,1.);
#7111 = DIRECTION('',(1.,0.));
#7112 = ( GEOMETRIC_REPRESENTATION_CONTEXT(2) 
PARAMETRIC_REPRESENTATION_CONTEXT() REPRESENTATION_CONTEXT('2D SPACE',''
  ) );
#7113 = ORIENTED_EDGE('',*,*,#984,.T.);
#7114 = ORIENTED_EDGE('',*,*,#7067,.T.);
#7115 = ORIENTED_EDGE('',*,*,#7116,.F.);
#7116 = EDGE_CURVE('',#7092,#7045,#7117,.T.);
#7117 = SURFACE_CURVE('',#7118,(#7122,#7129),.PCURVE_S1.);
#7118 = LINE('',#7119,#7120);
#7119 = CARTESIAN_POINT('',(17.,-8.75,7.5));
#7120 = VECTOR('',#7121,1.);
#7121 = DIRECTION('',(-0.,1.,0.));
#7122 = PCURVE('',#1000,#7123);
#7123 = DEFINITIONAL_REPRESENTATION('',(#7124),#7128);
#7124 = LINE('',#7125,#7126);
#7125 = CARTESIAN_POINT('',(4.,0.));
#7126 = VECTOR('',#7127,1.);
#7127 = DIRECTION('',(0.,-1.));
#7128 = ( GEOMETRIC_REPRESENTATION_CONTEXT(2) 
PARAMETRIC_REPRESENTATION_CONTEXT() REPRESENTATION_CONTEXT('2D SPACE',''
  ) );
#7129 = PCURVE('',#6944,#7130);
#7130 = DEFINITIONAL_REPRESENTATION('',(#7131),#7135);
#7131 = LINE('',#7132,#7133);
#7132 = CARTESIAN_POINT('',(4.,0.));
#7133 = VECTOR('',#7134,1.);
#7134 = DIRECTION('',(0.,1.));
#7135 = ( GEOMETRIC_REPRESENTATION_CONTEXT(2) 
PARAMETRIC_REPRESENTATION_CONTEXT() REPRESENTATION_CONTEXT('2D SPACE',''
  ) );
#7136 = FACE_BOUND('',#7137,.T.);
#7137 = EDGE_LOOP('',(#7138,#7161,#7185));
#7138 = ORIENTED_EDGE('',*,*,#7139,.F.);
#7139 = EDGE_CURVE('',#7140,#7142,#7144,.T.);
#7140 = VERTEX_POINT('',#7141);
#7141 = CARTESIAN_POINT('',(17.,-7.05,5.665685424949));
#7142 = VERTEX_POINT('',#7143);
#7143 = CARTESIAN_POINT('',(17.,-7.25,5.948528137424));
#7144 = SURFACE_CURVE('',#7145,(#7149,#7155),.PCURVE_S1.);
#7145 = LINE('',#7146,#7147);
#7146 = CARTESIAN_POINT('',(17.,-6.622876383367,5.061641413497));
#7147 = VECTOR('',#7148,1.);
#7148 = DIRECTION('',(0.,-0.57735026919,0.816496580928));
#7149 = PCURVE('',#1000,#7150);
#7150 = DEFINITIONAL_REPRESENTATION('',(#7151),#7154);
#7151 = B_SPLINE_CURVE_WITH_KNOTS('',1,(#7152,#7153),.UNSPECIFIED.,.F.,
  .F.,(2,2),(4.697948209307E-02,1.086209966634),
  .PIECEWISE_BEZIER_KNOTS.);
#7152 = CARTESIAN_POINT('',(1.6,-2.1));
#7153 = CARTESIAN_POINT('',(2.448528137424,-1.5));
#7154 = ( GEOMETRIC_REPRESENTATION_CONTEXT(2) 
PARAMETRIC_REPRESENTATION_CONTEXT() REPRESENTATION_CONTEXT('2D SPACE',''
  ) );
#7155 = PCURVE('',#6975,#7156);
#7156 = DEFINITIONAL_REPRESENTATION('',(#7157),#7160);
#7157 = B_SPLINE_CURVE_WITH_KNOTS('',1,(#7158,#7159),.UNSPECIFIED.,.F.,
  .F.,(2,2),(4.697948209307E-02,1.086209966634),
  .PIECEWISE_BEZIER_KNOTS.);
#7158 = CARTESIAN_POINT('',(0.,2.));
#7159 = CARTESIAN_POINT('',(1.039230484541,2.));
#7160 = ( GEOMETRIC_REPRESENTATION_CONTEXT(2) 
PARAMETRIC_REPRESENTATION_CONTEXT() REPRESENTATION_CONTEXT('2D SPACE',''
  ) );
#7161 = ORIENTED_EDGE('',*,*,#7162,.F.);
#7162 = EDGE_CURVE('',#7163,#7140,#7165,.T.);
#7163 = VERTEX_POINT('',#7164);
#7164 = CARTESIAN_POINT('',(17.,-7.45,5.665685424949));
#7165 = SURFACE_CURVE('',#7166,(#7171,#7178),.PCURVE_S1.);
#7166 = CIRCLE('',#7167,0.6);
#7167 = AXIS2_PLACEMENT_3D('',#7168,#7169,#7170);
#7168 = CARTESIAN_POINT('',(17.,-7.25,5.1));
#7169 = DIRECTION('',(1.,0.,0.));
#7170 = DIRECTION('',(0.,-0.333333333333,0.942809041582));
#7171 = PCURVE('',#1000,#7172);
#7172 = DEFINITIONAL_REPRESENTATION('',(#7173),#7177);
#7173 = CIRCLE('',#7174,0.6);
#7174 = AXIS2_PLACEMENT_2D('',#7175,#7176);
#7175 = CARTESIAN_POINT('',(1.6,-1.5));
#7176 = DIRECTION('',(0.942809041582,0.333333333333));
#7177 = ( GEOMETRIC_REPRESENTATION_CONTEXT(2) 
PARAMETRIC_REPRESENTATION_CONTEXT() REPRESENTATION_CONTEXT('2D SPACE',''
  ) );
#7178 = PCURVE('',#7003,#7179);
#7179 = DEFINITIONAL_REPRESENTATION('',(#7180),#7184);
#7180 = LINE('',#7181,#7182);
#7181 = CARTESIAN_POINT('',(3.481429563044,4.5));
#7182 = VECTOR('',#7183,1.);
#7183 = DIRECTION('',(1.,0.));
#7184 = ( GEOMETRIC_REPRESENTATION_CONTEXT(2) 
PARAMETRIC_REPRESENTATION_CONTEXT() REPRESENTATION_CONTEXT('2D SPACE',''
  ) );
#7185 = ORIENTED_EDGE('',*,*,#7186,.F.);
#7186 = EDGE_CURVE('',#7142,#7163,#7187,.T.);
#7187 = SURFACE_CURVE('',#7188,(#7192,#7198),.PCURVE_S1.);
#7188 = LINE('',#7189,#7190);
#7189 = CARTESIAN_POINT('',(17.,-8.077123616633,4.778798701023));
#7190 = VECTOR('',#7191,1.);
#7191 = DIRECTION('',(0.,-0.57735026919,-0.816496580928));
#7192 = PCURVE('',#1000,#7193);
#7193 = DEFINITIONAL_REPRESENTATION('',(#7194),#7197);
#7194 = B_SPLINE_CURVE_WITH_KNOTS('',1,(#7195,#7196),.UNSPECIFIED.,.F.,
  .F.,(2,2),(-1.432620128148,-0.393389643607),.PIECEWISE_BEZIER_KNOTS.);
#7195 = CARTESIAN_POINT('',(2.448528137424,-1.5));
#7196 = CARTESIAN_POINT('',(1.6,-0.9));
#7197 = ( GEOMETRIC_REPRESENTATION_CONTEXT(2) 
PARAMETRIC_REPRESENTATION_CONTEXT() REPRESENTATION_CONTEXT('2D SPACE',''
  ) );
#7198 = PCURVE('',#7028,#7199);
#7199 = DEFINITIONAL_REPRESENTATION('',(#7200),#7203);
#7200 = B_SPLINE_CURVE_WITH_KNOTS('',1,(#7201,#7202),.UNSPECIFIED.,.F.,
  .F.,(2,2),(-1.432620128148,-0.393389643607),.PIECEWISE_BEZIER_KNOTS.);
#7201 = CARTESIAN_POINT('',(0.,2.));
#7202 = CARTESIAN_POINT('',(1.039230484541,2.));
#7203 = ( GEOMETRIC_REPRESENTATION_CONTEXT(2) 
PARAMETRIC_REPRESENTATION_CONTEXT() REPRESENTATION_CONTEXT('2D SPACE',''
  ) );
#7204 = ADVANCED_FACE('',(#7205),#1026,.F.);
#7205 = FACE_BOUND('',#7206,.F.);
#7206 = EDGE_LOOP('',(#7207,#7208,#7209,#7230));
#7207 = ORIENTED_EDGE('',*,*,#1012,.F.);
#7208 = ORIENTED_EDGE('',*,*,#6883,.T.);
#7209 = ORIENTED_EDGE('',*,*,#7210,.T.);
#7210 = EDGE_CURVE('',#6884,#7092,#7211,.T.);
#7211 = SURFACE_CURVE('',#7212,(#7216,#7223),.PCURVE_S1.);
#7212 = LINE('',#7213,#7214);
#7213 = CARTESIAN_POINT('',(13.,-8.75,7.5));
#7214 = VECTOR('',#7215,1.);
#7215 = DIRECTION('',(1.,0.,-0.));
#7216 = PCURVE('',#1026,#7217);
#7217 = DEFINITIONAL_REPRESENTATION('',(#7218),#7222);
#7218 = LINE('',#7219,#7220);
#7219 = CARTESIAN_POINT('',(4.,0.));
#7220 = VECTOR('',#7221,1.);
#7221 = DIRECTION('',(0.,1.));
#7222 = ( GEOMETRIC_REPRESENTATION_CONTEXT(2) 
PARAMETRIC_REPRESENTATION_CONTEXT() REPRESENTATION_CONTEXT('2D SPACE',''
  ) );
#7223 = PCURVE('',#6944,#7224);
#7224 = DEFINITIONAL_REPRESENTATION('',(#7225),#7229);
#7225 = LINE('',#7226,#7227);
#7226 = CARTESIAN_POINT('',(0.,0.));
#7227 = VECTOR('',#7228,1.);
#7228 = DIRECTION('',(1.,0.));
#7229 = ( GEOMETRIC_REPRESENTATION_CONTEXT(2) 
PARAMETRIC_REPRESENTATION_CONTEXT() REPRESENTATION_CONTEXT('2D SPACE',''
  ) );
#7230 = ORIENTED_EDGE('',*,*,#7091,.F.);
#7231 = ADVANCED_FACE('',(#7232),#1058,.T.);
#7232 = FACE_BOUND('',#7233,.F.);
#7233 = EDGE_LOOP('',(#7234,#7257,#7285,#7313,#7341,#7362));
#7234 = ORIENTED_EDGE('',*,*,#7235,.T.);
#7235 = EDGE_CURVE('',#1043,#7236,#7238,.T.);
#7236 = VERTEX_POINT('',#7237);
#7237 = CARTESIAN_POINT('',(13.,-4.5,12.6));
#7238 = SURFACE_CURVE('',#7239,(#7243,#7250),.PCURVE_S1.);
#7239 = LINE('',#7240,#7241);
#7240 = CARTESIAN_POINT('',(13.,-4.5,3.5));
#7241 = VECTOR('',#7242,1.);
#7242 = DIRECTION('',(0.,-0.,1.));
#7243 = PCURVE('',#1058,#7244);
#7244 = DEFINITIONAL_REPRESENTATION('',(#7245),#7249);
#7245 = LINE('',#7246,#7247);
#7246 = CARTESIAN_POINT('',(-2.330623344181,-5.31249133298));
#7247 = VECTOR('',#7248,1.);
#7248 = DIRECTION('',(-0.,1.));
#7249 = ( GEOMETRIC_REPRESENTATION_CONTEXT(2) 
PARAMETRIC_REPRESENTATION_CONTEXT() REPRESENTATION_CONTEXT('2D SPACE',''
  ) );
#7250 = PCURVE('',#1086,#7251);
#7251 = DEFINITIONAL_REPRESENTATION('',(#7252),#7256);
#7252 = LINE('',#7253,#7254);
#7253 = CARTESIAN_POINT('',(-0.,2.));
#7254 = VECTOR('',#7255,1.);
#7255 = DIRECTION('',(-1.,0.));
#7256 = ( GEOMETRIC_REPRESENTATION_CONTEXT(2) 
PARAMETRIC_REPRESENTATION_CONTEXT() REPRESENTATION_CONTEXT('2D SPACE',''
  ) );
#7257 = ORIENTED_EDGE('',*,*,#7258,.T.);
#7258 = EDGE_CURVE('',#7236,#7259,#7261,.T.);
#7259 = VERTEX_POINT('',#7260);
#7260 = CARTESIAN_POINT('',(13.,2.,12.6));
#7261 = SURFACE_CURVE('',#7262,(#7266,#7273),.PCURVE_S1.);
#7262 = LINE('',#7263,#7264);
#7263 = CARTESIAN_POINT('',(13.,-4.5,12.6));
#7264 = VECTOR('',#7265,1.);
#7265 = DIRECTION('',(-0.,1.,0.));
#7266 = PCURVE('',#1058,#7267);
#7267 = DEFINITIONAL_REPRESENTATION('',(#7268),#7272);
#7268 = LINE('',#7269,#7270);
#7269 = CARTESIAN_POINT('',(-2.330623344181,3.78750866702));
#7270 = VECTOR('',#7271,1.);
#7271 = DIRECTION('',(1.,-0.));
#7272 = ( GEOMETRIC_REPRESENTATION_CONTEXT(2) 
PARAMETRIC_REPRESENTATION_CONTEXT() REPRESENTATION_CONTEXT('2D SPACE',''
  ) );
#7273 = PCURVE('',#7274,#7279);
#7274 = PLANE('',#7275);
#7275 = AXIS2_PLACEMENT_3D('',#7276,#7277,#7278);
#7276 = CARTESIAN_POINT('',(11.,-4.5,12.6));
#7277 = DIRECTION('',(-0.,-0.,1.));
#7278 = DIRECTION('',(0.,-1.,0.));
#7279 = DEFINITIONAL_REPRESENTATION('',(#7280),#7284);
#7280 = LINE('',#7281,#7282);
#7281 = CARTESIAN_POINT('',(-0.,2.));
#7282 = VECTOR('',#7283,1.);
#7283 = DIRECTION('',(-1.,0.));
#7284 = ( GEOMETRIC_REPRESENTATION_CONTEXT(2) 
PARAMETRIC_REPRESENTATION_CONTEXT() REPRESENTATION_CONTEXT('2D SPACE',''
  ) );
#7285 = ORIENTED_EDGE('',*,*,#7286,.T.);
#7286 = EDGE_CURVE('',#7259,#7287,#7289,.T.);
#7287 = VERTEX_POINT('',#7288);
#7288 = CARTESIAN_POINT('',(13.,2.,11.));
#7289 = SURFACE_CURVE('',#7290,(#7294,#7301),.PCURVE_S1.);
#7290 = LINE('',#7291,#7292);
#7291 = CARTESIAN_POINT('',(13.,2.,12.6));
#7292 = VECTOR('',#7293,1.);
#7293 = DIRECTION('',(0.,0.,-1.));
#7294 = PCURVE('',#1058,#7295);
#7295 = DEFINITIONAL_REPRESENTATION('',(#7296),#7300);
#7296 = LINE('',#7297,#7298);
#7297 = CARTESIAN_POINT('',(4.169376655819,3.78750866702));
#7298 = VECTOR('',#7299,1.);
#7299 = DIRECTION('',(-0.,-1.));
#7300 = ( GEOMETRIC_REPRESENTATION_CONTEXT(2) 
PARAMETRIC_REPRESENTATION_CONTEXT() REPRESENTATION_CONTEXT('2D SPACE',''
  ) );
#7301 = PCURVE('',#7302,#7307);
#7302 = PLANE('',#7303);
#7303 = AXIS2_PLACEMENT_3D('',#7304,#7305,#7306);
#7304 = CARTESIAN_POINT('',(11.,2.,12.6));
#7305 = DIRECTION('',(-0.,1.,-0.));
#7306 = DIRECTION('',(-0.,0.,1.));
#7307 = DEFINITIONAL_REPRESENTATION('',(#7308),#7312);
#7308 = LINE('',#7309,#7310);
#7309 = CARTESIAN_POINT('',(-0.,2.));
#7310 = VECTOR('',#7311,1.);
#7311 = DIRECTION('',(-1.,0.));
#7312 = ( GEOMETRIC_REPRESENTATION_CONTEXT(2) 
PARAMETRIC_REPRESENTATION_CONTEXT() REPRESENTATION_CONTEXT('2D SPACE',''
  ) );
#7313 = ORIENTED_EDGE('',*,*,#7314,.T.);
#7314 = EDGE_CURVE('',#7287,#7315,#7317,.T.);
#7315 = VERTEX_POINT('',#7316);
#7316 = CARTESIAN_POINT('',(13.,-2.5,6.5));
#7317 = SURFACE_CURVE('',#7318,(#7322,#7329),.PCURVE_S1.);
#7318 = LINE('',#7319,#7320);
#7319 = CARTESIAN_POINT('',(13.,2.,11.));
#7320 = VECTOR('',#7321,1.);
#7321 = DIRECTION('',(0.,-0.707106781187,-0.707106781187));
#7322 = PCURVE('',#1058,#7323);
#7323 = DEFINITIONAL_REPRESENTATION('',(#7324),#7328);
#7324 = LINE('',#7325,#7326);
#7325 = CARTESIAN_POINT('',(4.169376655819,2.18750866702));
#7326 = VECTOR('',#7327,1.);
#7327 = DIRECTION('',(-0.707106781187,-0.707106781187));
#7328 = ( GEOMETRIC_REPRESENTATION_CONTEXT(2) 
PARAMETRIC_REPRESENTATION_CONTEXT() REPRESENTATION_CONTEXT('2D SPACE',''
  ) );
#7329 = PCURVE('',#7330,#7335);
#7330 = PLANE('',#7331);
#7331 = AXIS2_PLACEMENT_3D('',#7332,#7333,#7334);
#7332 = CARTESIAN_POINT('',(11.,2.,11.));
#7333 = DIRECTION('',(-0.,0.707106781187,-0.707106781187));
#7334 = DIRECTION('',(-0.,0.707106781187,0.707106781187));
#7335 = DEFINITIONAL_REPRESENTATION('',(#7336),#7340);
#7336 = LINE('',#7337,#7338);
#7337 = CARTESIAN_POINT('',(-0.,2.));
#7338 = VECTOR('',#7339,1.);
#7339 = DIRECTION('',(-1.,0.));
#7340 = ( GEOMETRIC_REPRESENTATION_CONTEXT(2) 
PARAMETRIC_REPRESENTATION_CONTEXT() REPRESENTATION_CONTEXT('2D SPACE',''
  ) );
#7341 = ORIENTED_EDGE('',*,*,#7342,.T.);
#7342 = EDGE_CURVE('',#7315,#1041,#7343,.T.);
#7343 = SURFACE_CURVE('',#7344,(#7348,#7355),.PCURVE_S1.);
#7344 = LINE('',#7345,#7346);
#7345 = CARTESIAN_POINT('',(13.,-2.5,6.5));
#7346 = VECTOR('',#7347,1.);
#7347 = DIRECTION('',(0.,0.,-1.));
#7348 = PCURVE('',#1058,#7349);
#7349 = DEFINITIONAL_REPRESENTATION('',(#7350),#7354);
#7350 = LINE('',#7351,#7352);
#7351 = CARTESIAN_POINT('',(-0.330623344181,-2.31249133298));
#7352 = VECTOR('',#7353,1.);
#7353 = DIRECTION('',(-0.,-1.));
#7354 = ( GEOMETRIC_REPRESENTATION_CONTEXT(2) 
PARAMETRIC_REPRESENTATION_CONTEXT() REPRESENTATION_CONTEXT('2D SPACE',''
  ) );
#7355 = PCURVE('',#1140,#7356);
#7356 = DEFINITIONAL_REPRESENTATION('',(#7357),#7361);
#7357 = LINE('',#7358,#7359);
#7358 = CARTESIAN_POINT('',(-0.,2.));
#7359 = VECTOR('',#7360,1.);
#7360 = DIRECTION('',(-1.,0.));
#7361 = ( GEOMETRIC_REPRESENTATION_CONTEXT(2) 
PARAMETRIC_REPRESENTATION_CONTEXT() REPRESENTATION_CONTEXT('2D SPACE',''
  ) );
#7362 = ORIENTED_EDGE('',*,*,#1040,.T.);
#7363 = ADVANCED_FACE('',(#7364),#1086,.T.);
#7364 = FACE_BOUND('',#7365,.F.);
#7365 = EDGE_LOOP('',(#7366,#7389,#7410,#7411));
#7366 = ORIENTED_EDGE('',*,*,#7367,.T.);
#7367 = EDGE_CURVE('',#1071,#7368,#7370,.T.);
#7368 = VERTEX_POINT('',#7369);
#7369 = CARTESIAN_POINT('',(9.,-4.5,12.6));
#7370 = SURFACE_CURVE('',#7371,(#7375,#7382),.PCURVE_S1.);
#7371 = LINE('',#7372,#7373);
#7372 = CARTESIAN_POINT('',(9.,-4.5,3.5));
#7373 = VECTOR('',#7374,1.);
#7374 = DIRECTION('',(0.,-0.,1.));
#7375 = PCURVE('',#1086,#7376);
#7376 = DEFINITIONAL_REPRESENTATION('',(#7377),#7381);
#7377 = LINE('',#7378,#7379);
#7378 = CARTESIAN_POINT('',(-0.,-2.));
#7379 = VECTOR('',#7380,1.);
#7380 = DIRECTION('',(-1.,0.));
#7381 = ( GEOMETRIC_REPRESENTATION_CONTEXT(2) 
PARAMETRIC_REPRESENTATION_CONTEXT() REPRESENTATION_CONTEXT('2D SPACE',''
  ) );
#7382 = PCURVE('',#1114,#7383);
#7383 = DEFINITIONAL_REPRESENTATION('',(#7384),#7388);
#7384 = LINE('',#7385,#7386);
#7385 = CARTESIAN_POINT('',(-2.330623344181,-5.31249133298));
#7386 = VECTOR('',#7387,1.);
#7387 = DIRECTION('',(-0.,1.));
#7388 = ( GEOMETRIC_REPRESENTATION_CONTEXT(2) 
PARAMETRIC_REPRESENTATION_CONTEXT() REPRESENTATION_CONTEXT('2D SPACE',''
  ) );
#7389 = ORIENTED_EDGE('',*,*,#7390,.T.);
#7390 = EDGE_CURVE('',#7368,#7236,#7391,.T.);
#7391 = SURFACE_CURVE('',#7392,(#7396,#7403),.PCURVE_S1.);
#7392 = LINE('',#7393,#7394);
#7393 = CARTESIAN_POINT('',(9.,-4.5,12.6));
#7394 = VECTOR('',#7395,1.);
#7395 = DIRECTION('',(1.,-0.,-0.));
#7396 = PCURVE('',#1086,#7397);
#7397 = DEFINITIONAL_REPRESENTATION('',(#7398),#7402);
#7398 = LINE('',#7399,#7400);
#7399 = CARTESIAN_POINT('',(-9.1,-2.));
#7400 = VECTOR('',#7401,1.);
#7401 = DIRECTION('',(-0.,1.));
#7402 = ( GEOMETRIC_REPRESENTATION_CONTEXT(2) 
PARAMETRIC_REPRESENTATION_CONTEXT() REPRESENTATION_CONTEXT('2D SPACE',''
  ) );
#7403 = PCURVE('',#7274,#7404);
#7404 = DEFINITIONAL_REPRESENTATION('',(#7405),#7409);
#7405 = LINE('',#7406,#7407);
#7406 = CARTESIAN_POINT('',(-0.,-2.));
#7407 = VECTOR('',#7408,1.);
#7408 = DIRECTION('',(-0.,1.));
#7409 = ( GEOMETRIC_REPRESENTATION_CONTEXT(2) 
PARAMETRIC_REPRESENTATION_CONTEXT() REPRESENTATION_CONTEXT('2D SPACE',''
  ) );
#7410 = ORIENTED_EDGE('',*,*,#7235,.F.);
#7411 = ORIENTED_EDGE('',*,*,#1070,.T.);
#7412 = ADVANCED_FACE('',(#7413),#1114,.F.);
#7413 = FACE_BOUND('',#7414,.T.);
#7414 = EDGE_LOOP('',(#7415,#7416,#7439,#7462,#7485,#7506));
#7415 = ORIENTED_EDGE('',*,*,#7367,.T.);
#7416 = ORIENTED_EDGE('',*,*,#7417,.T.);
#7417 = EDGE_CURVE('',#7368,#7418,#7420,.T.);
#7418 = VERTEX_POINT('',#7419);
#7419 = CARTESIAN_POINT('',(9.,2.,12.6));
#7420 = SURFACE_CURVE('',#7421,(#7425,#7432),.PCURVE_S1.);
#7421 = LINE('',#7422,#7423);
#7422 = CARTESIAN_POINT('',(9.,-4.5,12.6));
#7423 = VECTOR('',#7424,1.);
#7424 = DIRECTION('',(-0.,1.,0.));
#7425 = PCURVE('',#1114,#7426);
#7426 = DEFINITIONAL_REPRESENTATION('',(#7427),#7431);
#7427 = LINE('',#7428,#7429);
#7428 = CARTESIAN_POINT('',(-2.330623344181,3.78750866702));
#7429 = VECTOR('',#7430,1.);
#7430 = DIRECTION('',(1.,-0.));
#7431 = ( GEOMETRIC_REPRESENTATION_CONTEXT(2) 
PARAMETRIC_REPRESENTATION_CONTEXT() REPRESENTATION_CONTEXT('2D SPACE',''
  ) );
#7432 = PCURVE('',#7274,#7433);
#7433 = DEFINITIONAL_REPRESENTATION('',(#7434),#7438);
#7434 = LINE('',#7435,#7436);
#7435 = CARTESIAN_POINT('',(-0.,-2.));
#7436 = VECTOR('',#7437,1.);
#7437 = DIRECTION('',(-1.,0.));
#7438 = ( GEOMETRIC_REPRESENTATION_CONTEXT(2) 
PARAMETRIC_REPRESENTATION_CONTEXT() REPRESENTATION_CONTEXT('2D SPACE',''
  ) );
#7439 = ORIENTED_EDGE('',*,*,#7440,.T.);
#7440 = EDGE_CURVE('',#7418,#7441,#7443,.T.);
#7441 = VERTEX_POINT('',#7442);
#7442 = CARTESIAN_POINT('',(9.,2.,11.));
#7443 = SURFACE_CURVE('',#7444,(#7448,#7455),.PCURVE_S1.);
#7444 = LINE('',#7445,#7446);
#7445 = CARTESIAN_POINT('',(9.,2.,12.6));
#7446 = VECTOR('',#7447,1.);
#7447 = DIRECTION('',(0.,0.,-1.));
#7448 = PCURVE('',#1114,#7449);
#7449 = DEFINITIONAL_REPRESENTATION('',(#7450),#7454);
#7450 = LINE('',#7451,#7452);
#7451 = CARTESIAN_POINT('',(4.169376655819,3.78750866702));
#7452 = VECTOR('',#7453,1.);
#7453 = DIRECTION('',(-0.,-1.));
#7454 = ( GEOMETRIC_REPRESENTATION_CONTEXT(2) 
PARAMETRIC_REPRESENTATION_CONTEXT() REPRESENTATION_CONTEXT('2D SPACE',''
  ) );
#7455 = PCURVE('',#7302,#7456);
#7456 = DEFINITIONAL_REPRESENTATION('',(#7457),#7461);
#7457 = LINE('',#7458,#7459);
#7458 = CARTESIAN_POINT('',(-0.,-2.));
#7459 = VECTOR('',#7460,1.);
#7460 = DIRECTION('',(-1.,0.));
#7461 = ( GEOMETRIC_REPRESENTATION_CONTEXT(2) 
PARAMETRIC_REPRESENTATION_CONTEXT() REPRESENTATION_CONTEXT('2D SPACE',''
  ) );
#7462 = ORIENTED_EDGE('',*,*,#7463,.T.);
#7463 = EDGE_CURVE('',#7441,#7464,#7466,.T.);
#7464 = VERTEX_POINT('',#7465);
#7465 = CARTESIAN_POINT('',(9.,-2.5,6.5));
#7466 = SURFACE_CURVE('',#7467,(#7471,#7478),.PCURVE_S1.);
#7467 = LINE('',#7468,#7469);
#7468 = CARTESIAN_POINT('',(9.,2.,11.));
#7469 = VECTOR('',#7470,1.);
#7470 = DIRECTION('',(0.,-0.707106781187,-0.707106781187));
#7471 = PCURVE('',#1114,#7472);
#7472 = DEFINITIONAL_REPRESENTATION('',(#7473),#7477);
#7473 = LINE('',#7474,#7475);
#7474 = CARTESIAN_POINT('',(4.169376655819,2.18750866702));
#7475 = VECTOR('',#7476,1.);
#7476 = DIRECTION('',(-0.707106781187,-0.707106781187));
#7477 = ( GEOMETRIC_REPRESENTATION_CONTEXT(2) 
PARAMETRIC_REPRESENTATION_CONTEXT() REPRESENTATION_CONTEXT('2D SPACE',''
  ) );
#7478 = PCURVE('',#7330,#7479);
#7479 = DEFINITIONAL_REPRESENTATION('',(#7480),#7484);
#7480 = LINE('',#7481,#7482);
#7481 = CARTESIAN_POINT('',(-0.,-2.));
#7482 = VECTOR('',#7483,1.);
#7483 = DIRECTION('',(-1.,0.));
#7484 = ( GEOMETRIC_REPRESENTATION_CONTEXT(2) 
PARAMETRIC_REPRESENTATION_CONTEXT() REPRESENTATION_CONTEXT('2D SPACE',''
  ) );
#7485 = ORIENTED_EDGE('',*,*,#7486,.T.);
#7486 = EDGE_CURVE('',#7464,#1099,#7487,.T.);
#7487 = SURFACE_CURVE('',#7488,(#7492,#7499),.PCURVE_S1.);
#7488 = LINE('',#7489,#7490);
#7489 = CARTESIAN_POINT('',(9.,-2.5,6.5));
#7490 = VECTOR('',#7491,1.);
#7491 = DIRECTION('',(0.,0.,-1.));
#7492 = PCURVE('',#1114,#7493);
#7493 = DEFINITIONAL_REPRESENTATION('',(#7494),#7498);
#7494 = LINE('',#7495,#7496);
#7495 = CARTESIAN_POINT('',(-0.330623344181,-2.31249133298));
#7496 = VECTOR('',#7497,1.);
#7497 = DIRECTION('',(-0.,-1.));
#7498 = ( GEOMETRIC_REPRESENTATION_CONTEXT(2) 
PARAMETRIC_REPRESENTATION_CONTEXT() REPRESENTATION_CONTEXT('2D SPACE',''
  ) );
#7499 = PCURVE('',#1140,#7500);
#7500 = DEFINITIONAL_REPRESENTATION('',(#7501),#7505);
#7501 = LINE('',#7502,#7503);
#7502 = CARTESIAN_POINT('',(-0.,-2.));
#7503 = VECTOR('',#7504,1.);
#7504 = DIRECTION('',(-1.,0.));
#7505 = ( GEOMETRIC_REPRESENTATION_CONTEXT(2) 
PARAMETRIC_REPRESENTATION_CONTEXT() REPRESENTATION_CONTEXT('2D SPACE',''
  ) );
#7506 = ORIENTED_EDGE('',*,*,#1098,.T.);
#7507 = ADVANCED_FACE('',(#7508),#1140,.T.);
#7508 = FACE_BOUND('',#7509,.F.);
#7509 = EDGE_LOOP('',(#7510,#7511,#7512,#7513));
#7510 = ORIENTED_EDGE('',*,*,#7486,.T.);
#7511 = ORIENTED_EDGE('',*,*,#1126,.F.);
#7512 = ORIENTED_EDGE('',*,*,#7342,.F.);
#7513 = ORIENTED_EDGE('',*,*,#7514,.T.);
#7514 = EDGE_CURVE('',#7315,#7464,#7515,.T.);
#7515 = SURFACE_CURVE('',#7516,(#7520,#7527),.PCURVE_S1.);
#7516 = LINE('',#7517,#7518);
#7517 = CARTESIAN_POINT('',(13.,-2.5,6.5));
#7518 = VECTOR('',#7519,1.);
#7519 = DIRECTION('',(-1.,-0.,0.));
#7520 = PCURVE('',#1140,#7521);
#7521 = DEFINITIONAL_REPRESENTATION('',(#7522),#7526);
#7522 = LINE('',#7523,#7524);
#7523 = CARTESIAN_POINT('',(-0.,2.));
#7524 = VECTOR('',#7525,1.);
#7525 = DIRECTION('',(-0.,-1.));
#7526 = ( GEOMETRIC_REPRESENTATION_CONTEXT(2) 
PARAMETRIC_REPRESENTATION_CONTEXT() REPRESENTATION_CONTEXT('2D SPACE',''
  ) );
#7527 = PCURVE('',#7330,#7528);
#7528 = DEFINITIONAL_REPRESENTATION('',(#7529),#7533);
#7529 = LINE('',#7530,#7531);
#7530 = CARTESIAN_POINT('',(-6.363961030679,2.));
#7531 = VECTOR('',#7532,1.);
#7532 = DIRECTION('',(-0.,-1.));
#7533 = ( GEOMETRIC_REPRESENTATION_CONTEXT(2) 
PARAMETRIC_REPRESENTATION_CONTEXT() REPRESENTATION_CONTEXT('2D SPACE',''
  ) );
#7534 = ADVANCED_FACE('',(#7535),#1172,.T.);
#7535 = FACE_BOUND('',#7536,.F.);
#7536 = EDGE_LOOP('',(#7537,#7560,#7588,#7616,#7644,#7665));
#7537 = ORIENTED_EDGE('',*,*,#7538,.T.);
#7538 = EDGE_CURVE('',#1157,#7539,#7541,.T.);
#7539 = VERTEX_POINT('',#7540);
#7540 = CARTESIAN_POINT('',(27.,-4.5,12.6));
#7541 = SURFACE_CURVE('',#7542,(#7546,#7553),.PCURVE_S1.);
#7542 = LINE('',#7543,#7544);
#7543 = CARTESIAN_POINT('',(27.,-4.5,3.5));
#7544 = VECTOR('',#7545,1.);
#7545 = DIRECTION('',(0.,-0.,1.));
#7546 = PCURVE('',#1172,#7547);
#7547 = DEFINITIONAL_REPRESENTATION('',(#7548),#7552);
#7548 = LINE('',#7549,#7550);
#7549 = CARTESIAN_POINT('',(-2.330623344181,-5.31249133298));
#7550 = VECTOR('',#7551,1.);
#7551 = DIRECTION('',(-0.,1.));
#7552 = ( GEOMETRIC_REPRESENTATION_CONTEXT(2) 
PARAMETRIC_REPRESENTATION_CONTEXT() REPRESENTATION_CONTEXT('2D SPACE',''
  ) );
#7553 = PCURVE('',#1200,#7554);
#7554 = DEFINITIONAL_REPRESENTATION('',(#7555),#7559);
#7555 = LINE('',#7556,#7557);
#7556 = CARTESIAN_POINT('',(-0.,2.));
#7557 = VECTOR('',#7558,1.);
#7558 = DIRECTION('',(-1.,0.));
#7559 = ( GEOMETRIC_REPRESENTATION_CONTEXT(2) 
PARAMETRIC_REPRESENTATION_CONTEXT() REPRESENTATION_CONTEXT('2D SPACE',''
  ) );
#7560 = ORIENTED_EDGE('',*,*,#7561,.T.);
#7561 = EDGE_CURVE('',#7539,#7562,#7564,.T.);
#7562 = VERTEX_POINT('',#7563);
#7563 = CARTESIAN_POINT('',(27.,2.,12.6));
#7564 = SURFACE_CURVE('',#7565,(#7569,#7576),.PCURVE_S1.);
#7565 = LINE('',#7566,#7567);
#7566 = CARTESIAN_POINT('',(27.,-4.5,12.6));
#7567 = VECTOR('',#7568,1.);
#7568 = DIRECTION('',(-0.,1.,0.));
#7569 = PCURVE('',#1172,#7570);
#7570 = DEFINITIONAL_REPRESENTATION('',(#7571),#7575);
#7571 = LINE('',#7572,#7573);
#7572 = CARTESIAN_POINT('',(-2.330623344181,3.78750866702));
#7573 = VECTOR('',#7574,1.);
#7574 = DIRECTION('',(1.,-0.));
#7575 = ( GEOMETRIC_REPRESENTATION_CONTEXT(2) 
PARAMETRIC_REPRESENTATION_CONTEXT() REPRESENTATION_CONTEXT('2D SPACE',''
  ) );
#7576 = PCURVE('',#7577,#7582);
#7577 = PLANE('',#7578);
#7578 = AXIS2_PLACEMENT_3D('',#7579,#7580,#7581);
#7579 = CARTESIAN_POINT('',(25.,-4.5,12.6));
#7580 = DIRECTION('',(-0.,-0.,1.));
#7581 = DIRECTION('',(0.,-1.,0.));
#7582 = DEFINITIONAL_REPRESENTATION('',(#7583),#7587);
#7583 = LINE('',#7584,#7585);
#7584 = CARTESIAN_POINT('',(-0.,2.));
#7585 = VECTOR('',#7586,1.);
#7586 = DIRECTION('',(-1.,0.));
#7587 = ( GEOMETRIC_REPRESENTATION_CONTEXT(2) 
PARAMETRIC_REPRESENTATION_CONTEXT() REPRESENTATION_CONTEXT('2D SPACE',''
  ) );
#7588 = ORIENTED_EDGE('',*,*,#7589,.T.);
#7589 = EDGE_CURVE('',#7562,#7590,#7592,.T.);
#7590 = VERTEX_POINT('',#7591);
#7591 = CARTESIAN_POINT('',(27.,2.,11.));
#7592 = SURFACE_CURVE('',#7593,(#7597,#7604),.PCURVE_S1.);
#7593 = LINE('',#7594,#7595);
#7594 = CARTESIAN_POINT('',(27.,2.,12.6));
#7595 = VECTOR('',#7596,1.);
#7596 = DIRECTION('',(0.,0.,-1.));
#7597 = PCURVE('',#1172,#7598);
#7598 = DEFINITIONAL_REPRESENTATION('',(#7599),#7603);
#7599 = LINE('',#7600,#7601);
#7600 = CARTESIAN_POINT('',(4.169376655819,3.78750866702));
#7601 = VECTOR('',#7602,1.);
#7602 = DIRECTION('',(-0.,-1.));
#7603 = ( GEOMETRIC_REPRESENTATION_CONTEXT(2) 
PARAMETRIC_REPRESENTATION_CONTEXT() REPRESENTATION_CONTEXT('2D SPACE',''
  ) );
#7604 = PCURVE('',#7605,#7610);
#7605 = PLANE('',#7606);
#7606 = AXIS2_PLACEMENT_3D('',#7607,#7608,#7609);
#7607 = CARTESIAN_POINT('',(25.,2.,12.6));
#7608 = DIRECTION('',(-0.,1.,-0.));
#7609 = DIRECTION('',(-0.,0.,1.));
#7610 = DEFINITIONAL_REPRESENTATION('',(#7611),#7615);
#7611 = LINE('',#7612,#7613);
#7612 = CARTESIAN_POINT('',(-0.,2.));
#7613 = VECTOR('',#7614,1.);
#7614 = DIRECTION('',(-1.,0.));
#7615 = ( GEOMETRIC_REPRESENTATION_CONTEXT(2) 
PARAMETRIC_REPRESENTATION_CONTEXT() REPRESENTATION_CONTEXT('2D SPACE',''
  ) );
#7616 = ORIENTED_EDGE('',*,*,#7617,.T.);
#7617 = EDGE_CURVE('',#7590,#7618,#7620,.T.);
#7618 = VERTEX_POINT('',#7619);
#7619 = CARTESIAN_POINT('',(27.,-2.5,6.5));
#7620 = SURFACE_CURVE('',#7621,(#7625,#7632),.PCURVE_S1.);
#7621 = LINE('',#7622,#7623);
#7622 = CARTESIAN_POINT('',(27.,2.,11.));
#7623 = VECTOR('',#7624,1.);
#7624 = DIRECTION('',(0.,-0.707106781187,-0.707106781187));
#7625 = PCURVE('',#1172,#7626);
#7626 = DEFINITIONAL_REPRESENTATION('',(#7627),#7631);
#7627 = LINE('',#7628,#7629);
#7628 = CARTESIAN_POINT('',(4.169376655819,2.18750866702));
#7629 = VECTOR('',#7630,1.);
#7630 = DIRECTION('',(-0.707106781187,-0.707106781187));
#7631 = ( GEOMETRIC_REPRESENTATION_CONTEXT(2) 
PARAMETRIC_REPRESENTATION_CONTEXT() REPRESENTATION_CONTEXT('2D SPACE',''
  ) );
#7632 = PCURVE('',#7633,#7638);
#7633 = PLANE('',#7634);
#7634 = AXIS2_PLACEMENT_3D('',#7635,#7636,#7637);
#7635 = CARTESIAN_POINT('',(25.,2.,11.));
#7636 = DIRECTION('',(-0.,0.707106781187,-0.707106781187));
#7637 = DIRECTION('',(-0.,0.707106781187,0.707106781187));
#7638 = DEFINITIONAL_REPRESENTATION('',(#7639),#7643);
#7639 = LINE('',#7640,#7641);
#7640 = CARTESIAN_POINT('',(-0.,2.));
#7641 = VECTOR('',#7642,1.);
#7642 = DIRECTION('',(-1.,0.));
#7643 = ( GEOMETRIC_REPRESENTATION_CONTEXT(2) 
PARAMETRIC_REPRESENTATION_CONTEXT() REPRESENTATION_CONTEXT('2D SPACE',''
  ) );
#7644 = ORIENTED_EDGE('',*,*,#7645,.T.);
#7645 = EDGE_CURVE('',#7618,#1155,#7646,.T.);
#7646 = SURFACE_CURVE('',#7647,(#7651,#7658),.PCURVE_S1.);
#7647 = LINE('',#7648,#7649);
#7648 = CARTESIAN_POINT('',(27.,-2.5,6.5));
#7649 = VECTOR('',#7650,1.);
#7650 = DIRECTION('',(0.,0.,-1.));
#7651 = PCURVE('',#1172,#7652);
#7652 = DEFINITIONAL_REPRESENTATION('',(#7653),#7657);
#7653 = LINE('',#7654,#7655);
#7654 = CARTESIAN_POINT('',(-0.330623344181,-2.31249133298));
#7655 = VECTOR('',#7656,1.);
#7656 = DIRECTION('',(-0.,-1.));
#7657 = ( GEOMETRIC_REPRESENTATION_CONTEXT(2) 
PARAMETRIC_REPRESENTATION_CONTEXT() REPRESENTATION_CONTEXT('2D SPACE',''
  ) );
#7658 = PCURVE('',#1254,#7659);
#7659 = DEFINITIONAL_REPRESENTATION('',(#7660),#7664);
#7660 = LINE('',#7661,#7662);
#7661 = CARTESIAN_POINT('',(-0.,2.));
#7662 = VECTOR('',#7663,1.);
#7663 = DIRECTION('',(-1.,0.));
#7664 = ( GEOMETRIC_REPRESENTATION_CONTEXT(2) 
PARAMETRIC_REPRESENTATION_CONTEXT() REPRESENTATION_CONTEXT('2D SPACE',''
  ) );
#7665 = ORIENTED_EDGE('',*,*,#1154,.T.);
#7666 = ADVANCED_FACE('',(#7667),#1200,.T.);
#7667 = FACE_BOUND('',#7668,.F.);
#7668 = EDGE_LOOP('',(#7669,#7692,#7713,#7714));
#7669 = ORIENTED_EDGE('',*,*,#7670,.T.);
#7670 = EDGE_CURVE('',#1185,#7671,#7673,.T.);
#7671 = VERTEX_POINT('',#7672);
#7672 = CARTESIAN_POINT('',(23.,-4.5,12.6));
#7673 = SURFACE_CURVE('',#7674,(#7678,#7685),.PCURVE_S1.);
#7674 = LINE('',#7675,#7676);
#7675 = CARTESIAN_POINT('',(23.,-4.5,3.5));
#7676 = VECTOR('',#7677,1.);
#7677 = DIRECTION('',(0.,-0.,1.));
#7678 = PCURVE('',#1200,#7679);
#7679 = DEFINITIONAL_REPRESENTATION('',(#7680),#7684);
#7680 = LINE('',#7681,#7682);
#7681 = CARTESIAN_POINT('',(-0.,-2.));
#7682 = VECTOR('',#7683,1.);
#7683 = DIRECTION('',(-1.,0.));
#7684 = ( GEOMETRIC_REPRESENTATION_CONTEXT(2) 
PARAMETRIC_REPRESENTATION_CONTEXT() REPRESENTATION_CONTEXT('2D SPACE',''
  ) );
#7685 = PCURVE('',#1228,#7686);
#7686 = DEFINITIONAL_REPRESENTATION('',(#7687),#7691);
#7687 = LINE('',#7688,#7689);
#7688 = CARTESIAN_POINT('',(-2.330623344181,-5.31249133298));
#7689 = VECTOR('',#7690,1.);
#7690 = DIRECTION('',(-0.,1.));
#7691 = ( GEOMETRIC_REPRESENTATION_CONTEXT(2) 
PARAMETRIC_REPRESENTATION_CONTEXT() REPRESENTATION_CONTEXT('2D SPACE',''
  ) );
#7692 = ORIENTED_EDGE('',*,*,#7693,.T.);
#7693 = EDGE_CURVE('',#7671,#7539,#7694,.T.);
#7694 = SURFACE_CURVE('',#7695,(#7699,#7706),.PCURVE_S1.);
#7695 = LINE('',#7696,#7697);
#7696 = CARTESIAN_POINT('',(23.,-4.5,12.6));
#7697 = VECTOR('',#7698,1.);
#7698 = DIRECTION('',(1.,-0.,-0.));
#7699 = PCURVE('',#1200,#7700);
#7700 = DEFINITIONAL_REPRESENTATION('',(#7701),#7705);
#7701 = LINE('',#7702,#7703);
#7702 = CARTESIAN_POINT('',(-9.1,-2.));
#7703 = VECTOR('',#7704,1.);
#7704 = DIRECTION('',(-0.,1.));
#7705 = ( GEOMETRIC_REPRESENTATION_CONTEXT(2) 
PARAMETRIC_REPRESENTATION_CONTEXT() REPRESENTATION_CONTEXT('2D SPACE',''
  ) );
#7706 = PCURVE('',#7577,#7707);
#7707 = DEFINITIONAL_REPRESENTATION('',(#7708),#7712);
#7708 = LINE('',#7709,#7710);
#7709 = CARTESIAN_POINT('',(-0.,-2.));
#7710 = VECTOR('',#7711,1.);
#7711 = DIRECTION('',(-0.,1.));
#7712 = ( GEOMETRIC_REPRESENTATION_CONTEXT(2) 
PARAMETRIC_REPRESENTATION_CONTEXT() REPRESENTATION_CONTEXT('2D SPACE',''
  ) );
#7713 = ORIENTED_EDGE('',*,*,#7538,.F.);
#7714 = ORIENTED_EDGE('',*,*,#1184,.T.);
#7715 = ADVANCED_FACE('',(#7716),#1228,.F.);
#7716 = FACE_BOUND('',#7717,.T.);
#7717 = EDGE_LOOP('',(#7718,#7719,#7742,#7765,#7788,#7809));
#7718 = ORIENTED_EDGE('',*,*,#7670,.T.);
#7719 = ORIENTED_EDGE('',*,*,#7720,.T.);
#7720 = EDGE_CURVE('',#7671,#7721,#7723,.T.);
#7721 = VERTEX_POINT('',#7722);
#7722 = CARTESIAN_POINT('',(23.,2.,12.6));
#7723 = SURFACE_CURVE('',#7724,(#7728,#7735),.PCURVE_S1.);
#7724 = LINE('',#7725,#7726);
#7725 = CARTESIAN_POINT('',(23.,-4.5,12.6));
#7726 = VECTOR('',#7727,1.);
#7727 = DIRECTION('',(-0.,1.,0.));
#7728 = PCURVE('',#1228,#7729);
#7729 = DEFINITIONAL_REPRESENTATION('',(#7730),#7734);
#7730 = LINE('',#7731,#7732);
#7731 = CARTESIAN_POINT('',(-2.330623344181,3.78750866702));
#7732 = VECTOR('',#7733,1.);
#7733 = DIRECTION('',(1.,-0.));
#7734 = ( GEOMETRIC_REPRESENTATION_CONTEXT(2) 
PARAMETRIC_REPRESENTATION_CONTEXT() REPRESENTATION_CONTEXT('2D SPACE',''
  ) );
#7735 = PCURVE('',#7577,#7736);
#7736 = DEFINITIONAL_REPRESENTATION('',(#7737),#7741);
#7737 = LINE('',#7738,#7739);
#7738 = CARTESIAN_POINT('',(-0.,-2.));
#7739 = VECTOR('',#7740,1.);
#7740 = DIRECTION('',(-1.,0.));
#7741 = ( GEOMETRIC_REPRESENTATION_CONTEXT(2) 
PARAMETRIC_REPRESENTATION_CONTEXT() REPRESENTATION_CONTEXT('2D SPACE',''
  ) );
#7742 = ORIENTED_EDGE('',*,*,#7743,.T.);
#7743 = EDGE_CURVE('',#7721,#7744,#7746,.T.);
#7744 = VERTEX_POINT('',#7745);
#7745 = CARTESIAN_POINT('',(23.,2.,11.));
#7746 = SURFACE_CURVE('',#7747,(#7751,#7758),.PCURVE_S1.);
#7747 = LINE('',#7748,#7749);
#7748 = CARTESIAN_POINT('',(23.,2.,12.6));
#7749 = VECTOR('',#7750,1.);
#7750 = DIRECTION('',(0.,0.,-1.));
#7751 = PCURVE('',#1228,#7752);
#7752 = DEFINITIONAL_REPRESENTATION('',(#7753),#7757);
#7753 = LINE('',#7754,#7755);
#7754 = CARTESIAN_POINT('',(4.169376655819,3.78750866702));
#7755 = VECTOR('',#7756,1.);
#7756 = DIRECTION('',(-0.,-1.));
#7757 = ( GEOMETRIC_REPRESENTATION_CONTEXT(2) 
PARAMETRIC_REPRESENTATION_CONTEXT() REPRESENTATION_CONTEXT('2D SPACE',''
  ) );
#7758 = PCURVE('',#7605,#7759);
#7759 = DEFINITIONAL_REPRESENTATION('',(#7760),#7764);
#7760 = LINE('',#7761,#7762);
#7761 = CARTESIAN_POINT('',(-0.,-2.));
#7762 = VECTOR('',#7763,1.);
#7763 = DIRECTION('',(-1.,0.));
#7764 = ( GEOMETRIC_REPRESENTATION_CONTEXT(2) 
PARAMETRIC_REPRESENTATION_CONTEXT() REPRESENTATION_CONTEXT('2D SPACE',''
  ) );
#7765 = ORIENTED_EDGE('',*,*,#7766,.T.);
#7766 = EDGE_CURVE('',#7744,#7767,#7769,.T.);
#7767 = VERTEX_POINT('',#7768);
#7768 = CARTESIAN_POINT('',(23.,-2.5,6.5));
#7769 = SURFACE_CURVE('',#7770,(#7774,#7781),.PCURVE_S1.);
#7770 = LINE('',#7771,#7772);
#7771 = CARTESIAN_POINT('',(23.,2.,11.));
#7772 = VECTOR('',#7773,1.);
#7773 = DIRECTION('',(0.,-0.707106781187,-0.707106781187));
#7774 = PCURVE('',#1228,#7775);
#7775 = DEFINITIONAL_REPRESENTATION('',(#7776),#7780);
#7776 = LINE('',#7777,#7778);
#7777 = CARTESIAN_POINT('',(4.169376655819,2.18750866702));
#7778 = VECTOR('',#7779,1.);
#7779 = DIRECTION('',(-0.707106781187,-0.707106781187));
#7780 = ( GEOMETRIC_REPRESENTATION_CONTEXT(2) 
PARAMETRIC_REPRESENTATION_CONTEXT() REPRESENTATION_CONTEXT('2D SPACE',''
  ) );
#7781 = PCURVE('',#7633,#7782);
#7782 = DEFINITIONAL_REPRESENTATION('',(#7783),#7787);
#7783 = LINE('',#7784,#7785);
#7784 = CARTESIAN_POINT('',(-0.,-2.));
#7785 = VECTOR('',#7786,1.);
#7786 = DIRECTION('',(-1.,0.));
#7787 = ( GEOMETRIC_REPRESENTATION_CONTEXT(2) 
PARAMETRIC_REPRESENTATION_CONTEXT() REPRESENTATION_CONTEXT('2D SPACE',''
  ) );
#7788 = ORIENTED_EDGE('',*,*,#7789,.T.);
#7789 = EDGE_CURVE('',#7767,#1213,#7790,.T.);
#7790 = SURFACE_CURVE('',#7791,(#7795,#7802),.PCURVE_S1.);
#7791 = LINE('',#7792,#7793);
#7792 = CARTESIAN_POINT('',(23.,-2.5,6.5));
#7793 = VECTOR('',#7794,1.);
#7794 = DIRECTION('',(0.,0.,-1.));
#7795 = PCURVE('',#1228,#7796);
#7796 = DEFINITIONAL_REPRESENTATION('',(#7797),#7801);
#7797 = LINE('',#7798,#7799);
#7798 = CARTESIAN_POINT('',(-0.330623344181,-2.31249133298));
#7799 = VECTOR('',#7800,1.);
#7800 = DIRECTION('',(-0.,-1.));
#7801 = ( GEOMETRIC_REPRESENTATION_CONTEXT(2) 
PARAMETRIC_REPRESENTATION_CONTEXT() REPRESENTATION_CONTEXT('2D SPACE',''
  ) );
#7802 = PCURVE('',#1254,#7803);
#7803 = DEFINITIONAL_REPRESENTATION('',(#7804),#7808);
#7804 = LINE('',#7805,#7806);
#7805 = CARTESIAN_POINT('',(-0.,-2.));
#7806 = VECTOR('',#7807,1.);
#7807 = DIRECTION('',(-1.,0.));
#7808 = ( GEOMETRIC_REPRESENTATION_CONTEXT(2) 
PARAMETRIC_REPRESENTATION_CONTEXT() REPRESENTATION_CONTEXT('2D SPACE',''
  ) );
#7809 = ORIENTED_EDGE('',*,*,#1212,.T.);
#7810 = ADVANCED_FACE('',(#7811),#1254,.T.);
#7811 = FACE_BOUND('',#7812,.F.);
#7812 = EDGE_LOOP('',(#7813,#7814,#7815,#7816));
#7813 = ORIENTED_EDGE('',*,*,#7789,.T.);
#7814 = ORIENTED_EDGE('',*,*,#1240,.F.);
#7815 = ORIENTED_EDGE('',*,*,#7645,.F.);
#7816 = ORIENTED_EDGE('',*,*,#7817,.T.);
#7817 = EDGE_CURVE('',#7618,#7767,#7818,.T.);
#7818 = SURFACE_CURVE('',#7819,(#7823,#7830),.PCURVE_S1.);
#7819 = LINE('',#7820,#7821);
#7820 = CARTESIAN_POINT('',(27.,-2.5,6.5));
#7821 = VECTOR('',#7822,1.);
#7822 = DIRECTION('',(-1.,-0.,0.));
#7823 = PCURVE('',#1254,#7824);
#7824 = DEFINITIONAL_REPRESENTATION('',(#7825),#7829);
#7825 = LINE('',#7826,#7827);
#7826 = CARTESIAN_POINT('',(-0.,2.));
#7827 = VECTOR('',#7828,1.);
#7828 = DIRECTION('',(-0.,-1.));
#7829 = ( GEOMETRIC_REPRESENTATION_CONTEXT(2) 
PARAMETRIC_REPRESENTATION_CONTEXT() REPRESENTATION_CONTEXT('2D SPACE',''
  ) );
#7830 = PCURVE('',#7633,#7831);
#7831 = DEFINITIONAL_REPRESENTATION('',(#7832),#7836);
#7832 = LINE('',#7833,#7834);
#7833 = CARTESIAN_POINT('',(-6.363961030679,2.));
#7834 = VECTOR('',#7835,1.);
#7835 = DIRECTION('',(-0.,-1.));
#7836 = ( GEOMETRIC_REPRESENTATION_CONTEXT(2) 
PARAMETRIC_REPRESENTATION_CONTEXT() REPRESENTATION_CONTEXT('2D SPACE',''
  ) );
#7837 = ADVANCED_FACE('',(#7838),#1286,.F.);
#7838 = FACE_BOUND('',#7839,.F.);
#7839 = EDGE_LOOP('',(#7840,#7870,#7891,#7892,#7915,#7943));
#7840 = ORIENTED_EDGE('',*,*,#7841,.F.);
#7841 = EDGE_CURVE('',#7842,#7844,#7846,.T.);
#7842 = VERTEX_POINT('',#7843);
#7843 = CARTESIAN_POINT('',(-10.7,-15.,18.3));
#7844 = VERTEX_POINT('',#7845);
#7845 = CARTESIAN_POINT('',(-10.7,-2.5,18.3));
#7846 = SURFACE_CURVE('',#7847,(#7851,#7858),.PCURVE_S1.);
#7847 = LINE('',#7848,#7849);
#7848 = CARTESIAN_POINT('',(-10.7,-15.,18.3));
#7849 = VECTOR('',#7850,1.);
#7850 = DIRECTION('',(-0.,1.,0.));
#7851 = PCURVE('',#1286,#7852);
#7852 = DEFINITIONAL_REPRESENTATION('',(#7853),#7857);
#7853 = LINE('',#7854,#7855);
#7854 = CARTESIAN_POINT('',(14.8,0.));
#7855 = VECTOR('',#7856,1.);
#7856 = DIRECTION('',(0.,-1.));
#7857 = ( GEOMETRIC_REPRESENTATION_CONTEXT(2) 
PARAMETRIC_REPRESENTATION_CONTEXT() REPRESENTATION_CONTEXT('2D SPACE',''
  ) );
#7858 = PCURVE('',#7859,#7864);
#7859 = PLANE('',#7860);
#7860 = AXIS2_PLACEMENT_3D('',#7861,#7862,#7863);
#7861 = CARTESIAN_POINT('',(-10.7,-15.,18.3));
#7862 = DIRECTION('',(0.,0.,1.));
#7863 = DIRECTION('',(1.,0.,-0.));
#7864 = DEFINITIONAL_REPRESENTATION('',(#7865),#7869);
#7865 = LINE('',#7866,#7867);
#7866 = CARTESIAN_POINT('',(0.,0.));
#7867 = VECTOR('',#7868,1.);
#7868 = DIRECTION('',(0.,1.));
#7869 = ( GEOMETRIC_REPRESENTATION_CONTEXT(2) 
PARAMETRIC_REPRESENTATION_CONTEXT() REPRESENTATION_CONTEXT('2D SPACE',''
  ) );
#7870 = ORIENTED_EDGE('',*,*,#7871,.F.);
#7871 = EDGE_CURVE('',#1269,#7842,#7872,.T.);
#7872 = SURFACE_CURVE('',#7873,(#7877,#7884),.PCURVE_S1.);
#7873 = LINE('',#7874,#7875);
#7874 = CARTESIAN_POINT('',(-10.7,-15.,3.5));
#7875 = VECTOR('',#7876,1.);
#7876 = DIRECTION('',(0.,0.,1.));
#7877 = PCURVE('',#1286,#7878);
#7878 = DEFINITIONAL_REPRESENTATION('',(#7879),#7883);
#7879 = LINE('',#7880,#7881);
#7880 = CARTESIAN_POINT('',(0.,0.));
#7881 = VECTOR('',#7882,1.);
#7882 = DIRECTION('',(1.,0.));
#7883 = ( GEOMETRIC_REPRESENTATION_CONTEXT(2) 
PARAMETRIC_REPRESENTATION_CONTEXT() REPRESENTATION_CONTEXT('2D SPACE',''
  ) );
#7884 = PCURVE('',#1368,#7885);
#7885 = DEFINITIONAL_REPRESENTATION('',(#7886),#7890);
#7886 = LINE('',#7887,#7888);
#7887 = CARTESIAN_POINT('',(0.,0.));
#7888 = VECTOR('',#7889,1.);
#7889 = DIRECTION('',(1.,0.));
#7890 = ( GEOMETRIC_REPRESENTATION_CONTEXT(2) 
PARAMETRIC_REPRESENTATION_CONTEXT() REPRESENTATION_CONTEXT('2D SPACE',''
  ) );
#7891 = ORIENTED_EDGE('',*,*,#1268,.T.);
#7892 = ORIENTED_EDGE('',*,*,#7893,.T.);
#7893 = EDGE_CURVE('',#1271,#7894,#7896,.T.);
#7894 = VERTEX_POINT('',#7895);
#7895 = CARTESIAN_POINT('',(-10.7,15.,18.3));
#7896 = SURFACE_CURVE('',#7897,(#7901,#7908),.PCURVE_S1.);
#7897 = LINE('',#7898,#7899);
#7898 = CARTESIAN_POINT('',(-10.7,15.,3.5));
#7899 = VECTOR('',#7900,1.);
#7900 = DIRECTION('',(0.,0.,1.));
#7901 = PCURVE('',#1286,#7902);
#7902 = DEFINITIONAL_REPRESENTATION('',(#7903),#7907);
#7903 = LINE('',#7904,#7905);
#7904 = CARTESIAN_POINT('',(0.,-30.));
#7905 = VECTOR('',#7906,1.);
#7906 = DIRECTION('',(1.,0.));
#7907 = ( GEOMETRIC_REPRESENTATION_CONTEXT(2) 
PARAMETRIC_REPRESENTATION_CONTEXT() REPRESENTATION_CONTEXT('2D SPACE',''
  ) );
#7908 = PCURVE('',#1314,#7909);
#7909 = DEFINITIONAL_REPRESENTATION('',(#7910),#7914);
#7910 = LINE('',#7911,#7912);
#7911 = CARTESIAN_POINT('',(0.,0.));
#7912 = VECTOR('',#7913,1.);
#7913 = DIRECTION('',(1.,0.));
#7914 = ( GEOMETRIC_REPRESENTATION_CONTEXT(2) 
PARAMETRIC_REPRESENTATION_CONTEXT() REPRESENTATION_CONTEXT('2D SPACE',''
  ) );
#7915 = ORIENTED_EDGE('',*,*,#7916,.F.);
#7916 = EDGE_CURVE('',#7917,#7894,#7919,.T.);
#7917 = VERTEX_POINT('',#7918);
#7918 = CARTESIAN_POINT('',(-10.7,2.5,18.3));
#7919 = SURFACE_CURVE('',#7920,(#7924,#7931),.PCURVE_S1.);
#7920 = LINE('',#7921,#7922);
#7921 = CARTESIAN_POINT('',(-10.7,-15.,18.3));
#7922 = VECTOR('',#7923,1.);
#7923 = DIRECTION('',(-0.,1.,0.));
#7924 = PCURVE('',#1286,#7925);
#7925 = DEFINITIONAL_REPRESENTATION('',(#7926),#7930);
#7926 = LINE('',#7927,#7928);
#7927 = CARTESIAN_POINT('',(14.8,0.));
#7928 = VECTOR('',#7929,1.);
#7929 = DIRECTION('',(0.,-1.));
#7930 = ( GEOMETRIC_REPRESENTATION_CONTEXT(2) 
PARAMETRIC_REPRESENTATION_CONTEXT() REPRESENTATION_CONTEXT('2D SPACE',''
  ) );
#7931 = PCURVE('',#7932,#7937);
#7932 = PLANE('',#7933);
#7933 = AXIS2_PLACEMENT_3D('',#7934,#7935,#7936);
#7934 = CARTESIAN_POINT('',(-10.7,-15.,18.3));
#7935 = DIRECTION('',(0.,0.,1.));
#7936 = DIRECTION('',(1.,0.,-0.));
#7937 = DEFINITIONAL_REPRESENTATION('',(#7938),#7942);
#7938 = LINE('',#7939,#7940);
#7939 = CARTESIAN_POINT('',(0.,0.));
#7940 = VECTOR('',#7941,1.);
#7941 = DIRECTION('',(0.,1.));
#7942 = ( GEOMETRIC_REPRESENTATION_CONTEXT(2) 
PARAMETRIC_REPRESENTATION_CONTEXT() REPRESENTATION_CONTEXT('2D SPACE',''
  ) );
#7943 = ORIENTED_EDGE('',*,*,#7944,.F.);
#7944 = EDGE_CURVE('',#7844,#7917,#7945,.T.);
#7945 = SURFACE_CURVE('',#7946,(#7951,#7958),.PCURVE_S1.);
#7946 = CIRCLE('',#7947,2.5);
#7947 = AXIS2_PLACEMENT_3D('',#7948,#7949,#7950);
#7948 = CARTESIAN_POINT('',(-10.7,0.,18.3));
#7949 = DIRECTION('',(1.,0.,0.));
#7950 = DIRECTION('',(0.,-1.,0.));
#7951 = PCURVE('',#1286,#7952);
#7952 = DEFINITIONAL_REPRESENTATION('',(#7953),#7957);
#7953 = CIRCLE('',#7954,2.5);
#7954 = AXIS2_PLACEMENT_2D('',#7955,#7956);
#7955 = CARTESIAN_POINT('',(14.8,-15.));
#7956 = DIRECTION('',(0.,1.));
#7957 = ( GEOMETRIC_REPRESENTATION_CONTEXT(2) 
PARAMETRIC_REPRESENTATION_CONTEXT() REPRESENTATION_CONTEXT('2D SPACE',''
  ) );
#7958 = PCURVE('',#7959,#7964);
#7959 = CYLINDRICAL_SURFACE('',#7960,2.5);
#7960 = AXIS2_PLACEMENT_3D('',#7961,#7962,#7963);
#7961 = CARTESIAN_POINT('',(-11.7,0.,18.3));
#7962 = DIRECTION('',(1.,0.,0.));
#7963 = DIRECTION('',(0.,0.,-1.));
#7964 = DEFINITIONAL_REPRESENTATION('',(#7965),#7969);
#7965 = LINE('',#7966,#7967);
#7966 = CARTESIAN_POINT('',(4.712388980385,1.));
#7967 = VECTOR('',#7968,1.);
#7968 = DIRECTION('',(1.,0.));
#7969 = ( GEOMETRIC_REPRESENTATION_CONTEXT(2) 
PARAMETRIC_REPRESENTATION_CONTEXT() REPRESENTATION_CONTEXT('2D SPACE',''
  ) );
#7970 = ADVANCED_FACE('',(#7971),#1314,.T.);
#7971 = FACE_BOUND('',#7972,.T.);
#7972 = EDGE_LOOP('',(#7973,#7974,#7975,#7998));
#7973 = ORIENTED_EDGE('',*,*,#1298,.F.);
#7974 = ORIENTED_EDGE('',*,*,#7893,.T.);
#7975 = ORIENTED_EDGE('',*,*,#7976,.T.);
#7976 = EDGE_CURVE('',#7894,#7977,#7979,.T.);
#7977 = VERTEX_POINT('',#7978);
#7978 = CARTESIAN_POINT('',(-8.7,15.,18.3));
#7979 = SURFACE_CURVE('',#7980,(#7984,#7991),.PCURVE_S1.);
#7980 = LINE('',#7981,#7982);
#7981 = CARTESIAN_POINT('',(-10.7,15.,18.3));
#7982 = VECTOR('',#7983,1.);
#7983 = DIRECTION('',(1.,0.,-0.));
#7984 = PCURVE('',#1314,#7985);
#7985 = DEFINITIONAL_REPRESENTATION('',(#7986),#7990);
#7986 = LINE('',#7987,#7988);
#7987 = CARTESIAN_POINT('',(14.8,0.));
#7988 = VECTOR('',#7989,1.);
#7989 = DIRECTION('',(0.,1.));
#7990 = ( GEOMETRIC_REPRESENTATION_CONTEXT(2) 
PARAMETRIC_REPRESENTATION_CONTEXT() REPRESENTATION_CONTEXT('2D SPACE',''
  ) );
#7991 = PCURVE('',#7932,#7992);
#7992 = DEFINITIONAL_REPRESENTATION('',(#7993),#7997);
#7993 = LINE('',#7994,#7995);
#7994 = CARTESIAN_POINT('',(0.,30.));
#7995 = VECTOR('',#7996,1.);
#7996 = DIRECTION('',(1.,0.));
#7997 = ( GEOMETRIC_REPRESENTATION_CONTEXT(2) 
PARAMETRIC_REPRESENTATION_CONTEXT() REPRESENTATION_CONTEXT('2D SPACE',''
  ) );
#7998 = ORIENTED_EDGE('',*,*,#7999,.F.);
#7999 = EDGE_CURVE('',#1299,#7977,#8000,.T.);
#8000 = SURFACE_CURVE('',#8001,(#8005,#8012),.PCURVE_S1.);
#8001 = LINE('',#8002,#8003);
#8002 = CARTESIAN_POINT('',(-8.7,15.,3.5));
#8003 = VECTOR('',#8004,1.);
#8004 = DIRECTION('',(0.,0.,1.));
#8005 = PCURVE('',#1314,#8006);
#8006 = DEFINITIONAL_REPRESENTATION('',(#8007),#8011);
#8007 = LINE('',#8008,#8009);
#8008 = CARTESIAN_POINT('',(0.,2.));
#8009 = VECTOR('',#8010,1.);
#8010 = DIRECTION('',(1.,0.));
#8011 = ( GEOMETRIC_REPRESENTATION_CONTEXT(2) 
PARAMETRIC_REPRESENTATION_CONTEXT() REPRESENTATION_CONTEXT('2D SPACE',''
  ) );
#8012 = PCURVE('',#1342,#8013);
#8013 = DEFINITIONAL_REPRESENTATION('',(#8014),#8018);
#8014 = LINE('',#8015,#8016);
#8015 = CARTESIAN_POINT('',(0.,-30.));
#8016 = VECTOR('',#8017,1.);
#8017 = DIRECTION('',(1.,0.));
#8018 = ( GEOMETRIC_REPRESENTATION_CONTEXT(2) 
PARAMETRIC_REPRESENTATION_CONTEXT() REPRESENTATION_CONTEXT('2D SPACE',''
  ) );
#8019 = ADVANCED_FACE('',(#8020),#1342,.T.);
#8020 = FACE_BOUND('',#8021,.T.);
#8021 = EDGE_LOOP('',(#8022,#8047,#8068,#8069,#8070,#8093));
#8022 = ORIENTED_EDGE('',*,*,#8023,.F.);
#8023 = EDGE_CURVE('',#8024,#8026,#8028,.T.);
#8024 = VERTEX_POINT('',#8025);
#8025 = CARTESIAN_POINT('',(-8.7,-15.,18.3));
#8026 = VERTEX_POINT('',#8027);
#8027 = CARTESIAN_POINT('',(-8.7,-2.5,18.3));
#8028 = SURFACE_CURVE('',#8029,(#8033,#8040),.PCURVE_S1.);
#8029 = LINE('',#8030,#8031);
#8030 = CARTESIAN_POINT('',(-8.7,-15.,18.3));
#8031 = VECTOR('',#8032,1.);
#8032 = DIRECTION('',(-0.,1.,0.));
#8033 = PCURVE('',#1342,#8034);
#8034 = DEFINITIONAL_REPRESENTATION('',(#8035),#8039);
#8035 = LINE('',#8036,#8037);
#8036 = CARTESIAN_POINT('',(14.8,0.));
#8037 = VECTOR('',#8038,1.);
#8038 = DIRECTION('',(0.,-1.));
#8039 = ( GEOMETRIC_REPRESENTATION_CONTEXT(2) 
PARAMETRIC_REPRESENTATION_CONTEXT() REPRESENTATION_CONTEXT('2D SPACE',''
  ) );
#8040 = PCURVE('',#7859,#8041);
#8041 = DEFINITIONAL_REPRESENTATION('',(#8042),#8046);
#8042 = LINE('',#8043,#8044);
#8043 = CARTESIAN_POINT('',(2.,0.));
#8044 = VECTOR('',#8045,1.);
#8045 = DIRECTION('',(0.,1.));
#8046 = ( GEOMETRIC_REPRESENTATION_CONTEXT(2) 
PARAMETRIC_REPRESENTATION_CONTEXT() REPRESENTATION_CONTEXT('2D SPACE',''
  ) );
#8047 = ORIENTED_EDGE('',*,*,#8048,.F.);
#8048 = EDGE_CURVE('',#1327,#8024,#8049,.T.);
#8049 = SURFACE_CURVE('',#8050,(#8054,#8061),.PCURVE_S1.);
#8050 = LINE('',#8051,#8052);
#8051 = CARTESIAN_POINT('',(-8.7,-15.,3.5));
#8052 = VECTOR('',#8053,1.);
#8053 = DIRECTION('',(0.,0.,1.));
#8054 = PCURVE('',#1342,#8055);
#8055 = DEFINITIONAL_REPRESENTATION('',(#8056),#8060);
#8056 = LINE('',#8057,#8058);
#8057 = CARTESIAN_POINT('',(0.,0.));
#8058 = VECTOR('',#8059,1.);
#8059 = DIRECTION('',(1.,0.));
#8060 = ( GEOMETRIC_REPRESENTATION_CONTEXT(2) 
PARAMETRIC_REPRESENTATION_CONTEXT() REPRESENTATION_CONTEXT('2D SPACE',''
  ) );
#8061 = PCURVE('',#1368,#8062);
#8062 = DEFINITIONAL_REPRESENTATION('',(#8063),#8067);
#8063 = LINE('',#8064,#8065);
#8064 = CARTESIAN_POINT('',(0.,2.));
#8065 = VECTOR('',#8066,1.);
#8066 = DIRECTION('',(1.,0.));
#8067 = ( GEOMETRIC_REPRESENTATION_CONTEXT(2) 
PARAMETRIC_REPRESENTATION_CONTEXT() REPRESENTATION_CONTEXT('2D SPACE',''
  ) );
#8068 = ORIENTED_EDGE('',*,*,#1326,.T.);
#8069 = ORIENTED_EDGE('',*,*,#7999,.T.);
#8070 = ORIENTED_EDGE('',*,*,#8071,.F.);
#8071 = EDGE_CURVE('',#8072,#7977,#8074,.T.);
#8072 = VERTEX_POINT('',#8073);
#8073 = CARTESIAN_POINT('',(-8.7,2.5,18.3));
#8074 = SURFACE_CURVE('',#8075,(#8079,#8086),.PCURVE_S1.);
#8075 = LINE('',#8076,#8077);
#8076 = CARTESIAN_POINT('',(-8.7,-15.,18.3));
#8077 = VECTOR('',#8078,1.);
#8078 = DIRECTION('',(-0.,1.,0.));
#8079 = PCURVE('',#1342,#8080);
#8080 = DEFINITIONAL_REPRESENTATION('',(#8081),#8085);
#8081 = LINE('',#8082,#8083);
#8082 = CARTESIAN_POINT('',(14.8,0.));
#8083 = VECTOR('',#8084,1.);
#8084 = DIRECTION('',(0.,-1.));
#8085 = ( GEOMETRIC_REPRESENTATION_CONTEXT(2) 
PARAMETRIC_REPRESENTATION_CONTEXT() REPRESENTATION_CONTEXT('2D SPACE',''
  ) );
#8086 = PCURVE('',#7932,#8087);
#8087 = DEFINITIONAL_REPRESENTATION('',(#8088),#8092);
#8088 = LINE('',#8089,#8090);
#8089 = CARTESIAN_POINT('',(2.,0.));
#8090 = VECTOR('',#8091,1.);
#8091 = DIRECTION('',(0.,1.));
#8092 = ( GEOMETRIC_REPRESENTATION_CONTEXT(2) 
PARAMETRIC_REPRESENTATION_CONTEXT() REPRESENTATION_CONTEXT('2D SPACE',''
  ) );
#8093 = ORIENTED_EDGE('',*,*,#8094,.T.);
#8094 = EDGE_CURVE('',#8072,#8026,#8095,.T.);
#8095 = SURFACE_CURVE('',#8096,(#8101,#8112),.PCURVE_S1.);
#8096 = CIRCLE('',#8097,2.5);
#8097 = AXIS2_PLACEMENT_3D('',#8098,#8099,#8100);
#8098 = CARTESIAN_POINT('',(-8.7,0.,18.3));
#8099 = DIRECTION('',(-1.,0.,0.));
#8100 = DIRECTION('',(0.,1.,0.));
#8101 = PCURVE('',#1342,#8102);
#8102 = DEFINITIONAL_REPRESENTATION('',(#8103),#8111);
#8103 = ( BOUNDED_CURVE() B_SPLINE_CURVE(2,(#8104,#8105,#8106,#8107,
#8108,#8109,#8110),.UNSPECIFIED.,.T.,.F.) B_SPLINE_CURVE_WITH_KNOTS((1,2
    ,2,2,2,1),(-2.094395102393,0.,2.094395102393,4.188790204786,
6.28318530718,8.377580409573),.UNSPECIFIED.) CURVE() 
GEOMETRIC_REPRESENTATION_ITEM() RATIONAL_B_SPLINE_CURVE((1.,0.5,1.,0.5,
1.,0.5,1.)) REPRESENTATION_ITEM('') );
#8104 = CARTESIAN_POINT('',(14.8,-17.5));
#8105 = CARTESIAN_POINT('',(10.469872981078,-17.5));
#8106 = CARTESIAN_POINT('',(12.634936490539,-13.75));
#8107 = CARTESIAN_POINT('',(14.8,-10.));
#8108 = CARTESIAN_POINT('',(16.965063509461,-13.75));
#8109 = CARTESIAN_POINT('',(19.130127018922,-17.5));
#8110 = CARTESIAN_POINT('',(14.8,-17.5));
#8111 = ( GEOMETRIC_REPRESENTATION_CONTEXT(2) 
PARAMETRIC_REPRESENTATION_CONTEXT() REPRESENTATION_CONTEXT('2D SPACE',''
  ) );
#8112 = PCURVE('',#7959,#8113);
#8113 = DEFINITIONAL_REPRESENTATION('',(#8114),#8118);
#8114 = LINE('',#8115,#8116);
#8115 = CARTESIAN_POINT('',(7.853981633974,3.));
#8116 = VECTOR('',#8117,1.);
#8117 = DIRECTION('',(-1.,-0.));
#8118 = ( GEOMETRIC_REPRESENTATION_CONTEXT(2) 
PARAMETRIC_REPRESENTATION_CONTEXT() REPRESENTATION_CONTEXT('2D SPACE',''
  ) );
#8119 = ADVANCED_FACE('',(#8120),#1368,.F.);
#8120 = FACE_BOUND('',#8121,.F.);
#8121 = EDGE_LOOP('',(#8122,#8123,#8124,#8145));
#8122 = ORIENTED_EDGE('',*,*,#1354,.F.);
#8123 = ORIENTED_EDGE('',*,*,#7871,.T.);
#8124 = ORIENTED_EDGE('',*,*,#8125,.T.);
#8125 = EDGE_CURVE('',#7842,#8024,#8126,.T.);
#8126 = SURFACE_CURVE('',#8127,(#8131,#8138),.PCURVE_S1.);
#8127 = LINE('',#8128,#8129);
#8128 = CARTESIAN_POINT('',(-10.7,-15.,18.3));
#8129 = VECTOR('',#8130,1.);
#8130 = DIRECTION('',(1.,0.,-0.));
#8131 = PCURVE('',#1368,#8132);
#8132 = DEFINITIONAL_REPRESENTATION('',(#8133),#8137);
#8133 = LINE('',#8134,#8135);
#8134 = CARTESIAN_POINT('',(14.8,0.));
#8135 = VECTOR('',#8136,1.);
#8136 = DIRECTION('',(0.,1.));
#8137 = ( GEOMETRIC_REPRESENTATION_CONTEXT(2) 
PARAMETRIC_REPRESENTATION_CONTEXT() REPRESENTATION_CONTEXT('2D SPACE',''
  ) );
#8138 = PCURVE('',#7859,#8139);
#8139 = DEFINITIONAL_REPRESENTATION('',(#8140),#8144);
#8140 = LINE('',#8141,#8142);
#8141 = CARTESIAN_POINT('',(0.,0.));
#8142 = VECTOR('',#8143,1.);
#8143 = DIRECTION('',(1.,0.));
#8144 = ( GEOMETRIC_REPRESENTATION_CONTEXT(2) 
PARAMETRIC_REPRESENTATION_CONTEXT() REPRESENTATION_CONTEXT('2D SPACE',''
  ) );
#8145 = ORIENTED_EDGE('',*,*,#8048,.F.);
#8146 = ADVANCED_FACE('',(#8147),#1399,.F.);
#8147 = FACE_BOUND('',#8148,.F.);
#8148 = EDGE_LOOP('',(#8149,#8150,#8174,#8201));
#8149 = ORIENTED_EDGE('',*,*,#1382,.F.);
#8150 = ORIENTED_EDGE('',*,*,#8151,.F.);
#8151 = EDGE_CURVE('',#8152,#1383,#8154,.T.);
#8152 = VERTEX_POINT('',#8153);
#8153 = CARTESIAN_POINT('',(-24.1,13.6,4.1));
#8154 = SEAM_CURVE('',#8155,(#8160,#8167),.PCURVE_S1.);
#8155 = CIRCLE('',#8156,0.6);
#8156 = AXIS2_PLACEMENT_3D('',#8157,#8158,#8159);
#8157 = CARTESIAN_POINT('',(-23.5,13.6,4.1));
#8158 = DIRECTION('',(-2.449293598295E-16,-1.,0.));
#8159 = DIRECTION('',(1.,-2.449293598295E-16,0.));
#8160 = PCURVE('',#1399,#8161);
#8161 = DEFINITIONAL_REPRESENTATION('',(#8162),#8166);
#8162 = LINE('',#8163,#8164);
#8163 = CARTESIAN_POINT('',(6.28318530718,-0.));
#8164 = VECTOR('',#8165,1.);
#8165 = DIRECTION('',(0.,1.));
#8166 = ( GEOMETRIC_REPRESENTATION_CONTEXT(2) 
PARAMETRIC_REPRESENTATION_CONTEXT() REPRESENTATION_CONTEXT('2D SPACE',''
  ) );
#8167 = PCURVE('',#1399,#8168);
#8168 = DEFINITIONAL_REPRESENTATION('',(#8169),#8173);
#8169 = LINE('',#8170,#8171);
#8170 = CARTESIAN_POINT('',(0.,-0.));
#8171 = VECTOR('',#8172,1.);
#8172 = DIRECTION('',(0.,1.));
#8173 = ( GEOMETRIC_REPRESENTATION_CONTEXT(2) 
PARAMETRIC_REPRESENTATION_CONTEXT() REPRESENTATION_CONTEXT('2D SPACE',''
  ) );
#8174 = ORIENTED_EDGE('',*,*,#8175,.T.);
#8175 = EDGE_CURVE('',#8152,#8152,#8176,.T.);
#8176 = SURFACE_CURVE('',#8177,(#8182,#8189),.PCURVE_S1.);
#8177 = CIRCLE('',#8178,3.85);
#8178 = AXIS2_PLACEMENT_3D('',#8179,#8180,#8181);
#8179 = CARTESIAN_POINT('',(-27.95,13.6,4.1));
#8180 = DIRECTION('',(0.,0.,1.));
#8181 = DIRECTION('',(1.,0.,-0.));
#8182 = PCURVE('',#1399,#8183);
#8183 = DEFINITIONAL_REPRESENTATION('',(#8184),#8188);
#8184 = LINE('',#8185,#8186);
#8185 = CARTESIAN_POINT('',(0.,3.14159265359));
#8186 = VECTOR('',#8187,1.);
#8187 = DIRECTION('',(1.,0.));
#8188 = ( GEOMETRIC_REPRESENTATION_CONTEXT(2) 
PARAMETRIC_REPRESENTATION_CONTEXT() REPRESENTATION_CONTEXT('2D SPACE',''
  ) );
#8189 = PCURVE('',#8190,#8195);
#8190 = CYLINDRICAL_SURFACE('',#8191,3.85);
#8191 = AXIS2_PLACEMENT_3D('',#8192,#8193,#8194);
#8192 = CARTESIAN_POINT('',(-27.95,13.6,3.5));
#8193 = DIRECTION('',(0.,0.,1.));
#8194 = DIRECTION('',(1.,0.,-0.));
#8195 = DEFINITIONAL_REPRESENTATION('',(#8196),#8200);
#8196 = LINE('',#8197,#8198);
#8197 = CARTESIAN_POINT('',(0.,0.6));
#8198 = VECTOR('',#8199,1.);
#8199 = DIRECTION('',(1.,0.));
#8200 = ( GEOMETRIC_REPRESENTATION_CONTEXT(2) 
PARAMETRIC_REPRESENTATION_CONTEXT() REPRESENTATION_CONTEXT('2D SPACE',''
  ) );
#8201 = ORIENTED_EDGE('',*,*,#8151,.T.);
#8202 = ADVANCED_FACE('',(#8203),#1431,.F.);
#8203 = FACE_BOUND('',#8204,.F.);
#8204 = EDGE_LOOP('',(#8205,#8228,#8229,#8252,#8280));
#8205 = ORIENTED_EDGE('',*,*,#8206,.F.);
#8206 = EDGE_CURVE('',#1414,#8207,#8209,.T.);
#8207 = VERTEX_POINT('',#8208);
#8208 = CARTESIAN_POINT('',(-4.,19.15,9.3));
#8209 = SURFACE_CURVE('',#8210,(#8214,#8221),.PCURVE_S1.);
#8210 = LINE('',#8211,#8212);
#8211 = CARTESIAN_POINT('',(-4.,19.15,3.5));
#8212 = VECTOR('',#8213,1.);
#8213 = DIRECTION('',(0.,0.,1.));
#8214 = PCURVE('',#1431,#8215);
#8215 = DEFINITIONAL_REPRESENTATION('',(#8216),#8220);
#8216 = LINE('',#8217,#8218);
#8217 = CARTESIAN_POINT('',(0.,0.));
#8218 = VECTOR('',#8219,1.);
#8219 = DIRECTION('',(1.,0.));
#8220 = ( GEOMETRIC_REPRESENTATION_CONTEXT(2) 
PARAMETRIC_REPRESENTATION_CONTEXT() REPRESENTATION_CONTEXT('2D SPACE',''
  ) );
#8221 = PCURVE('',#1513,#8222);
#8222 = DEFINITIONAL_REPRESENTATION('',(#8223),#8227);
#8223 = LINE('',#8224,#8225);
#8224 = CARTESIAN_POINT('',(0.,0.));
#8225 = VECTOR('',#8226,1.);
#8226 = DIRECTION('',(1.,0.));
#8227 = ( GEOMETRIC_REPRESENTATION_CONTEXT(2) 
PARAMETRIC_REPRESENTATION_CONTEXT() REPRESENTATION_CONTEXT('2D SPACE',''
  ) );
#8228 = ORIENTED_EDGE('',*,*,#1413,.T.);
#8229 = ORIENTED_EDGE('',*,*,#8230,.T.);
#8230 = EDGE_CURVE('',#1416,#8231,#8233,.T.);
#8231 = VERTEX_POINT('',#8232);
#8232 = CARTESIAN_POINT('',(-4.,20.75,11.5));
#8233 = SURFACE_CURVE('',#8234,(#8238,#8245),.PCURVE_S1.);
#8234 = LINE('',#8235,#8236);
#8235 = CARTESIAN_POINT('',(-4.,20.75,3.5));
#8236 = VECTOR('',#8237,1.);
#8237 = DIRECTION('',(0.,0.,1.));
#8238 = PCURVE('',#1431,#8239);
#8239 = DEFINITIONAL_REPRESENTATION('',(#8240),#8244);
#8240 = LINE('',#8241,#8242);
#8241 = CARTESIAN_POINT('',(0.,-1.6));
#8242 = VECTOR('',#8243,1.);
#8243 = DIRECTION('',(1.,0.));
#8244 = ( GEOMETRIC_REPRESENTATION_CONTEXT(2) 
PARAMETRIC_REPRESENTATION_CONTEXT() REPRESENTATION_CONTEXT('2D SPACE',''
  ) );
#8245 = PCURVE('',#1459,#8246);
#8246 = DEFINITIONAL_REPRESENTATION('',(#8247),#8251);
#8247 = LINE('',#8248,#8249);
#8248 = CARTESIAN_POINT('',(0.,0.));
#8249 = VECTOR('',#8250,1.);
#8250 = DIRECTION('',(1.,0.));
#8251 = ( GEOMETRIC_REPRESENTATION_CONTEXT(2) 
PARAMETRIC_REPRESENTATION_CONTEXT() REPRESENTATION_CONTEXT('2D SPACE',''
  ) );
#8252 = ORIENTED_EDGE('',*,*,#8253,.F.);
#8253 = EDGE_CURVE('',#8254,#8231,#8256,.T.);
#8254 = VERTEX_POINT('',#8255);
#8255 = CARTESIAN_POINT('',(-4.,16.95,11.5));
#8256 = SURFACE_CURVE('',#8257,(#8261,#8268),.PCURVE_S1.);
#8257 = LINE('',#8258,#8259);
#8258 = CARTESIAN_POINT('',(-4.,16.95,11.5));
#8259 = VECTOR('',#8260,1.);
#8260 = DIRECTION('',(0.,1.,0.));
#8261 = PCURVE('',#1431,#8262);
#8262 = DEFINITIONAL_REPRESENTATION('',(#8263),#8267);
#8263 = LINE('',#8264,#8265);
#8264 = CARTESIAN_POINT('',(8.,2.2));
#8265 = VECTOR('',#8266,1.);
#8266 = DIRECTION('',(0.,-1.));
#8267 = ( GEOMETRIC_REPRESENTATION_CONTEXT(2) 
PARAMETRIC_REPRESENTATION_CONTEXT() REPRESENTATION_CONTEXT('2D SPACE',''
  ) );
#8268 = PCURVE('',#8269,#8274);
#8269 = PLANE('',#8270);
#8270 = AXIS2_PLACEMENT_3D('',#8271,#8272,#8273);
#8271 = CARTESIAN_POINT('',(-4.,19.15,11.5));
#8272 = DIRECTION('',(0.,0.,1.));
#8273 = DIRECTION('',(1.,0.,-0.));
#8274 = DEFINITIONAL_REPRESENTATION('',(#8275),#8279);
#8275 = LINE('',#8276,#8277);
#8276 = CARTESIAN_POINT('',(0.,-2.2));
#8277 = VECTOR('',#8278,1.);
#8278 = DIRECTION('',(0.,1.));
#8279 = ( GEOMETRIC_REPRESENTATION_CONTEXT(2) 
PARAMETRIC_REPRESENTATION_CONTEXT() REPRESENTATION_CONTEXT('2D SPACE',''
  ) );
#8280 = ORIENTED_EDGE('',*,*,#8281,.T.);
#8281 = EDGE_CURVE('',#8254,#8207,#8282,.T.);
#8282 = SURFACE_CURVE('',#8283,(#8287,#8294),.PCURVE_S1.);
#8283 = LINE('',#8284,#8285);
#8284 = CARTESIAN_POINT('',(-4.,16.95,11.5));
#8285 = VECTOR('',#8286,1.);
#8286 = DIRECTION('',(0.,0.707106781187,-0.707106781187));
#8287 = PCURVE('',#1431,#8288);
#8288 = DEFINITIONAL_REPRESENTATION('',(#8289),#8293);
#8289 = LINE('',#8290,#8291);
#8290 = CARTESIAN_POINT('',(8.,2.2));
#8291 = VECTOR('',#8292,1.);
#8292 = DIRECTION('',(-0.707106781187,-0.707106781187));
#8293 = ( GEOMETRIC_REPRESENTATION_CONTEXT(2) 
PARAMETRIC_REPRESENTATION_CONTEXT() REPRESENTATION_CONTEXT('2D SPACE',''
  ) );
#8294 = PCURVE('',#8295,#8300);
#8295 = PLANE('',#8296);
#8296 = AXIS2_PLACEMENT_3D('',#8297,#8298,#8299);
#8297 = CARTESIAN_POINT('',(0.,16.95,11.5));
#8298 = DIRECTION('',(0.,-0.707106781187,-0.707106781187));
#8299 = DIRECTION('',(0.,0.707106781187,-0.707106781187));
#8300 = DEFINITIONAL_REPRESENTATION('',(#8301),#8305);
#8301 = LINE('',#8302,#8303);
#8302 = CARTESIAN_POINT('',(0.,-4.));
#8303 = VECTOR('',#8304,1.);
#8304 = DIRECTION('',(1.,0.));
#8305 = ( GEOMETRIC_REPRESENTATION_CONTEXT(2) 
PARAMETRIC_REPRESENTATION_CONTEXT() REPRESENTATION_CONTEXT('2D SPACE',''
  ) );
#8306 = ADVANCED_FACE('',(#8307),#1459,.T.);
#8307 = FACE_BOUND('',#8308,.T.);
#8308 = EDGE_LOOP('',(#8309,#8310,#8311,#8334));
#8309 = ORIENTED_EDGE('',*,*,#1443,.F.);
#8310 = ORIENTED_EDGE('',*,*,#8230,.T.);
#8311 = ORIENTED_EDGE('',*,*,#8312,.T.);
#8312 = EDGE_CURVE('',#8231,#8313,#8315,.T.);
#8313 = VERTEX_POINT('',#8314);
#8314 = CARTESIAN_POINT('',(4.,20.75,11.5));
#8315 = SURFACE_CURVE('',#8316,(#8320,#8327),.PCURVE_S1.);
#8316 = LINE('',#8317,#8318);
#8317 = CARTESIAN_POINT('',(-4.,20.75,11.5));
#8318 = VECTOR('',#8319,1.);
#8319 = DIRECTION('',(1.,0.,-0.));
#8320 = PCURVE('',#1459,#8321);
#8321 = DEFINITIONAL_REPRESENTATION('',(#8322),#8326);
#8322 = LINE('',#8323,#8324);
#8323 = CARTESIAN_POINT('',(8.,0.));
#8324 = VECTOR('',#8325,1.);
#8325 = DIRECTION('',(0.,1.));
#8326 = ( GEOMETRIC_REPRESENTATION_CONTEXT(2) 
PARAMETRIC_REPRESENTATION_CONTEXT() REPRESENTATION_CONTEXT('2D SPACE',''
  ) );
#8327 = PCURVE('',#8269,#8328);
#8328 = DEFINITIONAL_REPRESENTATION('',(#8329),#8333);
#8329 = LINE('',#8330,#8331);
#8330 = CARTESIAN_POINT('',(0.,1.6));
#8331 = VECTOR('',#8332,1.);
#8332 = DIRECTION('',(1.,0.));
#8333 = ( GEOMETRIC_REPRESENTATION_CONTEXT(2) 
PARAMETRIC_REPRESENTATION_CONTEXT() REPRESENTATION_CONTEXT('2D SPACE',''
  ) );
#8334 = ORIENTED_EDGE('',*,*,#8335,.F.);
#8335 = EDGE_CURVE('',#1444,#8313,#8336,.T.);
#8336 = SURFACE_CURVE('',#8337,(#8341,#8348),.PCURVE_S1.);
#8337 = LINE('',#8338,#8339);
#8338 = CARTESIAN_POINT('',(4.,20.75,3.5));
#8339 = VECTOR('',#8340,1.);
#8340 = DIRECTION('',(0.,0.,1.));
#8341 = PCURVE('',#1459,#8342);
#8342 = DEFINITIONAL_REPRESENTATION('',(#8343),#8347);
#8343 = LINE('',#8344,#8345);
#8344 = CARTESIAN_POINT('',(0.,8.));
#8345 = VECTOR('',#8346,1.);
#8346 = DIRECTION('',(1.,0.));
#8347 = ( GEOMETRIC_REPRESENTATION_CONTEXT(2) 
PARAMETRIC_REPRESENTATION_CONTEXT() REPRESENTATION_CONTEXT('2D SPACE',''
  ) );
#8348 = PCURVE('',#1487,#8349);
#8349 = DEFINITIONAL_REPRESENTATION('',(#8350),#8354);
#8350 = LINE('',#8351,#8352);
#8351 = CARTESIAN_POINT('',(0.,-1.6));
#8352 = VECTOR('',#8353,1.);
#8353 = DIRECTION('',(1.,0.));
#8354 = ( GEOMETRIC_REPRESENTATION_CONTEXT(2) 
PARAMETRIC_REPRESENTATION_CONTEXT() REPRESENTATION_CONTEXT('2D SPACE',''
  ) );
#8355 = ADVANCED_FACE('',(#8356),#1487,.T.);
#8356 = FACE_BOUND('',#8357,.T.);
#8357 = EDGE_LOOP('',(#8358,#8381,#8382,#8383,#8406));
#8358 = ORIENTED_EDGE('',*,*,#8359,.F.);
#8359 = EDGE_CURVE('',#1472,#8360,#8362,.T.);
#8360 = VERTEX_POINT('',#8361);
#8361 = CARTESIAN_POINT('',(4.,19.15,9.3));
#8362 = SURFACE_CURVE('',#8363,(#8367,#8374),.PCURVE_S1.);
#8363 = LINE('',#8364,#8365);
#8364 = CARTESIAN_POINT('',(4.,19.15,3.5));
#8365 = VECTOR('',#8366,1.);
#8366 = DIRECTION('',(0.,0.,1.));
#8367 = PCURVE('',#1487,#8368);
#8368 = DEFINITIONAL_REPRESENTATION('',(#8369),#8373);
#8369 = LINE('',#8370,#8371);
#8370 = CARTESIAN_POINT('',(0.,0.));
#8371 = VECTOR('',#8372,1.);
#8372 = DIRECTION('',(1.,0.));
#8373 = ( GEOMETRIC_REPRESENTATION_CONTEXT(2) 
PARAMETRIC_REPRESENTATION_CONTEXT() REPRESENTATION_CONTEXT('2D SPACE',''
  ) );
#8374 = PCURVE('',#1513,#8375);
#8375 = DEFINITIONAL_REPRESENTATION('',(#8376),#8380);
#8376 = LINE('',#8377,#8378);
#8377 = CARTESIAN_POINT('',(0.,8.));
#8378 = VECTOR('',#8379,1.);
#8379 = DIRECTION('',(1.,0.));
#8380 = ( GEOMETRIC_REPRESENTATION_CONTEXT(2) 
PARAMETRIC_REPRESENTATION_CONTEXT() REPRESENTATION_CONTEXT('2D SPACE',''
  ) );
#8381 = ORIENTED_EDGE('',*,*,#1471,.T.);
#8382 = ORIENTED_EDGE('',*,*,#8335,.T.);
#8383 = ORIENTED_EDGE('',*,*,#8384,.F.);
#8384 = EDGE_CURVE('',#8385,#8313,#8387,.T.);
#8385 = VERTEX_POINT('',#8386);
#8386 = CARTESIAN_POINT('',(4.,16.95,11.5));
#8387 = SURFACE_CURVE('',#8388,(#8392,#8399),.PCURVE_S1.);
#8388 = LINE('',#8389,#8390);
#8389 = CARTESIAN_POINT('',(4.,16.95,11.5));
#8390 = VECTOR('',#8391,1.);
#8391 = DIRECTION('',(0.,1.,0.));
#8392 = PCURVE('',#1487,#8393);
#8393 = DEFINITIONAL_REPRESENTATION('',(#8394),#8398);
#8394 = LINE('',#8395,#8396);
#8395 = CARTESIAN_POINT('',(8.,2.2));
#8396 = VECTOR('',#8397,1.);
#8397 = DIRECTION('',(0.,-1.));
#8398 = ( GEOMETRIC_REPRESENTATION_CONTEXT(2) 
PARAMETRIC_REPRESENTATION_CONTEXT() REPRESENTATION_CONTEXT('2D SPACE',''
  ) );
#8399 = PCURVE('',#8269,#8400);
#8400 = DEFINITIONAL_REPRESENTATION('',(#8401),#8405);
#8401 = LINE('',#8402,#8403);
#8402 = CARTESIAN_POINT('',(8.,-2.2));
#8403 = VECTOR('',#8404,1.);
#8404 = DIRECTION('',(0.,1.));
#8405 = ( GEOMETRIC_REPRESENTATION_CONTEXT(2) 
PARAMETRIC_REPRESENTATION_CONTEXT() REPRESENTATION_CONTEXT('2D SPACE',''
  ) );
#8406 = ORIENTED_EDGE('',*,*,#8407,.T.);
#8407 = EDGE_CURVE('',#8385,#8360,#8408,.T.);
#8408 = SURFACE_CURVE('',#8409,(#8413,#8420),.PCURVE_S1.);
#8409 = LINE('',#8410,#8411);
#8410 = CARTESIAN_POINT('',(4.,16.95,11.5));
#8411 = VECTOR('',#8412,1.);
#8412 = DIRECTION('',(0.,0.707106781187,-0.707106781187));
#8413 = PCURVE('',#1487,#8414);
#8414 = DEFINITIONAL_REPRESENTATION('',(#8415),#8419);
#8415 = LINE('',#8416,#8417);
#8416 = CARTESIAN_POINT('',(8.,2.2));
#8417 = VECTOR('',#8418,1.);
#8418 = DIRECTION('',(-0.707106781187,-0.707106781187));
#8419 = ( GEOMETRIC_REPRESENTATION_CONTEXT(2) 
PARAMETRIC_REPRESENTATION_CONTEXT() REPRESENTATION_CONTEXT('2D SPACE',''
  ) );
#8420 = PCURVE('',#8295,#8421);
#8421 = DEFINITIONAL_REPRESENTATION('',(#8422),#8426);
#8422 = LINE('',#8423,#8424);
#8423 = CARTESIAN_POINT('',(0.,4.));
#8424 = VECTOR('',#8425,1.);
#8425 = DIRECTION('',(1.,0.));
#8426 = ( GEOMETRIC_REPRESENTATION_CONTEXT(2) 
PARAMETRIC_REPRESENTATION_CONTEXT() REPRESENTATION_CONTEXT('2D SPACE',''
  ) );
#8427 = ADVANCED_FACE('',(#8428),#1513,.F.);
#8428 = FACE_BOUND('',#8429,.F.);
#8429 = EDGE_LOOP('',(#8430,#8431,#8432,#8433));
#8430 = ORIENTED_EDGE('',*,*,#8359,.F.);
#8431 = ORIENTED_EDGE('',*,*,#1499,.F.);
#8432 = ORIENTED_EDGE('',*,*,#8206,.T.);
#8433 = ORIENTED_EDGE('',*,*,#8434,.F.);
#8434 = EDGE_CURVE('',#8360,#8207,#8435,.T.);
#8435 = SURFACE_CURVE('',#8436,(#8440,#8447),.PCURVE_S1.);
#8436 = LINE('',#8437,#8438);
#8437 = CARTESIAN_POINT('',(4.,19.15,9.3));
#8438 = VECTOR('',#8439,1.);
#8439 = DIRECTION('',(-1.,0.,0.));
#8440 = PCURVE('',#1513,#8441);
#8441 = DEFINITIONAL_REPRESENTATION('',(#8442),#8446);
#8442 = LINE('',#8443,#8444);
#8443 = CARTESIAN_POINT('',(5.8,8.));
#8444 = VECTOR('',#8445,1.);
#8445 = DIRECTION('',(0.,-1.));
#8446 = ( GEOMETRIC_REPRESENTATION_CONTEXT(2) 
PARAMETRIC_REPRESENTATION_CONTEXT() REPRESENTATION_CONTEXT('2D SPACE',''
  ) );
#8447 = PCURVE('',#8295,#8448);
#8448 = DEFINITIONAL_REPRESENTATION('',(#8449),#8453);
#8449 = LINE('',#8450,#8451);
#8450 = CARTESIAN_POINT('',(3.111269837221,4.));
#8451 = VECTOR('',#8452,1.);
#8452 = DIRECTION('',(0.,-1.));
#8453 = ( GEOMETRIC_REPRESENTATION_CONTEXT(2) 
PARAMETRIC_REPRESENTATION_CONTEXT() REPRESENTATION_CONTEXT('2D SPACE',''
  ) );
#8454 = ADVANCED_FACE('',(#8455),#1545,.F.);
#8455 = FACE_BOUND('',#8456,.F.);
#8456 = EDGE_LOOP('',(#8457,#8487,#8508,#8509,#8532,#8560));
#8457 = ORIENTED_EDGE('',*,*,#8458,.F.);
#8458 = EDGE_CURVE('',#8459,#8461,#8463,.T.);
#8459 = VERTEX_POINT('',#8460);
#8460 = CARTESIAN_POINT('',(-2.85,-11.5,11.5));
#8461 = VERTEX_POINT('',#8462);
#8462 = CARTESIAN_POINT('',(-2.85,-1.5,11.5));
#8463 = SURFACE_CURVE('',#8464,(#8468,#8475),.PCURVE_S1.);
#8464 = LINE('',#8465,#8466);
#8465 = CARTESIAN_POINT('',(-2.85,-11.5,11.5));
#8466 = VECTOR('',#8467,1.);
#8467 = DIRECTION('',(-0.,1.,0.));
#8468 = PCURVE('',#1545,#8469);
#8469 = DEFINITIONAL_REPRESENTATION('',(#8470),#8474);
#8470 = LINE('',#8471,#8472);
#8471 = CARTESIAN_POINT('',(8.,0.));
#8472 = VECTOR('',#8473,1.);
#8473 = DIRECTION('',(0.,-1.));
#8474 = ( GEOMETRIC_REPRESENTATION_CONTEXT(2) 
PARAMETRIC_REPRESENTATION_CONTEXT() REPRESENTATION_CONTEXT('2D SPACE',''
  ) );
#8475 = PCURVE('',#8476,#8481);
#8476 = PLANE('',#8477);
#8477 = AXIS2_PLACEMENT_3D('',#8478,#8479,#8480);
#8478 = CARTESIAN_POINT('',(-2.85,-11.5,11.5));
#8479 = DIRECTION('',(0.,0.,1.));
#8480 = DIRECTION('',(1.,0.,-0.));
#8481 = DEFINITIONAL_REPRESENTATION('',(#8482),#8486);
#8482 = LINE('',#8483,#8484);
#8483 = CARTESIAN_POINT('',(0.,0.));
#8484 = VECTOR('',#8485,1.);
#8485 = DIRECTION('',(0.,1.));
#8486 = ( GEOMETRIC_REPRESENTATION_CONTEXT(2) 
PARAMETRIC_REPRESENTATION_CONTEXT() REPRESENTATION_CONTEXT('2D SPACE',''
  ) );
#8487 = ORIENTED_EDGE('',*,*,#8488,.F.);
#8488 = EDGE_CURVE('',#1528,#8459,#8489,.T.);
#8489 = SURFACE_CURVE('',#8490,(#8494,#8501),.PCURVE_S1.);
#8490 = LINE('',#8491,#8492);
#8491 = CARTESIAN_POINT('',(-2.85,-11.5,3.5));
#8492 = VECTOR('',#8493,1.);
#8493 = DIRECTION('',(0.,0.,1.));
#8494 = PCURVE('',#1545,#8495);
#8495 = DEFINITIONAL_REPRESENTATION('',(#8496),#8500);
#8496 = LINE('',#8497,#8498);
#8497 = CARTESIAN_POINT('',(0.,0.));
#8498 = VECTOR('',#8499,1.);
#8499 = DIRECTION('',(1.,0.));
#8500 = ( GEOMETRIC_REPRESENTATION_CONTEXT(2) 
PARAMETRIC_REPRESENTATION_CONTEXT() REPRESENTATION_CONTEXT('2D SPACE',''
  ) );
#8501 = PCURVE('',#1627,#8502);
#8502 = DEFINITIONAL_REPRESENTATION('',(#8503),#8507);
#8503 = LINE('',#8504,#8505);
#8504 = CARTESIAN_POINT('',(0.,0.));
#8505 = VECTOR('',#8506,1.);
#8506 = DIRECTION('',(1.,0.));
#8507 = ( GEOMETRIC_REPRESENTATION_CONTEXT(2) 
PARAMETRIC_REPRESENTATION_CONTEXT() REPRESENTATION_CONTEXT('2D SPACE',''
  ) );
#8508 = ORIENTED_EDGE('',*,*,#1527,.T.);
#8509 = ORIENTED_EDGE('',*,*,#8510,.T.);
#8510 = EDGE_CURVE('',#1530,#8511,#8513,.T.);
#8511 = VERTEX_POINT('',#8512);
#8512 = CARTESIAN_POINT('',(-2.85,11.5,11.5));
#8513 = SURFACE_CURVE('',#8514,(#8518,#8525),.PCURVE_S1.);
#8514 = LINE('',#8515,#8516);
#8515 = CARTESIAN_POINT('',(-2.85,11.5,3.5));
#8516 = VECTOR('',#8517,1.);
#8517 = DIRECTION('',(0.,0.,1.));
#8518 = PCURVE('',#1545,#8519);
#8519 = DEFINITIONAL_REPRESENTATION('',(#8520),#8524);
#8520 = LINE('',#8521,#8522);
#8521 = CARTESIAN_POINT('',(0.,-23.));
#8522 = VECTOR('',#8523,1.);
#8523 = DIRECTION('',(1.,0.));
#8524 = ( GEOMETRIC_REPRESENTATION_CONTEXT(2) 
PARAMETRIC_REPRESENTATION_CONTEXT() REPRESENTATION_CONTEXT('2D SPACE',''
  ) );
#8525 = PCURVE('',#1573,#8526);
#8526 = DEFINITIONAL_REPRESENTATION('',(#8527),#8531);
#8527 = LINE('',#8528,#8529);
#8528 = CARTESIAN_POINT('',(0.,0.));
#8529 = VECTOR('',#8530,1.);
#8530 = DIRECTION('',(1.,0.));
#8531 = ( GEOMETRIC_REPRESENTATION_CONTEXT(2) 
PARAMETRIC_REPRESENTATION_CONTEXT() REPRESENTATION_CONTEXT('2D SPACE',''
  ) );
#8532 = ORIENTED_EDGE('',*,*,#8533,.F.);
#8533 = EDGE_CURVE('',#8534,#8511,#8536,.T.);
#8534 = VERTEX_POINT('',#8535);
#8535 = CARTESIAN_POINT('',(-2.85,1.5,11.5));
#8536 = SURFACE_CURVE('',#8537,(#8541,#8548),.PCURVE_S1.);
#8537 = LINE('',#8538,#8539);
#8538 = CARTESIAN_POINT('',(-2.85,-11.5,11.5));
#8539 = VECTOR('',#8540,1.);
#8540 = DIRECTION('',(-0.,1.,0.));
#8541 = PCURVE('',#1545,#8542);
#8542 = DEFINITIONAL_REPRESENTATION('',(#8543),#8547);
#8543 = LINE('',#8544,#8545);
#8544 = CARTESIAN_POINT('',(8.,0.));
#8545 = VECTOR('',#8546,1.);
#8546 = DIRECTION('',(0.,-1.));
#8547 = ( GEOMETRIC_REPRESENTATION_CONTEXT(2) 
PARAMETRIC_REPRESENTATION_CONTEXT() REPRESENTATION_CONTEXT('2D SPACE',''
  ) );
#8548 = PCURVE('',#8549,#8554);
#8549 = PLANE('',#8550);
#8550 = AXIS2_PLACEMENT_3D('',#8551,#8552,#8553);
#8551 = CARTESIAN_POINT('',(-2.85,-11.5,11.5));
#8552 = DIRECTION('',(0.,0.,1.));
#8553 = DIRECTION('',(1.,0.,-0.));
#8554 = DEFINITIONAL_REPRESENTATION('',(#8555),#8559);
#8555 = LINE('',#8556,#8557);
#8556 = CARTESIAN_POINT('',(0.,0.));
#8557 = VECTOR('',#8558,1.);
#8558 = DIRECTION('',(0.,1.));
#8559 = ( GEOMETRIC_REPRESENTATION_CONTEXT(2) 
PARAMETRIC_REPRESENTATION_CONTEXT() REPRESENTATION_CONTEXT('2D SPACE',''
  ) );
#8560 = ORIENTED_EDGE('',*,*,#8561,.F.);
#8561 = EDGE_CURVE('',#8461,#8534,#8562,.T.);
#8562 = SURFACE_CURVE('',#8563,(#8568,#8575),.PCURVE_S1.);
#8563 = CIRCLE('',#8564,1.5);
#8564 = AXIS2_PLACEMENT_3D('',#8565,#8566,#8567);
#8565 = CARTESIAN_POINT('',(-2.85,0.,11.5));
#8566 = DIRECTION('',(1.,0.,0.));
#8567 = DIRECTION('',(0.,-1.,0.));
#8568 = PCURVE('',#1545,#8569);
#8569 = DEFINITIONAL_REPRESENTATION('',(#8570),#8574);
#8570 = CIRCLE('',#8571,1.5);
#8571 = AXIS2_PLACEMENT_2D('',#8572,#8573);
#8572 = CARTESIAN_POINT('',(8.,-11.5));
#8573 = DIRECTION('',(0.,1.));
#8574 = ( GEOMETRIC_REPRESENTATION_CONTEXT(2) 
PARAMETRIC_REPRESENTATION_CONTEXT() REPRESENTATION_CONTEXT('2D SPACE',''
  ) );
#8575 = PCURVE('',#8576,#8581);
#8576 = CYLINDRICAL_SURFACE('',#8577,1.5);
#8577 = AXIS2_PLACEMENT_3D('',#8578,#8579,#8580);
#8578 = CARTESIAN_POINT('',(-3.85,0.,11.5));
#8579 = DIRECTION('',(1.,0.,0.));
#8580 = DIRECTION('',(0.,0.,-1.));
#8581 = DEFINITIONAL_REPRESENTATION('',(#8582),#8586);
#8582 = LINE('',#8583,#8584);
#8583 = CARTESIAN_POINT('',(4.712388980385,1.));
#8584 = VECTOR('',#8585,1.);
#8585 = DIRECTION('',(1.,0.));
#8586 = ( GEOMETRIC_REPRESENTATION_CONTEXT(2) 
PARAMETRIC_REPRESENTATION_CONTEXT() REPRESENTATION_CONTEXT('2D SPACE',''
  ) );
#8587 = ADVANCED_FACE('',(#8588),#1573,.T.);
#8588 = FACE_BOUND('',#8589,.T.);
#8589 = EDGE_LOOP('',(#8590,#8591,#8592,#8615));
#8590 = ORIENTED_EDGE('',*,*,#1557,.F.);
#8591 = ORIENTED_EDGE('',*,*,#8510,.T.);
#8592 = ORIENTED_EDGE('',*,*,#8593,.T.);
#8593 = EDGE_CURVE('',#8511,#8594,#8596,.T.);
#8594 = VERTEX_POINT('',#8595);
#8595 = CARTESIAN_POINT('',(6.15,11.5,11.5));
#8596 = SURFACE_CURVE('',#8597,(#8601,#8608),.PCURVE_S1.);
#8597 = LINE('',#8598,#8599);
#8598 = CARTESIAN_POINT('',(-2.85,11.5,11.5));
#8599 = VECTOR('',#8600,1.);
#8600 = DIRECTION('',(1.,0.,-0.));
#8601 = PCURVE('',#1573,#8602);
#8602 = DEFINITIONAL_REPRESENTATION('',(#8603),#8607);
#8603 = LINE('',#8604,#8605);
#8604 = CARTESIAN_POINT('',(8.,0.));
#8605 = VECTOR('',#8606,1.);
#8606 = DIRECTION('',(0.,1.));
#8607 = ( GEOMETRIC_REPRESENTATION_CONTEXT(2) 
PARAMETRIC_REPRESENTATION_CONTEXT() REPRESENTATION_CONTEXT('2D SPACE',''
  ) );
#8608 = PCURVE('',#8549,#8609);
#8609 = DEFINITIONAL_REPRESENTATION('',(#8610),#8614);
#8610 = LINE('',#8611,#8612);
#8611 = CARTESIAN_POINT('',(0.,23.));
#8612 = VECTOR('',#8613,1.);
#8613 = DIRECTION('',(1.,0.));
#8614 = ( GEOMETRIC_REPRESENTATION_CONTEXT(2) 
PARAMETRIC_REPRESENTATION_CONTEXT() REPRESENTATION_CONTEXT('2D SPACE',''
  ) );
#8615 = ORIENTED_EDGE('',*,*,#8616,.F.);
#8616 = EDGE_CURVE('',#1558,#8594,#8617,.T.);
#8617 = SURFACE_CURVE('',#8618,(#8622,#8629),.PCURVE_S1.);
#8618 = LINE('',#8619,#8620);
#8619 = CARTESIAN_POINT('',(6.15,11.5,3.5));
#8620 = VECTOR('',#8621,1.);
#8621 = DIRECTION('',(0.,0.,1.));
#8622 = PCURVE('',#1573,#8623);
#8623 = DEFINITIONAL_REPRESENTATION('',(#8624),#8628);
#8624 = LINE('',#8625,#8626);
#8625 = CARTESIAN_POINT('',(0.,9.));
#8626 = VECTOR('',#8627,1.);
#8627 = DIRECTION('',(1.,0.));
#8628 = ( GEOMETRIC_REPRESENTATION_CONTEXT(2) 
PARAMETRIC_REPRESENTATION_CONTEXT() REPRESENTATION_CONTEXT('2D SPACE',''
  ) );
#8629 = PCURVE('',#1601,#8630);
#8630 = DEFINITIONAL_REPRESENTATION('',(#8631),#8635);
#8631 = LINE('',#8632,#8633);
#8632 = CARTESIAN_POINT('',(0.,-23.));
#8633 = VECTOR('',#8634,1.);
#8634 = DIRECTION('',(1.,0.));
#8635 = ( GEOMETRIC_REPRESENTATION_CONTEXT(2) 
PARAMETRIC_REPRESENTATION_CONTEXT() REPRESENTATION_CONTEXT('2D SPACE',''
  ) );
#8636 = ADVANCED_FACE('',(#8637),#1601,.T.);
#8637 = FACE_BOUND('',#8638,.T.);
#8638 = EDGE_LOOP('',(#8639,#8664,#8685,#8686,#8687,#8710));
#8639 = ORIENTED_EDGE('',*,*,#8640,.F.);
#8640 = EDGE_CURVE('',#8641,#8643,#8645,.T.);
#8641 = VERTEX_POINT('',#8642);
#8642 = CARTESIAN_POINT('',(6.15,-11.5,11.5));
#8643 = VERTEX_POINT('',#8644);
#8644 = CARTESIAN_POINT('',(6.15,-1.5,11.5));
#8645 = SURFACE_CURVE('',#8646,(#8650,#8657),.PCURVE_S1.);
#8646 = LINE('',#8647,#8648);
#8647 = CARTESIAN_POINT('',(6.15,-11.5,11.5));
#8648 = VECTOR('',#8649,1.);
#8649 = DIRECTION('',(-0.,1.,0.));
#8650 = PCURVE('',#1601,#8651);
#8651 = DEFINITIONAL_REPRESENTATION('',(#8652),#8656);
#8652 = LINE('',#8653,#8654);
#8653 = CARTESIAN_POINT('',(8.,0.));
#8654 = VECTOR('',#8655,1.);
#8655 = DIRECTION('',(0.,-1.));
#8656 = ( GEOMETRIC_REPRESENTATION_CONTEXT(2) 
PARAMETRIC_REPRESENTATION_CONTEXT() REPRESENTATION_CONTEXT('2D SPACE',''
  ) );
#8657 = PCURVE('',#8476,#8658);
#8658 = DEFINITIONAL_REPRESENTATION('',(#8659),#8663);
#8659 = LINE('',#8660,#8661);
#8660 = CARTESIAN_POINT('',(9.,0.));
#8661 = VECTOR('',#8662,1.);
#8662 = DIRECTION('',(0.,1.));
#8663 = ( GEOMETRIC_REPRESENTATION_CONTEXT(2) 
PARAMETRIC_REPRESENTATION_CONTEXT() REPRESENTATION_CONTEXT('2D SPACE',''
  ) );
#8664 = ORIENTED_EDGE('',*,*,#8665,.F.);
#8665 = EDGE_CURVE('',#1586,#8641,#8666,.T.);
#8666 = SURFACE_CURVE('',#8667,(#8671,#8678),.PCURVE_S1.);
#8667 = LINE('',#8668,#8669);
#8668 = CARTESIAN_POINT('',(6.15,-11.5,3.5));
#8669 = VECTOR('',#8670,1.);
#8670 = DIRECTION('',(0.,0.,1.));
#8671 = PCURVE('',#1601,#8672);
#8672 = DEFINITIONAL_REPRESENTATION('',(#8673),#8677);
#8673 = LINE('',#8674,#8675);
#8674 = CARTESIAN_POINT('',(0.,0.));
#8675 = VECTOR('',#8676,1.);
#8676 = DIRECTION('',(1.,0.));
#8677 = ( GEOMETRIC_REPRESENTATION_CONTEXT(2) 
PARAMETRIC_REPRESENTATION_CONTEXT() REPRESENTATION_CONTEXT('2D SPACE',''
  ) );
#8678 = PCURVE('',#1627,#8679);
#8679 = DEFINITIONAL_REPRESENTATION('',(#8680),#8684);
#8680 = LINE('',#8681,#8682);
#8681 = CARTESIAN_POINT('',(0.,9.));
#8682 = VECTOR('',#8683,1.);
#8683 = DIRECTION('',(1.,0.));
#8684 = ( GEOMETRIC_REPRESENTATION_CONTEXT(2) 
PARAMETRIC_REPRESENTATION_CONTEXT() REPRESENTATION_CONTEXT('2D SPACE',''
  ) );
#8685 = ORIENTED_EDGE('',*,*,#1585,.T.);
#8686 = ORIENTED_EDGE('',*,*,#8616,.T.);
#8687 = ORIENTED_EDGE('',*,*,#8688,.F.);
#8688 = EDGE_CURVE('',#8689,#8594,#8691,.T.);
#8689 = VERTEX_POINT('',#8690);
#8690 = CARTESIAN_POINT('',(6.15,1.5,11.5));
#8691 = SURFACE_CURVE('',#8692,(#8696,#8703),.PCURVE_S1.);
#8692 = LINE('',#8693,#8694);
#8693 = CARTESIAN_POINT('',(6.15,-11.5,11.5));
#8694 = VECTOR('',#8695,1.);
#8695 = DIRECTION('',(-0.,1.,0.));
#8696 = PCURVE('',#1601,#8697);
#8697 = DEFINITIONAL_REPRESENTATION('',(#8698),#8702);
#8698 = LINE('',#8699,#8700);
#8699 = CARTESIAN_POINT('',(8.,0.));
#8700 = VECTOR('',#8701,1.);
#8701 = DIRECTION('',(0.,-1.));
#8702 = ( GEOMETRIC_REPRESENTATION_CONTEXT(2) 
PARAMETRIC_REPRESENTATION_CONTEXT() REPRESENTATION_CONTEXT('2D SPACE',''
  ) );
#8703 = PCURVE('',#8549,#8704);
#8704 = DEFINITIONAL_REPRESENTATION('',(#8705),#8709);
#8705 = LINE('',#8706,#8707);
#8706 = CARTESIAN_POINT('',(9.,0.));
#8707 = VECTOR('',#8708,1.);
#8708 = DIRECTION('',(0.,1.));
#8709 = ( GEOMETRIC_REPRESENTATION_CONTEXT(2) 
PARAMETRIC_REPRESENTATION_CONTEXT() REPRESENTATION_CONTEXT('2D SPACE',''
  ) );
#8710 = ORIENTED_EDGE('',*,*,#8711,.F.);
#8711 = EDGE_CURVE('',#8643,#8689,#8712,.T.);
#8712 = SURFACE_CURVE('',#8713,(#8718,#8725),.PCURVE_S1.);
#8713 = CIRCLE('',#8714,1.5);
#8714 = AXIS2_PLACEMENT_3D('',#8715,#8716,#8717);
#8715 = CARTESIAN_POINT('',(6.15,0.,11.5));
#8716 = DIRECTION('',(1.,0.,0.));
#8717 = DIRECTION('',(0.,-1.,0.));
#8718 = PCURVE('',#1601,#8719);
#8719 = DEFINITIONAL_REPRESENTATION('',(#8720),#8724);
#8720 = CIRCLE('',#8721,1.5);
#8721 = AXIS2_PLACEMENT_2D('',#8722,#8723);
#8722 = CARTESIAN_POINT('',(8.,-11.5));
#8723 = DIRECTION('',(0.,1.));
#8724 = ( GEOMETRIC_REPRESENTATION_CONTEXT(2) 
PARAMETRIC_REPRESENTATION_CONTEXT() REPRESENTATION_CONTEXT('2D SPACE',''
  ) );
#8725 = PCURVE('',#8576,#8726);
#8726 = DEFINITIONAL_REPRESENTATION('',(#8727),#8731);
#8727 = LINE('',#8728,#8729);
#8728 = CARTESIAN_POINT('',(4.712388980385,10.));
#8729 = VECTOR('',#8730,1.);
#8730 = DIRECTION('',(1.,0.));
#8731 = ( GEOMETRIC_REPRESENTATION_CONTEXT(2) 
PARAMETRIC_REPRESENTATION_CONTEXT() REPRESENTATION_CONTEXT('2D SPACE',''
  ) );
#8732 = ADVANCED_FACE('',(#8733),#1627,.F.);
#8733 = FACE_BOUND('',#8734,.F.);
#8734 = EDGE_LOOP('',(#8735,#8736,#8737,#8758));
#8735 = ORIENTED_EDGE('',*,*,#1613,.F.);
#8736 = ORIENTED_EDGE('',*,*,#8488,.T.);
#8737 = ORIENTED_EDGE('',*,*,#8738,.T.);
#8738 = EDGE_CURVE('',#8459,#8641,#8739,.T.);
#8739 = SURFACE_CURVE('',#8740,(#8744,#8751),.PCURVE_S1.);
#8740 = LINE('',#8741,#8742);
#8741 = CARTESIAN_POINT('',(-2.85,-11.5,11.5));
#8742 = VECTOR('',#8743,1.);
#8743 = DIRECTION('',(1.,0.,-0.));
#8744 = PCURVE('',#1627,#8745);
#8745 = DEFINITIONAL_REPRESENTATION('',(#8746),#8750);
#8746 = LINE('',#8747,#8748);
#8747 = CARTESIAN_POINT('',(8.,0.));
#8748 = VECTOR('',#8749,1.);
#8749 = DIRECTION('',(0.,1.));
#8750 = ( GEOMETRIC_REPRESENTATION_CONTEXT(2) 
PARAMETRIC_REPRESENTATION_CONTEXT() REPRESENTATION_CONTEXT('2D SPACE',''
  ) );
#8751 = PCURVE('',#8476,#8752);
#8752 = DEFINITIONAL_REPRESENTATION('',(#8753),#8757);
#8753 = LINE('',#8754,#8755);
#8754 = CARTESIAN_POINT('',(0.,0.));
#8755 = VECTOR('',#8756,1.);
#8756 = DIRECTION('',(1.,0.));
#8757 = ( GEOMETRIC_REPRESENTATION_CONTEXT(2) 
PARAMETRIC_REPRESENTATION_CONTEXT() REPRESENTATION_CONTEXT('2D SPACE',''
  ) );
#8758 = ORIENTED_EDGE('',*,*,#8665,.F.);
#8759 = ADVANCED_FACE('',(#8760,#8835),#1659,.F.);
#8760 = FACE_BOUND('',#8761,.F.);
#8761 = EDGE_LOOP('',(#8762,#8785,#8786,#8809));
#8762 = ORIENTED_EDGE('',*,*,#8763,.F.);
#8763 = EDGE_CURVE('',#1642,#8764,#8766,.T.);
#8764 = VERTEX_POINT('',#8765);
#8765 = CARTESIAN_POINT('',(13.,5.75,7.5));
#8766 = SURFACE_CURVE('',#8767,(#8771,#8778),.PCURVE_S1.);
#8767 = LINE('',#8768,#8769);
#8768 = CARTESIAN_POINT('',(13.,5.75,3.5));
#8769 = VECTOR('',#8770,1.);
#8770 = DIRECTION('',(0.,0.,1.));
#8771 = PCURVE('',#1659,#8772);
#8772 = DEFINITIONAL_REPRESENTATION('',(#8773),#8777);
#8773 = LINE('',#8774,#8775);
#8774 = CARTESIAN_POINT('',(0.,0.));
#8775 = VECTOR('',#8776,1.);
#8776 = DIRECTION('',(1.,0.));
#8777 = ( GEOMETRIC_REPRESENTATION_CONTEXT(2) 
PARAMETRIC_REPRESENTATION_CONTEXT() REPRESENTATION_CONTEXT('2D SPACE',''
  ) );
#8778 = PCURVE('',#1741,#8779);
#8779 = DEFINITIONAL_REPRESENTATION('',(#8780),#8784);
#8780 = LINE('',#8781,#8782);
#8781 = CARTESIAN_POINT('',(0.,0.));
#8782 = VECTOR('',#8783,1.);
#8783 = DIRECTION('',(1.,0.));
#8784 = ( GEOMETRIC_REPRESENTATION_CONTEXT(2) 
PARAMETRIC_REPRESENTATION_CONTEXT() REPRESENTATION_CONTEXT('2D SPACE',''
  ) );
#8785 = ORIENTED_EDGE('',*,*,#1641,.T.);
#8786 = ORIENTED_EDGE('',*,*,#8787,.T.);
#8787 = EDGE_CURVE('',#1644,#8788,#8790,.T.);
#8788 = VERTEX_POINT('',#8789);
#8789 = CARTESIAN_POINT('',(13.,8.75,7.5));
#8790 = SURFACE_CURVE('',#8791,(#8795,#8802),.PCURVE_S1.);
#8791 = LINE('',#8792,#8793);
#8792 = CARTESIAN_POINT('',(13.,8.75,3.5));
#8793 = VECTOR('',#8794,1.);
#8794 = DIRECTION('',(0.,0.,1.));
#8795 = PCURVE('',#1659,#8796);
#8796 = DEFINITIONAL_REPRESENTATION('',(#8797),#8801);
#8797 = LINE('',#8798,#8799);
#8798 = CARTESIAN_POINT('',(0.,-3.));
#8799 = VECTOR('',#8800,1.);
#8800 = DIRECTION('',(1.,0.));
#8801 = ( GEOMETRIC_REPRESENTATION_CONTEXT(2) 
PARAMETRIC_REPRESENTATION_CONTEXT() REPRESENTATION_CONTEXT('2D SPACE',''
  ) );
#8802 = PCURVE('',#1687,#8803);
#8803 = DEFINITIONAL_REPRESENTATION('',(#8804),#8808);
#8804 = LINE('',#8805,#8806);
#8805 = CARTESIAN_POINT('',(0.,0.));
#8806 = VECTOR('',#8807,1.);
#8807 = DIRECTION('',(1.,0.));
#8808 = ( GEOMETRIC_REPRESENTATION_CONTEXT(2) 
PARAMETRIC_REPRESENTATION_CONTEXT() REPRESENTATION_CONTEXT('2D SPACE',''
  ) );
#8809 = ORIENTED_EDGE('',*,*,#8810,.F.);
#8810 = EDGE_CURVE('',#8764,#8788,#8811,.T.);
#8811 = SURFACE_CURVE('',#8812,(#8816,#8823),.PCURVE_S1.);
#8812 = LINE('',#8813,#8814);
#8813 = CARTESIAN_POINT('',(13.,5.75,7.5));
#8814 = VECTOR('',#8815,1.);
#8815 = DIRECTION('',(-0.,1.,0.));
#8816 = PCURVE('',#1659,#8817);
#8817 = DEFINITIONAL_REPRESENTATION('',(#8818),#8822);
#8818 = LINE('',#8819,#8820);
#8819 = CARTESIAN_POINT('',(4.,0.));
#8820 = VECTOR('',#8821,1.);
#8821 = DIRECTION('',(0.,-1.));
#8822 = ( GEOMETRIC_REPRESENTATION_CONTEXT(2) 
PARAMETRIC_REPRESENTATION_CONTEXT() REPRESENTATION_CONTEXT('2D SPACE',''
  ) );
#8823 = PCURVE('',#8824,#8829);
#8824 = PLANE('',#8825);
#8825 = AXIS2_PLACEMENT_3D('',#8826,#8827,#8828);
#8826 = CARTESIAN_POINT('',(13.,5.75,7.5));
#8827 = DIRECTION('',(0.,0.,1.));
#8828 = DIRECTION('',(1.,0.,-0.));
#8829 = DEFINITIONAL_REPRESENTATION('',(#8830),#8834);
#8830 = LINE('',#8831,#8832);
#8831 = CARTESIAN_POINT('',(0.,0.));
#8832 = VECTOR('',#8833,1.);
#8833 = DIRECTION('',(0.,1.));
#8834 = ( GEOMETRIC_REPRESENTATION_CONTEXT(2) 
PARAMETRIC_REPRESENTATION_CONTEXT() REPRESENTATION_CONTEXT('2D SPACE',''
  ) );
#8835 = FACE_BOUND('',#8836,.F.);
#8836 = EDGE_LOOP('',(#8837,#8865,#8894));
#8837 = ORIENTED_EDGE('',*,*,#8838,.F.);
#8838 = EDGE_CURVE('',#8839,#8841,#8843,.T.);
#8839 = VERTEX_POINT('',#8840);
#8840 = CARTESIAN_POINT('',(13.,7.45,5.665685424949));
#8841 = VERTEX_POINT('',#8842);
#8842 = CARTESIAN_POINT('',(13.,7.25,5.948528137424));
#8843 = SURFACE_CURVE('',#8844,(#8848,#8854),.PCURVE_S1.);
#8844 = LINE('',#8845,#8846);
#8845 = CARTESIAN_POINT('',(13.,7.877123616633,5.061641413497));
#8846 = VECTOR('',#8847,1.);
#8847 = DIRECTION('',(0.,-0.57735026919,0.816496580928));
#8848 = PCURVE('',#1659,#8849);
#8849 = DEFINITIONAL_REPRESENTATION('',(#8850),#8853);
#8850 = B_SPLINE_CURVE_WITH_KNOTS('',1,(#8851,#8852),.UNSPECIFIED.,.F.,
  .F.,(2,2),(4.697948209307E-02,1.086209966634),
  .PIECEWISE_BEZIER_KNOTS.);
#8851 = CARTESIAN_POINT('',(1.6,-2.1));
#8852 = CARTESIAN_POINT('',(2.448528137424,-1.5));
#8853 = ( GEOMETRIC_REPRESENTATION_CONTEXT(2) 
PARAMETRIC_REPRESENTATION_CONTEXT() REPRESENTATION_CONTEXT('2D SPACE',''
  ) );
#8854 = PCURVE('',#8855,#8860);
#8855 = PLANE('',#8856);
#8856 = AXIS2_PLACEMENT_3D('',#8857,#8858,#8859);
#8857 = CARTESIAN_POINT('',(15.,7.85,5.1));
#8858 = DIRECTION('',(-0.,0.816496580928,0.57735026919));
#8859 = DIRECTION('',(0.,-0.57735026919,0.816496580928));
#8860 = DEFINITIONAL_REPRESENTATION('',(#8861),#8864);
#8861 = B_SPLINE_CURVE_WITH_KNOTS('',1,(#8862,#8863),.UNSPECIFIED.,.F.,
  .F.,(2,2),(4.697948209307E-02,1.086209966634),
  .PIECEWISE_BEZIER_KNOTS.);
#8862 = CARTESIAN_POINT('',(0.,-2.));
#8863 = CARTESIAN_POINT('',(1.039230484541,-2.));
#8864 = ( GEOMETRIC_REPRESENTATION_CONTEXT(2) 
PARAMETRIC_REPRESENTATION_CONTEXT() REPRESENTATION_CONTEXT('2D SPACE',''
  ) );
#8865 = ORIENTED_EDGE('',*,*,#8866,.F.);
#8866 = EDGE_CURVE('',#8867,#8839,#8869,.T.);
#8867 = VERTEX_POINT('',#8868);
#8868 = CARTESIAN_POINT('',(13.,7.05,5.665685424949));
#8869 = SURFACE_CURVE('',#8870,(#8875,#8882),.PCURVE_S1.);
#8870 = CIRCLE('',#8871,0.6);
#8871 = AXIS2_PLACEMENT_3D('',#8872,#8873,#8874);
#8872 = CARTESIAN_POINT('',(13.,7.25,5.1));
#8873 = DIRECTION('',(1.,0.,0.));
#8874 = DIRECTION('',(0.,-0.333333333333,0.942809041582));
#8875 = PCURVE('',#1659,#8876);
#8876 = DEFINITIONAL_REPRESENTATION('',(#8877),#8881);
#8877 = CIRCLE('',#8878,0.6);
#8878 = AXIS2_PLACEMENT_2D('',#8879,#8880);
#8879 = CARTESIAN_POINT('',(1.6,-1.5));
#8880 = DIRECTION('',(0.942809041582,0.333333333333));
#8881 = ( GEOMETRIC_REPRESENTATION_CONTEXT(2) 
PARAMETRIC_REPRESENTATION_CONTEXT() REPRESENTATION_CONTEXT('2D SPACE',''
  ) );
#8882 = PCURVE('',#8883,#8888);
#8883 = CYLINDRICAL_SURFACE('',#8884,0.6);
#8884 = AXIS2_PLACEMENT_3D('',#8885,#8886,#8887);
#8885 = CARTESIAN_POINT('',(12.5,7.25,5.1));
#8886 = DIRECTION('',(1.,0.,0.));
#8887 = DIRECTION('',(0.,0.,-1.));
#8888 = DEFINITIONAL_REPRESENTATION('',(#8889),#8893);
#8889 = LINE('',#8890,#8891);
#8890 = CARTESIAN_POINT('',(3.481429563044,0.5));
#8891 = VECTOR('',#8892,1.);
#8892 = DIRECTION('',(1.,0.));
#8893 = ( GEOMETRIC_REPRESENTATION_CONTEXT(2) 
PARAMETRIC_REPRESENTATION_CONTEXT() REPRESENTATION_CONTEXT('2D SPACE',''
  ) );
#8894 = ORIENTED_EDGE('',*,*,#8895,.F.);
#8895 = EDGE_CURVE('',#8841,#8867,#8896,.T.);
#8896 = SURFACE_CURVE('',#8897,(#8901,#8907),.PCURVE_S1.);
#8897 = LINE('',#8898,#8899);
#8898 = CARTESIAN_POINT('',(13.,6.422876383367,4.778798701023));
#8899 = VECTOR('',#8900,1.);
#8900 = DIRECTION('',(0.,-0.57735026919,-0.816496580928));
#8901 = PCURVE('',#1659,#8902);
#8902 = DEFINITIONAL_REPRESENTATION('',(#8903),#8906);
#8903 = B_SPLINE_CURVE_WITH_KNOTS('',1,(#8904,#8905),.UNSPECIFIED.,.F.,
  .F.,(2,2),(-1.432620128148,-0.393389643607),.PIECEWISE_BEZIER_KNOTS.);
#8904 = CARTESIAN_POINT('',(2.448528137424,-1.5));
#8905 = CARTESIAN_POINT('',(1.6,-0.9));
#8906 = ( GEOMETRIC_REPRESENTATION_CONTEXT(2) 
PARAMETRIC_REPRESENTATION_CONTEXT() REPRESENTATION_CONTEXT('2D SPACE',''
  ) );
#8907 = PCURVE('',#8908,#8913);
#8908 = PLANE('',#8909);
#8909 = AXIS2_PLACEMENT_3D('',#8910,#8911,#8912);
#8910 = CARTESIAN_POINT('',(15.,7.25,5.948528137424));
#8911 = DIRECTION('',(0.,-0.816496580928,0.57735026919));
#8912 = DIRECTION('',(0.,-0.57735026919,-0.816496580928));
#8913 = DEFINITIONAL_REPRESENTATION('',(#8914),#8917);
#8914 = B_SPLINE_CURVE_WITH_KNOTS('',1,(#8915,#8916),.UNSPECIFIED.,.F.,
  .F.,(2,2),(-1.432620128148,-0.393389643607),.PIECEWISE_BEZIER_KNOTS.);
#8915 = CARTESIAN_POINT('',(0.,-2.));
#8916 = CARTESIAN_POINT('',(1.039230484541,-2.));
#8917 = ( GEOMETRIC_REPRESENTATION_CONTEXT(2) 
PARAMETRIC_REPRESENTATION_CONTEXT() REPRESENTATION_CONTEXT('2D SPACE',''
  ) );
#8918 = ADVANCED_FACE('',(#8919),#1687,.T.);
#8919 = FACE_BOUND('',#8920,.T.);
#8920 = EDGE_LOOP('',(#8921,#8922,#8923,#8946));
#8921 = ORIENTED_EDGE('',*,*,#1671,.F.);
#8922 = ORIENTED_EDGE('',*,*,#8787,.T.);
#8923 = ORIENTED_EDGE('',*,*,#8924,.T.);
#8924 = EDGE_CURVE('',#8788,#8925,#8927,.T.);
#8925 = VERTEX_POINT('',#8926);
#8926 = CARTESIAN_POINT('',(17.,8.75,7.5));
#8927 = SURFACE_CURVE('',#8928,(#8932,#8939),.PCURVE_S1.);
#8928 = LINE('',#8929,#8930);
#8929 = CARTESIAN_POINT('',(13.,8.75,7.5));
#8930 = VECTOR('',#8931,1.);
#8931 = DIRECTION('',(1.,0.,-0.));
#8932 = PCURVE('',#1687,#8933);
#8933 = DEFINITIONAL_REPRESENTATION('',(#8934),#8938);
#8934 = LINE('',#8935,#8936);
#8935 = CARTESIAN_POINT('',(4.,0.));
#8936 = VECTOR('',#8937,1.);
#8937 = DIRECTION('',(0.,1.));
#8938 = ( GEOMETRIC_REPRESENTATION_CONTEXT(2) 
PARAMETRIC_REPRESENTATION_CONTEXT() REPRESENTATION_CONTEXT('2D SPACE',''
  ) );
#8939 = PCURVE('',#8824,#8940);
#8940 = DEFINITIONAL_REPRESENTATION('',(#8941),#8945);
#8941 = LINE('',#8942,#8943);
#8942 = CARTESIAN_POINT('',(0.,3.));
#8943 = VECTOR('',#8944,1.);
#8944 = DIRECTION('',(1.,0.));
#8945 = ( GEOMETRIC_REPRESENTATION_CONTEXT(2) 
PARAMETRIC_REPRESENTATION_CONTEXT() REPRESENTATION_CONTEXT('2D SPACE',''
  ) );
#8946 = ORIENTED_EDGE('',*,*,#8947,.F.);
#8947 = EDGE_CURVE('',#1672,#8925,#8948,.T.);
#8948 = SURFACE_CURVE('',#8949,(#8953,#8960),.PCURVE_S1.);
#8949 = LINE('',#8950,#8951);
#8950 = CARTESIAN_POINT('',(17.,8.75,3.5));
#8951 = VECTOR('',#8952,1.);
#8952 = DIRECTION('',(0.,0.,1.));
#8953 = PCURVE('',#1687,#8954);
#8954 = DEFINITIONAL_REPRESENTATION('',(#8955),#8959);
#8955 = LINE('',#8956,#8957);
#8956 = CARTESIAN_POINT('',(0.,4.));
#8957 = VECTOR('',#8958,1.);
#8958 = DIRECTION('',(1.,0.));
#8959 = ( GEOMETRIC_REPRESENTATION_CONTEXT(2) 
PARAMETRIC_REPRESENTATION_CONTEXT() REPRESENTATION_CONTEXT('2D SPACE',''
  ) );
#8960 = PCURVE('',#1715,#8961);
#8961 = DEFINITIONAL_REPRESENTATION('',(#8962),#8966);
#8962 = LINE('',#8963,#8964);
#8963 = CARTESIAN_POINT('',(0.,-3.));
#8964 = VECTOR('',#8965,1.);
#8965 = DIRECTION('',(1.,0.));
#8966 = ( GEOMETRIC_REPRESENTATION_CONTEXT(2) 
PARAMETRIC_REPRESENTATION_CONTEXT() REPRESENTATION_CONTEXT('2D SPACE',''
  ) );
#8967 = ADVANCED_FACE('',(#8968,#9016),#1715,.T.);
#8968 = FACE_BOUND('',#8969,.T.);
#8969 = EDGE_LOOP('',(#8970,#8993,#8994,#8995));
#8970 = ORIENTED_EDGE('',*,*,#8971,.F.);
#8971 = EDGE_CURVE('',#1700,#8972,#8974,.T.);
#8972 = VERTEX_POINT('',#8973);
#8973 = CARTESIAN_POINT('',(17.,5.75,7.5));
#8974 = SURFACE_CURVE('',#8975,(#8979,#8986),.PCURVE_S1.);
#8975 = LINE('',#8976,#8977);
#8976 = CARTESIAN_POINT('',(17.,5.75,3.5));
#8977 = VECTOR('',#8978,1.);
#8978 = DIRECTION('',(0.,0.,1.));
#8979 = PCURVE('',#1715,#8980);
#8980 = DEFINITIONAL_REPRESENTATION('',(#8981),#8985);
#8981 = LINE('',#8982,#8983);
#8982 = CARTESIAN_POINT('',(0.,0.));
#8983 = VECTOR('',#8984,1.);
#8984 = DIRECTION('',(1.,0.));
#8985 = ( GEOMETRIC_REPRESENTATION_CONTEXT(2) 
PARAMETRIC_REPRESENTATION_CONTEXT() REPRESENTATION_CONTEXT('2D SPACE',''
  ) );
#8986 = PCURVE('',#1741,#8987);
#8987 = DEFINITIONAL_REPRESENTATION('',(#8988),#8992);
#8988 = LINE('',#8989,#8990);
#8989 = CARTESIAN_POINT('',(0.,4.));
#8990 = VECTOR('',#8991,1.);
#8991 = DIRECTION('',(1.,0.));
#8992 = ( GEOMETRIC_REPRESENTATION_CONTEXT(2) 
PARAMETRIC_REPRESENTATION_CONTEXT() REPRESENTATION_CONTEXT('2D SPACE',''
  ) );
#8993 = ORIENTED_EDGE('',*,*,#1699,.T.);
#8994 = ORIENTED_EDGE('',*,*,#8947,.T.);
#8995 = ORIENTED_EDGE('',*,*,#8996,.F.);
#8996 = EDGE_CURVE('',#8972,#8925,#8997,.T.);
#8997 = SURFACE_CURVE('',#8998,(#9002,#9009),.PCURVE_S1.);
#8998 = LINE('',#8999,#9000);
#8999 = CARTESIAN_POINT('',(17.,5.75,7.5));
#9000 = VECTOR('',#9001,1.);
#9001 = DIRECTION('',(-0.,1.,0.));
#9002 = PCURVE('',#1715,#9003);
#9003 = DEFINITIONAL_REPRESENTATION('',(#9004),#9008);
#9004 = LINE('',#9005,#9006);
#9005 = CARTESIAN_POINT('',(4.,0.));
#9006 = VECTOR('',#9007,1.);
#9007 = DIRECTION('',(0.,-1.));
#9008 = ( GEOMETRIC_REPRESENTATION_CONTEXT(2) 
PARAMETRIC_REPRESENTATION_CONTEXT() REPRESENTATION_CONTEXT('2D SPACE',''
  ) );
#9009 = PCURVE('',#8824,#9010);
#9010 = DEFINITIONAL_REPRESENTATION('',(#9011),#9015);
#9011 = LINE('',#9012,#9013);
#9012 = CARTESIAN_POINT('',(4.,0.));
#9013 = VECTOR('',#9014,1.);
#9014 = DIRECTION('',(0.,1.));
#9015 = ( GEOMETRIC_REPRESENTATION_CONTEXT(2) 
PARAMETRIC_REPRESENTATION_CONTEXT() REPRESENTATION_CONTEXT('2D SPACE',''
  ) );
#9016 = FACE_BOUND('',#9017,.T.);
#9017 = EDGE_LOOP('',(#9018,#9041,#9065));
#9018 = ORIENTED_EDGE('',*,*,#9019,.F.);
#9019 = EDGE_CURVE('',#9020,#9022,#9024,.T.);
#9020 = VERTEX_POINT('',#9021);
#9021 = CARTESIAN_POINT('',(17.,7.45,5.665685424949));
#9022 = VERTEX_POINT('',#9023);
#9023 = CARTESIAN_POINT('',(17.,7.25,5.948528137424));
#9024 = SURFACE_CURVE('',#9025,(#9029,#9035),.PCURVE_S1.);
#9025 = LINE('',#9026,#9027);
#9026 = CARTESIAN_POINT('',(17.,7.877123616633,5.061641413497));
#9027 = VECTOR('',#9028,1.);
#9028 = DIRECTION('',(0.,-0.57735026919,0.816496580928));
#9029 = PCURVE('',#1715,#9030);
#9030 = DEFINITIONAL_REPRESENTATION('',(#9031),#9034);
#9031 = B_SPLINE_CURVE_WITH_KNOTS('',1,(#9032,#9033),.UNSPECIFIED.,.F.,
  .F.,(2,2),(4.697948209307E-02,1.086209966634),
  .PIECEWISE_BEZIER_KNOTS.);
#9032 = CARTESIAN_POINT('',(1.6,-2.1));
#9033 = CARTESIAN_POINT('',(2.448528137424,-1.5));
#9034 = ( GEOMETRIC_REPRESENTATION_CONTEXT(2) 
PARAMETRIC_REPRESENTATION_CONTEXT() REPRESENTATION_CONTEXT('2D SPACE',''
  ) );
#9035 = PCURVE('',#8855,#9036);
#9036 = DEFINITIONAL_REPRESENTATION('',(#9037),#9040);
#9037 = B_SPLINE_CURVE_WITH_KNOTS('',1,(#9038,#9039),.UNSPECIFIED.,.F.,
  .F.,(2,2),(4.697948209307E-02,1.086209966634),
  .PIECEWISE_BEZIER_KNOTS.);
#9038 = CARTESIAN_POINT('',(0.,2.));
#9039 = CARTESIAN_POINT('',(1.039230484541,2.));
#9040 = ( GEOMETRIC_REPRESENTATION_CONTEXT(2) 
PARAMETRIC_REPRESENTATION_CONTEXT() REPRESENTATION_CONTEXT('2D SPACE',''
  ) );
#9041 = ORIENTED_EDGE('',*,*,#9042,.F.);
#9042 = EDGE_CURVE('',#9043,#9020,#9045,.T.);
#9043 = VERTEX_POINT('',#9044);
#9044 = CARTESIAN_POINT('',(17.,7.05,5.665685424949));
#9045 = SURFACE_CURVE('',#9046,(#9051,#9058),.PCURVE_S1.);
#9046 = CIRCLE('',#9047,0.6);
#9047 = AXIS2_PLACEMENT_3D('',#9048,#9049,#9050);
#9048 = CARTESIAN_POINT('',(17.,7.25,5.1));
#9049 = DIRECTION('',(1.,0.,0.));
#9050 = DIRECTION('',(0.,-0.333333333333,0.942809041582));
#9051 = PCURVE('',#1715,#9052);
#9052 = DEFINITIONAL_REPRESENTATION('',(#9053),#9057);
#9053 = CIRCLE('',#9054,0.6);
#9054 = AXIS2_PLACEMENT_2D('',#9055,#9056);
#9055 = CARTESIAN_POINT('',(1.6,-1.5));
#9056 = DIRECTION('',(0.942809041582,0.333333333333));
#9057 = ( GEOMETRIC_REPRESENTATION_CONTEXT(2) 
PARAMETRIC_REPRESENTATION_CONTEXT() REPRESENTATION_CONTEXT('2D SPACE',''
  ) );
#9058 = PCURVE('',#8883,#9059);
#9059 = DEFINITIONAL_REPRESENTATION('',(#9060),#9064);
#9060 = LINE('',#9061,#9062);
#9061 = CARTESIAN_POINT('',(3.481429563044,4.5));
#9062 = VECTOR('',#9063,1.);
#9063 = DIRECTION('',(1.,0.));
#9064 = ( GEOMETRIC_REPRESENTATION_CONTEXT(2) 
PARAMETRIC_REPRESENTATION_CONTEXT() REPRESENTATION_CONTEXT('2D SPACE',''
  ) );
#9065 = ORIENTED_EDGE('',*,*,#9066,.F.);
#9066 = EDGE_CURVE('',#9022,#9043,#9067,.T.);
#9067 = SURFACE_CURVE('',#9068,(#9072,#9078),.PCURVE_S1.);
#9068 = LINE('',#9069,#9070);
#9069 = CARTESIAN_POINT('',(17.,6.422876383367,4.778798701023));
#9070 = VECTOR('',#9071,1.);
#9071 = DIRECTION('',(0.,-0.57735026919,-0.816496580928));
#9072 = PCURVE('',#1715,#9073);
#9073 = DEFINITIONAL_REPRESENTATION('',(#9074),#9077);
#9074 = B_SPLINE_CURVE_WITH_KNOTS('',1,(#9075,#9076),.UNSPECIFIED.,.F.,
  .F.,(2,2),(-1.432620128148,-0.393389643607),.PIECEWISE_BEZIER_KNOTS.);
#9075 = CARTESIAN_POINT('',(2.448528137424,-1.5));
#9076 = CARTESIAN_POINT('',(1.6,-0.9));
#9077 = ( GEOMETRIC_REPRESENTATION_CONTEXT(2) 
PARAMETRIC_REPRESENTATION_CONTEXT() REPRESENTATION_CONTEXT('2D SPACE',''
  ) );
#9078 = PCURVE('',#8908,#9079);
#9079 = DEFINITIONAL_REPRESENTATION('',(#9080),#9083);
#9080 = B_SPLINE_CURVE_WITH_KNOTS('',1,(#9081,#9082),.UNSPECIFIED.,.F.,
  .F.,(2,2),(-1.432620128148,-0.393389643607),.PIECEWISE_BEZIER_KNOTS.);
#9081 = CARTESIAN_POINT('',(0.,2.));
#9082 = CARTESIAN_POINT('',(1.039230484541,2.));
#9083 = ( GEOMETRIC_REPRESENTATION_CONTEXT(2) 
PARAMETRIC_REPRESENTATION_CONTEXT() REPRESENTATION_CONTEXT('2D SPACE',''
  ) );
#9084 = ADVANCED_FACE('',(#9085),#1741,.F.);
#9085 = FACE_BOUND('',#9086,.F.);
#9086 = EDGE_LOOP('',(#9087,#9088,#9089,#9110));
#9087 = ORIENTED_EDGE('',*,*,#1727,.F.);
#9088 = ORIENTED_EDGE('',*,*,#8763,.T.);
#9089 = ORIENTED_EDGE('',*,*,#9090,.T.);
#9090 = EDGE_CURVE('',#8764,#8972,#9091,.T.);
#9091 = SURFACE_CURVE('',#9092,(#9096,#9103),.PCURVE_S1.);
#9092 = LINE('',#9093,#9094);
#9093 = CARTESIAN_POINT('',(13.,5.75,7.5));
#9094 = VECTOR('',#9095,1.);
#9095 = DIRECTION('',(1.,0.,-0.));
#9096 = PCURVE('',#1741,#9097);
#9097 = DEFINITIONAL_REPRESENTATION('',(#9098),#9102);
#9098 = LINE('',#9099,#9100);
#9099 = CARTESIAN_POINT('',(4.,0.));
#9100 = VECTOR('',#9101,1.);
#9101 = DIRECTION('',(0.,1.));
#9102 = ( GEOMETRIC_REPRESENTATION_CONTEXT(2) 
PARAMETRIC_REPRESENTATION_CONTEXT() REPRESENTATION_CONTEXT('2D SPACE',''
  ) );
#9103 = PCURVE('',#8824,#9104);
#9104 = DEFINITIONAL_REPRESENTATION('',(#9105),#9109);
#9105 = LINE('',#9106,#9107);
#9106 = CARTESIAN_POINT('',(0.,0.));
#9107 = VECTOR('',#9108,1.);
#9108 = DIRECTION('',(1.,0.));
#9109 = ( GEOMETRIC_REPRESENTATION_CONTEXT(2) 
PARAMETRIC_REPRESENTATION_CONTEXT() REPRESENTATION_CONTEXT('2D SPACE',''
  ) );
#9110 = ORIENTED_EDGE('',*,*,#8971,.F.);
#9111 = ADVANCED_FACE('',(#9112),#1773,.T.);
#9112 = FACE_BOUND('',#9113,.T.);
#9113 = EDGE_LOOP('',(#9114,#9137,#9165,#9186));
#9114 = ORIENTED_EDGE('',*,*,#9115,.T.);
#9115 = EDGE_CURVE('',#1758,#9116,#9118,.T.);
#9116 = VERTEX_POINT('',#9117);
#9117 = CARTESIAN_POINT('',(16.,4.5,12.6));
#9118 = SURFACE_CURVE('',#9119,(#9123,#9130),.PCURVE_S1.);
#9119 = LINE('',#9120,#9121);
#9120 = CARTESIAN_POINT('',(16.,4.5,3.5));
#9121 = VECTOR('',#9122,1.);
#9122 = DIRECTION('',(0.,0.,1.));
#9123 = PCURVE('',#1773,#9124);
#9124 = DEFINITIONAL_REPRESENTATION('',(#9125),#9129);
#9125 = LINE('',#9126,#9127);
#9126 = CARTESIAN_POINT('',(0.,-2.));
#9127 = VECTOR('',#9128,1.);
#9128 = DIRECTION('',(1.,0.));
#9129 = ( GEOMETRIC_REPRESENTATION_CONTEXT(2) 
PARAMETRIC_REPRESENTATION_CONTEXT() REPRESENTATION_CONTEXT('2D SPACE',''
  ) );
#9130 = PCURVE('',#1855,#9131);
#9131 = DEFINITIONAL_REPRESENTATION('',(#9132),#9136);
#9132 = LINE('',#9133,#9134);
#9133 = CARTESIAN_POINT('',(2.330623344181,-5.31249133298));
#9134 = VECTOR('',#9135,1.);
#9135 = DIRECTION('',(0.,1.));
#9136 = ( GEOMETRIC_REPRESENTATION_CONTEXT(2) 
PARAMETRIC_REPRESENTATION_CONTEXT() REPRESENTATION_CONTEXT('2D SPACE',''
  ) );
#9137 = ORIENTED_EDGE('',*,*,#9138,.T.);
#9138 = EDGE_CURVE('',#9116,#9139,#9141,.T.);
#9139 = VERTEX_POINT('',#9140);
#9140 = CARTESIAN_POINT('',(20.,4.5,12.6));
#9141 = SURFACE_CURVE('',#9142,(#9146,#9153),.PCURVE_S1.);
#9142 = LINE('',#9143,#9144);
#9143 = CARTESIAN_POINT('',(16.,4.5,12.6));
#9144 = VECTOR('',#9145,1.);
#9145 = DIRECTION('',(1.,0.,0.));
#9146 = PCURVE('',#1773,#9147);
#9147 = DEFINITIONAL_REPRESENTATION('',(#9148),#9152);
#9148 = LINE('',#9149,#9150);
#9149 = CARTESIAN_POINT('',(9.1,-2.));
#9150 = VECTOR('',#9151,1.);
#9151 = DIRECTION('',(0.,1.));
#9152 = ( GEOMETRIC_REPRESENTATION_CONTEXT(2) 
PARAMETRIC_REPRESENTATION_CONTEXT() REPRESENTATION_CONTEXT('2D SPACE',''
  ) );
#9153 = PCURVE('',#9154,#9159);
#9154 = PLANE('',#9155);
#9155 = AXIS2_PLACEMENT_3D('',#9156,#9157,#9158);
#9156 = CARTESIAN_POINT('',(18.,4.5,12.6));
#9157 = DIRECTION('',(-0.,0.,1.));
#9158 = DIRECTION('',(0.,-1.,0.));
#9159 = DEFINITIONAL_REPRESENTATION('',(#9160),#9164);
#9160 = LINE('',#9161,#9162);
#9161 = CARTESIAN_POINT('',(0.,-2.));
#9162 = VECTOR('',#9163,1.);
#9163 = DIRECTION('',(0.,1.));
#9164 = ( GEOMETRIC_REPRESENTATION_CONTEXT(2) 
PARAMETRIC_REPRESENTATION_CONTEXT() REPRESENTATION_CONTEXT('2D SPACE',''
  ) );
#9165 = ORIENTED_EDGE('',*,*,#9166,.F.);
#9166 = EDGE_CURVE('',#1756,#9139,#9167,.T.);
#9167 = SURFACE_CURVE('',#9168,(#9172,#9179),.PCURVE_S1.);
#9168 = LINE('',#9169,#9170);
#9169 = CARTESIAN_POINT('',(20.,4.5,3.5));
#9170 = VECTOR('',#9171,1.);
#9171 = DIRECTION('',(0.,0.,1.));
#9172 = PCURVE('',#1773,#9173);
#9173 = DEFINITIONAL_REPRESENTATION('',(#9174),#9178);
#9174 = LINE('',#9175,#9176);
#9175 = CARTESIAN_POINT('',(0.,2.));
#9176 = VECTOR('',#9177,1.);
#9177 = DIRECTION('',(1.,0.));
#9178 = ( GEOMETRIC_REPRESENTATION_CONTEXT(2) 
PARAMETRIC_REPRESENTATION_CONTEXT() REPRESENTATION_CONTEXT('2D SPACE',''
  ) );
#9179 = PCURVE('',#1801,#9180);
#9180 = DEFINITIONAL_REPRESENTATION('',(#9181),#9185);
#9181 = LINE('',#9182,#9183);
#9182 = CARTESIAN_POINT('',(2.330623344181,-5.31249133298));
#9183 = VECTOR('',#9184,1.);
#9184 = DIRECTION('',(0.,1.));
#9185 = ( GEOMETRIC_REPRESENTATION_CONTEXT(2) 
PARAMETRIC_REPRESENTATION_CONTEXT() REPRESENTATION_CONTEXT('2D SPACE',''
  ) );
#9186 = ORIENTED_EDGE('',*,*,#1755,.T.);
#9187 = ADVANCED_FACE('',(#9188),#1801,.T.);
#9188 = FACE_BOUND('',#9189,.T.);
#9189 = EDGE_LOOP('',(#9190,#9191,#9214,#9242,#9270,#9291));
#9190 = ORIENTED_EDGE('',*,*,#9166,.T.);
#9191 = ORIENTED_EDGE('',*,*,#9192,.T.);
#9192 = EDGE_CURVE('',#9139,#9193,#9195,.T.);
#9193 = VERTEX_POINT('',#9194);
#9194 = CARTESIAN_POINT('',(20.,-2.,12.6));
#9195 = SURFACE_CURVE('',#9196,(#9200,#9207),.PCURVE_S1.);
#9196 = LINE('',#9197,#9198);
#9197 = CARTESIAN_POINT('',(20.,4.5,12.6));
#9198 = VECTOR('',#9199,1.);
#9199 = DIRECTION('',(0.,-1.,0.));
#9200 = PCURVE('',#1801,#9201);
#9201 = DEFINITIONAL_REPRESENTATION('',(#9202),#9206);
#9202 = LINE('',#9203,#9204);
#9203 = CARTESIAN_POINT('',(2.330623344181,3.78750866702));
#9204 = VECTOR('',#9205,1.);
#9205 = DIRECTION('',(-1.,0.));
#9206 = ( GEOMETRIC_REPRESENTATION_CONTEXT(2) 
PARAMETRIC_REPRESENTATION_CONTEXT() REPRESENTATION_CONTEXT('2D SPACE',''
  ) );
#9207 = PCURVE('',#9154,#9208);
#9208 = DEFINITIONAL_REPRESENTATION('',(#9209),#9213);
#9209 = LINE('',#9210,#9211);
#9210 = CARTESIAN_POINT('',(0.,2.));
#9211 = VECTOR('',#9212,1.);
#9212 = DIRECTION('',(1.,0.));
#9213 = ( GEOMETRIC_REPRESENTATION_CONTEXT(2) 
PARAMETRIC_REPRESENTATION_CONTEXT() REPRESENTATION_CONTEXT('2D SPACE',''
  ) );
#9214 = ORIENTED_EDGE('',*,*,#9215,.T.);
#9215 = EDGE_CURVE('',#9193,#9216,#9218,.T.);
#9216 = VERTEX_POINT('',#9217);
#9217 = CARTESIAN_POINT('',(20.,-2.,11.));
#9218 = SURFACE_CURVE('',#9219,(#9223,#9230),.PCURVE_S1.);
#9219 = LINE('',#9220,#9221);
#9220 = CARTESIAN_POINT('',(20.,-2.,12.6));
#9221 = VECTOR('',#9222,1.);
#9222 = DIRECTION('',(0.,0.,-1.));
#9223 = PCURVE('',#1801,#9224);
#9224 = DEFINITIONAL_REPRESENTATION('',(#9225),#9229);
#9225 = LINE('',#9226,#9227);
#9226 = CARTESIAN_POINT('',(-4.169376655819,3.78750866702));
#9227 = VECTOR('',#9228,1.);
#9228 = DIRECTION('',(0.,-1.));
#9229 = ( GEOMETRIC_REPRESENTATION_CONTEXT(2) 
PARAMETRIC_REPRESENTATION_CONTEXT() REPRESENTATION_CONTEXT('2D SPACE',''
  ) );
#9230 = PCURVE('',#9231,#9236);
#9231 = PLANE('',#9232);
#9232 = AXIS2_PLACEMENT_3D('',#9233,#9234,#9235);
#9233 = CARTESIAN_POINT('',(18.,-2.,12.6));
#9234 = DIRECTION('',(0.,-1.,0.));
#9235 = DIRECTION('',(0.,0.,-1.));
#9236 = DEFINITIONAL_REPRESENTATION('',(#9237),#9241);
#9237 = LINE('',#9238,#9239);
#9238 = CARTESIAN_POINT('',(0.,2.));
#9239 = VECTOR('',#9240,1.);
#9240 = DIRECTION('',(1.,0.));
#9241 = ( GEOMETRIC_REPRESENTATION_CONTEXT(2) 
PARAMETRIC_REPRESENTATION_CONTEXT() REPRESENTATION_CONTEXT('2D SPACE',''
  ) );
#9242 = ORIENTED_EDGE('',*,*,#9243,.T.);
#9243 = EDGE_CURVE('',#9216,#9244,#9246,.T.);
#9244 = VERTEX_POINT('',#9245);
#9245 = CARTESIAN_POINT('',(20.,2.5,6.5));
#9246 = SURFACE_CURVE('',#9247,(#9251,#9258),.PCURVE_S1.);
#9247 = LINE('',#9248,#9249);
#9248 = CARTESIAN_POINT('',(20.,-2.,11.));
#9249 = VECTOR('',#9250,1.);
#9250 = DIRECTION('',(0.,0.707106781187,-0.707106781187));
#9251 = PCURVE('',#1801,#9252);
#9252 = DEFINITIONAL_REPRESENTATION('',(#9253),#9257);
#9253 = LINE('',#9254,#9255);
#9254 = CARTESIAN_POINT('',(-4.169376655819,2.18750866702));
#9255 = VECTOR('',#9256,1.);
#9256 = DIRECTION('',(0.707106781187,-0.707106781187));
#9257 = ( GEOMETRIC_REPRESENTATION_CONTEXT(2) 
PARAMETRIC_REPRESENTATION_CONTEXT() REPRESENTATION_CONTEXT('2D SPACE',''
  ) );
#9258 = PCURVE('',#9259,#9264);
#9259 = PLANE('',#9260);
#9260 = AXIS2_PLACEMENT_3D('',#9261,#9262,#9263);
#9261 = CARTESIAN_POINT('',(18.,-2.,11.));
#9262 = DIRECTION('',(0.,-0.707106781187,-0.707106781187));
#9263 = DIRECTION('',(0.,0.707106781187,-0.707106781187));
#9264 = DEFINITIONAL_REPRESENTATION('',(#9265),#9269);
#9265 = LINE('',#9266,#9267);
#9266 = CARTESIAN_POINT('',(0.,2.));
#9267 = VECTOR('',#9268,1.);
#9268 = DIRECTION('',(1.,0.));
#9269 = ( GEOMETRIC_REPRESENTATION_CONTEXT(2) 
PARAMETRIC_REPRESENTATION_CONTEXT() REPRESENTATION_CONTEXT('2D SPACE',''
  ) );
#9270 = ORIENTED_EDGE('',*,*,#9271,.T.);
#9271 = EDGE_CURVE('',#9244,#1786,#9272,.T.);
#9272 = SURFACE_CURVE('',#9273,(#9277,#9284),.PCURVE_S1.);
#9273 = LINE('',#9274,#9275);
#9274 = CARTESIAN_POINT('',(20.,2.5,6.5));
#9275 = VECTOR('',#9276,1.);
#9276 = DIRECTION('',(0.,0.,-1.));
#9277 = PCURVE('',#1801,#9278);
#9278 = DEFINITIONAL_REPRESENTATION('',(#9279),#9283);
#9279 = LINE('',#9280,#9281);
#9280 = CARTESIAN_POINT('',(0.330623344181,-2.31249133298));
#9281 = VECTOR('',#9282,1.);
#9282 = DIRECTION('',(0.,-1.));
#9283 = ( GEOMETRIC_REPRESENTATION_CONTEXT(2) 
PARAMETRIC_REPRESENTATION_CONTEXT() REPRESENTATION_CONTEXT('2D SPACE',''
  ) );
#9284 = PCURVE('',#1829,#9285);
#9285 = DEFINITIONAL_REPRESENTATION('',(#9286),#9290);
#9286 = LINE('',#9287,#9288);
#9287 = CARTESIAN_POINT('',(0.,2.));
#9288 = VECTOR('',#9289,1.);
#9289 = DIRECTION('',(1.,0.));
#9290 = ( GEOMETRIC_REPRESENTATION_CONTEXT(2) 
PARAMETRIC_REPRESENTATION_CONTEXT() REPRESENTATION_CONTEXT('2D SPACE',''
  ) );
#9291 = ORIENTED_EDGE('',*,*,#1785,.T.);
#9292 = ADVANCED_FACE('',(#9293),#1829,.T.);
#9293 = FACE_BOUND('',#9294,.T.);
#9294 = EDGE_LOOP('',(#9295,#9318,#9319,#9320));
#9295 = ORIENTED_EDGE('',*,*,#9296,.T.);
#9296 = EDGE_CURVE('',#9297,#1814,#9299,.T.);
#9297 = VERTEX_POINT('',#9298);
#9298 = CARTESIAN_POINT('',(16.,2.5,6.5));
#9299 = SURFACE_CURVE('',#9300,(#9304,#9311),.PCURVE_S1.);
#9300 = LINE('',#9301,#9302);
#9301 = CARTESIAN_POINT('',(16.,2.5,6.5));
#9302 = VECTOR('',#9303,1.);
#9303 = DIRECTION('',(0.,0.,-1.));
#9304 = PCURVE('',#1829,#9305);
#9305 = DEFINITIONAL_REPRESENTATION('',(#9306),#9310);
#9306 = LINE('',#9307,#9308);
#9307 = CARTESIAN_POINT('',(0.,-2.));
#9308 = VECTOR('',#9309,1.);
#9309 = DIRECTION('',(1.,0.));
#9310 = ( GEOMETRIC_REPRESENTATION_CONTEXT(2) 
PARAMETRIC_REPRESENTATION_CONTEXT() REPRESENTATION_CONTEXT('2D SPACE',''
  ) );
#9311 = PCURVE('',#1855,#9312);
#9312 = DEFINITIONAL_REPRESENTATION('',(#9313),#9317);
#9313 = LINE('',#9314,#9315);
#9314 = CARTESIAN_POINT('',(0.330623344181,-2.31249133298));
#9315 = VECTOR('',#9316,1.);
#9316 = DIRECTION('',(0.,-1.));
#9317 = ( GEOMETRIC_REPRESENTATION_CONTEXT(2) 
PARAMETRIC_REPRESENTATION_CONTEXT() REPRESENTATION_CONTEXT('2D SPACE',''
  ) );
#9318 = ORIENTED_EDGE('',*,*,#1813,.F.);
#9319 = ORIENTED_EDGE('',*,*,#9271,.F.);
#9320 = ORIENTED_EDGE('',*,*,#9321,.T.);
#9321 = EDGE_CURVE('',#9244,#9297,#9322,.T.);
#9322 = SURFACE_CURVE('',#9323,(#9327,#9334),.PCURVE_S1.);
#9323 = LINE('',#9324,#9325);
#9324 = CARTESIAN_POINT('',(20.,2.5,6.5));
#9325 = VECTOR('',#9326,1.);
#9326 = DIRECTION('',(-1.,0.,0.));
#9327 = PCURVE('',#1829,#9328);
#9328 = DEFINITIONAL_REPRESENTATION('',(#9329),#9333);
#9329 = LINE('',#9330,#9331);
#9330 = CARTESIAN_POINT('',(0.,2.));
#9331 = VECTOR('',#9332,1.);
#9332 = DIRECTION('',(0.,-1.));
#9333 = ( GEOMETRIC_REPRESENTATION_CONTEXT(2) 
PARAMETRIC_REPRESENTATION_CONTEXT() REPRESENTATION_CONTEXT('2D SPACE',''
  ) );
#9334 = PCURVE('',#9259,#9335);
#9335 = DEFINITIONAL_REPRESENTATION('',(#9336),#9340);
#9336 = LINE('',#9337,#9338);
#9337 = CARTESIAN_POINT('',(6.363961030679,2.));
#9338 = VECTOR('',#9339,1.);
#9339 = DIRECTION('',(0.,-1.));
#9340 = ( GEOMETRIC_REPRESENTATION_CONTEXT(2) 
PARAMETRIC_REPRESENTATION_CONTEXT() REPRESENTATION_CONTEXT('2D SPACE',''
  ) );
#9341 = ADVANCED_FACE('',(#9342),#1855,.F.);
#9342 = FACE_BOUND('',#9343,.F.);
#9343 = EDGE_LOOP('',(#9344,#9345,#9368,#9391,#9412,#9413));
#9344 = ORIENTED_EDGE('',*,*,#9115,.T.);
#9345 = ORIENTED_EDGE('',*,*,#9346,.T.);
#9346 = EDGE_CURVE('',#9116,#9347,#9349,.T.);
#9347 = VERTEX_POINT('',#9348);
#9348 = CARTESIAN_POINT('',(16.,-2.,12.6));
#9349 = SURFACE_CURVE('',#9350,(#9354,#9361),.PCURVE_S1.);
#9350 = LINE('',#9351,#9352);
#9351 = CARTESIAN_POINT('',(16.,4.5,12.6));
#9352 = VECTOR('',#9353,1.);
#9353 = DIRECTION('',(0.,-1.,0.));
#9354 = PCURVE('',#1855,#9355);
#9355 = DEFINITIONAL_REPRESENTATION('',(#9356),#9360);
#9356 = LINE('',#9357,#9358);
#9357 = CARTESIAN_POINT('',(2.330623344181,3.78750866702));
#9358 = VECTOR('',#9359,1.);
#9359 = DIRECTION('',(-1.,0.));
#9360 = ( GEOMETRIC_REPRESENTATION_CONTEXT(2) 
PARAMETRIC_REPRESENTATION_CONTEXT() REPRESENTATION_CONTEXT('2D SPACE',''
  ) );
#9361 = PCURVE('',#9154,#9362);
#9362 = DEFINITIONAL_REPRESENTATION('',(#9363),#9367);
#9363 = LINE('',#9364,#9365);
#9364 = CARTESIAN_POINT('',(0.,-2.));
#9365 = VECTOR('',#9366,1.);
#9366 = DIRECTION('',(1.,0.));
#9367 = ( GEOMETRIC_REPRESENTATION_CONTEXT(2) 
PARAMETRIC_REPRESENTATION_CONTEXT() REPRESENTATION_CONTEXT('2D SPACE',''
  ) );
#9368 = ORIENTED_EDGE('',*,*,#9369,.T.);
#9369 = EDGE_CURVE('',#9347,#9370,#9372,.T.);
#9370 = VERTEX_POINT('',#9371);
#9371 = CARTESIAN_POINT('',(16.,-2.,11.));
#9372 = SURFACE_CURVE('',#9373,(#9377,#9384),.PCURVE_S1.);
#9373 = LINE('',#9374,#9375);
#9374 = CARTESIAN_POINT('',(16.,-2.,12.6));
#9375 = VECTOR('',#9376,1.);
#9376 = DIRECTION('',(0.,0.,-1.));
#9377 = PCURVE('',#1855,#9378);
#9378 = DEFINITIONAL_REPRESENTATION('',(#9379),#9383);
#9379 = LINE('',#9380,#9381);
#9380 = CARTESIAN_POINT('',(-4.169376655819,3.78750866702));
#9381 = VECTOR('',#9382,1.);
#9382 = DIRECTION('',(0.,-1.));
#9383 = ( GEOMETRIC_REPRESENTATION_CONTEXT(2) 
PARAMETRIC_REPRESENTATION_CONTEXT() REPRESENTATION_CONTEXT('2D SPACE',''
  ) );
#9384 = PCURVE('',#9231,#9385);
#9385 = DEFINITIONAL_REPRESENTATION('',(#9386),#9390);
#9386 = LINE('',#9387,#9388);
#9387 = CARTESIAN_POINT('',(0.,-2.));
#9388 = VECTOR('',#9389,1.);
#9389 = DIRECTION('',(1.,0.));
#9390 = ( GEOMETRIC_REPRESENTATION_CONTEXT(2) 
PARAMETRIC_REPRESENTATION_CONTEXT() REPRESENTATION_CONTEXT('2D SPACE',''
  ) );
#9391 = ORIENTED_EDGE('',*,*,#9392,.T.);
#9392 = EDGE_CURVE('',#9370,#9297,#9393,.T.);
#9393 = SURFACE_CURVE('',#9394,(#9398,#9405),.PCURVE_S1.);
#9394 = LINE('',#9395,#9396);
#9395 = CARTESIAN_POINT('',(16.,-2.,11.));
#9396 = VECTOR('',#9397,1.);
#9397 = DIRECTION('',(0.,0.707106781187,-0.707106781187));
#9398 = PCURVE('',#1855,#9399);
#9399 = DEFINITIONAL_REPRESENTATION('',(#9400),#9404);
#9400 = LINE('',#9401,#9402);
#9401 = CARTESIAN_POINT('',(-4.169376655819,2.18750866702));
#9402 = VECTOR('',#9403,1.);
#9403 = DIRECTION('',(0.707106781187,-0.707106781187));
#9404 = ( GEOMETRIC_REPRESENTATION_CONTEXT(2) 
PARAMETRIC_REPRESENTATION_CONTEXT() REPRESENTATION_CONTEXT('2D SPACE',''
  ) );
#9405 = PCURVE('',#9259,#9406);
#9406 = DEFINITIONAL_REPRESENTATION('',(#9407),#9411);
#9407 = LINE('',#9408,#9409);
#9408 = CARTESIAN_POINT('',(0.,-2.));
#9409 = VECTOR('',#9410,1.);
#9410 = DIRECTION('',(1.,0.));
#9411 = ( GEOMETRIC_REPRESENTATION_CONTEXT(2) 
PARAMETRIC_REPRESENTATION_CONTEXT() REPRESENTATION_CONTEXT('2D SPACE',''
  ) );
#9412 = ORIENTED_EDGE('',*,*,#9296,.T.);
#9413 = ORIENTED_EDGE('',*,*,#1841,.T.);
#9414 = ADVANCED_FACE('',(#9415,#9490),#1887,.F.);
#9415 = FACE_BOUND('',#9416,.F.);
#9416 = EDGE_LOOP('',(#9417,#9440,#9441,#9464));
#9417 = ORIENTED_EDGE('',*,*,#9418,.F.);
#9418 = EDGE_CURVE('',#1870,#9419,#9421,.T.);
#9419 = VERTEX_POINT('',#9420);
#9420 = CARTESIAN_POINT('',(13.,13.25,7.5));
#9421 = SURFACE_CURVE('',#9422,(#9426,#9433),.PCURVE_S1.);
#9422 = LINE('',#9423,#9424);
#9423 = CARTESIAN_POINT('',(13.,13.25,3.5));
#9424 = VECTOR('',#9425,1.);
#9425 = DIRECTION('',(0.,0.,1.));
#9426 = PCURVE('',#1887,#9427);
#9427 = DEFINITIONAL_REPRESENTATION('',(#9428),#9432);
#9428 = LINE('',#9429,#9430);
#9429 = CARTESIAN_POINT('',(0.,0.));
#9430 = VECTOR('',#9431,1.);
#9431 = DIRECTION('',(1.,0.));
#9432 = ( GEOMETRIC_REPRESENTATION_CONTEXT(2) 
PARAMETRIC_REPRESENTATION_CONTEXT() REPRESENTATION_CONTEXT('2D SPACE',''
  ) );
#9433 = PCURVE('',#1969,#9434);
#9434 = DEFINITIONAL_REPRESENTATION('',(#9435),#9439);
#9435 = LINE('',#9436,#9437);
#9436 = CARTESIAN_POINT('',(0.,0.));
#9437 = VECTOR('',#9438,1.);
#9438 = DIRECTION('',(1.,0.));
#9439 = ( GEOMETRIC_REPRESENTATION_CONTEXT(2) 
PARAMETRIC_REPRESENTATION_CONTEXT() REPRESENTATION_CONTEXT('2D SPACE',''
  ) );
#9440 = ORIENTED_EDGE('',*,*,#1869,.T.);
#9441 = ORIENTED_EDGE('',*,*,#9442,.T.);
#9442 = EDGE_CURVE('',#1872,#9443,#9445,.T.);
#9443 = VERTEX_POINT('',#9444);
#9444 = CARTESIAN_POINT('',(13.,16.25,7.5));
#9445 = SURFACE_CURVE('',#9446,(#9450,#9457),.PCURVE_S1.);
#9446 = LINE('',#9447,#9448);
#9447 = CARTESIAN_POINT('',(13.,16.25,3.5));
#9448 = VECTOR('',#9449,1.);
#9449 = DIRECTION('',(0.,0.,1.));
#9450 = PCURVE('',#1887,#9451);
#9451 = DEFINITIONAL_REPRESENTATION('',(#9452),#9456);
#9452 = LINE('',#9453,#9454);
#9453 = CARTESIAN_POINT('',(0.,-3.));
#9454 = VECTOR('',#9455,1.);
#9455 = DIRECTION('',(1.,0.));
#9456 = ( GEOMETRIC_REPRESENTATION_CONTEXT(2) 
PARAMETRIC_REPRESENTATION_CONTEXT() REPRESENTATION_CONTEXT('2D SPACE',''
  ) );
#9457 = PCURVE('',#1915,#9458);
#9458 = DEFINITIONAL_REPRESENTATION('',(#9459),#9463);
#9459 = LINE('',#9460,#9461);
#9460 = CARTESIAN_POINT('',(0.,0.));
#9461 = VECTOR('',#9462,1.);
#9462 = DIRECTION('',(1.,0.));
#9463 = ( GEOMETRIC_REPRESENTATION_CONTEXT(2) 
PARAMETRIC_REPRESENTATION_CONTEXT() REPRESENTATION_CONTEXT('2D SPACE',''
  ) );
#9464 = ORIENTED_EDGE('',*,*,#9465,.F.);
#9465 = EDGE_CURVE('',#9419,#9443,#9466,.T.);
#9466 = SURFACE_CURVE('',#9467,(#9471,#9478),.PCURVE_S1.);
#9467 = LINE('',#9468,#9469);
#9468 = CARTESIAN_POINT('',(13.,13.25,7.5));
#9469 = VECTOR('',#9470,1.);
#9470 = DIRECTION('',(-0.,1.,0.));
#9471 = PCURVE('',#1887,#9472);
#9472 = DEFINITIONAL_REPRESENTATION('',(#9473),#9477);
#9473 = LINE('',#9474,#9475);
#9474 = CARTESIAN_POINT('',(4.,0.));
#9475 = VECTOR('',#9476,1.);
#9476 = DIRECTION('',(0.,-1.));
#9477 = ( GEOMETRIC_REPRESENTATION_CONTEXT(2) 
PARAMETRIC_REPRESENTATION_CONTEXT() REPRESENTATION_CONTEXT('2D SPACE',''
  ) );
#9478 = PCURVE('',#9479,#9484);
#9479 = PLANE('',#9480);
#9480 = AXIS2_PLACEMENT_3D('',#9481,#9482,#9483);
#9481 = CARTESIAN_POINT('',(13.,13.25,7.5));
#9482 = DIRECTION('',(0.,0.,1.));
#9483 = DIRECTION('',(1.,0.,-0.));
#9484 = DEFINITIONAL_REPRESENTATION('',(#9485),#9489);
#9485 = LINE('',#9486,#9487);
#9486 = CARTESIAN_POINT('',(0.,0.));
#9487 = VECTOR('',#9488,1.);
#9488 = DIRECTION('',(0.,1.));
#9489 = ( GEOMETRIC_REPRESENTATION_CONTEXT(2) 
PARAMETRIC_REPRESENTATION_CONTEXT() REPRESENTATION_CONTEXT('2D SPACE',''
  ) );
#9490 = FACE_BOUND('',#9491,.F.);
#9491 = EDGE_LOOP('',(#9492,#9520,#9549));
#9492 = ORIENTED_EDGE('',*,*,#9493,.F.);
#9493 = EDGE_CURVE('',#9494,#9496,#9498,.T.);
#9494 = VERTEX_POINT('',#9495);
#9495 = CARTESIAN_POINT('',(13.,14.95,5.665685424949));
#9496 = VERTEX_POINT('',#9497);
#9497 = CARTESIAN_POINT('',(13.,14.75,5.948528137424));
#9498 = SURFACE_CURVE('',#9499,(#9503,#9509),.PCURVE_S1.);
#9499 = LINE('',#9500,#9501);
#9500 = CARTESIAN_POINT('',(13.,15.377123616633,5.061641413497));
#9501 = VECTOR('',#9502,1.);
#9502 = DIRECTION('',(0.,-0.57735026919,0.816496580928));
#9503 = PCURVE('',#1887,#9504);
#9504 = DEFINITIONAL_REPRESENTATION('',(#9505),#9508);
#9505 = B_SPLINE_CURVE_WITH_KNOTS('',1,(#9506,#9507),.UNSPECIFIED.,.F.,
  .F.,(2,2),(4.697948209307E-02,1.086209966634),
  .PIECEWISE_BEZIER_KNOTS.);
#9506 = CARTESIAN_POINT('',(1.6,-2.1));
#9507 = CARTESIAN_POINT('',(2.448528137424,-1.5));
#9508 = ( GEOMETRIC_REPRESENTATION_CONTEXT(2) 
PARAMETRIC_REPRESENTATION_CONTEXT() REPRESENTATION_CONTEXT('2D SPACE',''
  ) );
#9509 = PCURVE('',#9510,#9515);
#9510 = PLANE('',#9511);
#9511 = AXIS2_PLACEMENT_3D('',#9512,#9513,#9514);
#9512 = CARTESIAN_POINT('',(15.,15.35,5.1));
#9513 = DIRECTION('',(-0.,0.816496580928,0.57735026919));
#9514 = DIRECTION('',(0.,-0.57735026919,0.816496580928));
#9515 = DEFINITIONAL_REPRESENTATION('',(#9516),#9519);
#9516 = B_SPLINE_CURVE_WITH_KNOTS('',1,(#9517,#9518),.UNSPECIFIED.,.F.,
  .F.,(2,2),(4.697948209307E-02,1.086209966634),
  .PIECEWISE_BEZIER_KNOTS.);
#9517 = CARTESIAN_POINT('',(0.,-2.));
#9518 = CARTESIAN_POINT('',(1.039230484541,-2.));
#9519 = ( GEOMETRIC_REPRESENTATION_CONTEXT(2) 
PARAMETRIC_REPRESENTATION_CONTEXT() REPRESENTATION_CONTEXT('2D SPACE',''
  ) );
#9520 = ORIENTED_EDGE('',*,*,#9521,.F.);
#9521 = EDGE_CURVE('',#9522,#9494,#9524,.T.);
#9522 = VERTEX_POINT('',#9523);
#9523 = CARTESIAN_POINT('',(13.,14.55,5.665685424949));
#9524 = SURFACE_CURVE('',#9525,(#9530,#9537),.PCURVE_S1.);
#9525 = CIRCLE('',#9526,0.6);
#9526 = AXIS2_PLACEMENT_3D('',#9527,#9528,#9529);
#9527 = CARTESIAN_POINT('',(13.,14.75,5.1));
#9528 = DIRECTION('',(1.,0.,0.));
#9529 = DIRECTION('',(0.,-0.333333333333,0.942809041582));
#9530 = PCURVE('',#1887,#9531);
#9531 = DEFINITIONAL_REPRESENTATION('',(#9532),#9536);
#9532 = CIRCLE('',#9533,0.6);
#9533 = AXIS2_PLACEMENT_2D('',#9534,#9535);
#9534 = CARTESIAN_POINT('',(1.6,-1.5));
#9535 = DIRECTION('',(0.942809041582,0.333333333333));
#9536 = ( GEOMETRIC_REPRESENTATION_CONTEXT(2) 
PARAMETRIC_REPRESENTATION_CONTEXT() REPRESENTATION_CONTEXT('2D SPACE',''
  ) );
#9537 = PCURVE('',#9538,#9543);
#9538 = CYLINDRICAL_SURFACE('',#9539,0.6);
#9539 = AXIS2_PLACEMENT_3D('',#9540,#9541,#9542);
#9540 = CARTESIAN_POINT('',(12.5,14.75,5.1));
#9541 = DIRECTION('',(1.,0.,0.));
#9542 = DIRECTION('',(0.,0.,-1.));
#9543 = DEFINITIONAL_REPRESENTATION('',(#9544),#9548);
#9544 = LINE('',#9545,#9546);
#9545 = CARTESIAN_POINT('',(3.481429563044,0.5));
#9546 = VECTOR('',#9547,1.);
#9547 = DIRECTION('',(1.,0.));
#9548 = ( GEOMETRIC_REPRESENTATION_CONTEXT(2) 
PARAMETRIC_REPRESENTATION_CONTEXT() REPRESENTATION_CONTEXT('2D SPACE',''
  ) );
#9549 = ORIENTED_EDGE('',*,*,#9550,.F.);
#9550 = EDGE_CURVE('',#9496,#9522,#9551,.T.);
#9551 = SURFACE_CURVE('',#9552,(#9556,#9562),.PCURVE_S1.);
#9552 = LINE('',#9553,#9554);
#9553 = CARTESIAN_POINT('',(13.,13.922876383367,4.778798701023));
#9554 = VECTOR('',#9555,1.);
#9555 = DIRECTION('',(0.,-0.57735026919,-0.816496580928));
#9556 = PCURVE('',#1887,#9557);
#9557 = DEFINITIONAL_REPRESENTATION('',(#9558),#9561);
#9558 = B_SPLINE_CURVE_WITH_KNOTS('',1,(#9559,#9560),.UNSPECIFIED.,.F.,
  .F.,(2,2),(-1.432620128148,-0.393389643607),.PIECEWISE_BEZIER_KNOTS.);
#9559 = CARTESIAN_POINT('',(2.448528137424,-1.5));
#9560 = CARTESIAN_POINT('',(1.6,-0.9));
#9561 = ( GEOMETRIC_REPRESENTATION_CONTEXT(2) 
PARAMETRIC_REPRESENTATION_CONTEXT() REPRESENTATION_CONTEXT('2D SPACE',''
  ) );
#9562 = PCURVE('',#9563,#9568);
#9563 = PLANE('',#9564);
#9564 = AXIS2_PLACEMENT_3D('',#9565,#9566,#9567);
#9565 = CARTESIAN_POINT('',(15.,14.75,5.948528137424));
#9566 = DIRECTION('',(0.,-0.816496580928,0.57735026919));
#9567 = DIRECTION('',(0.,-0.57735026919,-0.816496580928));
#9568 = DEFINITIONAL_REPRESENTATION('',(#9569),#9572);
#9569 = B_SPLINE_CURVE_WITH_KNOTS('',1,(#9570,#9571),.UNSPECIFIED.,.F.,
  .F.,(2,2),(-1.432620128148,-0.393389643607),.PIECEWISE_BEZIER_KNOTS.);
#9570 = CARTESIAN_POINT('',(0.,-2.));
#9571 = CARTESIAN_POINT('',(1.039230484541,-2.));
#9572 = ( GEOMETRIC_REPRESENTATION_CONTEXT(2) 
PARAMETRIC_REPRESENTATION_CONTEXT() REPRESENTATION_CONTEXT('2D SPACE',''
  ) );
#9573 = ADVANCED_FACE('',(#9574),#1915,.T.);
#9574 = FACE_BOUND('',#9575,.T.);
#9575 = EDGE_LOOP('',(#9576,#9577,#9578,#9601));
#9576 = ORIENTED_EDGE('',*,*,#1899,.F.);
#9577 = ORIENTED_EDGE('',*,*,#9442,.T.);
#9578 = ORIENTED_EDGE('',*,*,#9579,.T.);
#9579 = EDGE_CURVE('',#9443,#9580,#9582,.T.);
#9580 = VERTEX_POINT('',#9581);
#9581 = CARTESIAN_POINT('',(17.,16.25,7.5));
#9582 = SURFACE_CURVE('',#9583,(#9587,#9594),.PCURVE_S1.);
#9583 = LINE('',#9584,#9585);
#9584 = CARTESIAN_POINT('',(13.,16.25,7.5));
#9585 = VECTOR('',#9586,1.);
#9586 = DIRECTION('',(1.,0.,-0.));
#9587 = PCURVE('',#1915,#9588);
#9588 = DEFINITIONAL_REPRESENTATION('',(#9589),#9593);
#9589 = LINE('',#9590,#9591);
#9590 = CARTESIAN_POINT('',(4.,0.));
#9591 = VECTOR('',#9592,1.);
#9592 = DIRECTION('',(0.,1.));
#9593 = ( GEOMETRIC_REPRESENTATION_CONTEXT(2) 
PARAMETRIC_REPRESENTATION_CONTEXT() REPRESENTATION_CONTEXT('2D SPACE',''
  ) );
#9594 = PCURVE('',#9479,#9595);
#9595 = DEFINITIONAL_REPRESENTATION('',(#9596),#9600);
#9596 = LINE('',#9597,#9598);
#9597 = CARTESIAN_POINT('',(0.,3.));
#9598 = VECTOR('',#9599,1.);
#9599 = DIRECTION('',(1.,0.));
#9600 = ( GEOMETRIC_REPRESENTATION_CONTEXT(2) 
PARAMETRIC_REPRESENTATION_CONTEXT() REPRESENTATION_CONTEXT('2D SPACE',''
  ) );
#9601 = ORIENTED_EDGE('',*,*,#9602,.F.);
#9602 = EDGE_CURVE('',#1900,#9580,#9603,.T.);
#9603 = SURFACE_CURVE('',#9604,(#9608,#9615),.PCURVE_S1.);
#9604 = LINE('',#9605,#9606);
#9605 = CARTESIAN_POINT('',(17.,16.25,3.5));
#9606 = VECTOR('',#9607,1.);
#9607 = DIRECTION('',(0.,0.,1.));
#9608 = PCURVE('',#1915,#9609);
#9609 = DEFINITIONAL_REPRESENTATION('',(#9610),#9614);
#9610 = LINE('',#9611,#9612);
#9611 = CARTESIAN_POINT('',(0.,4.));
#9612 = VECTOR('',#9613,1.);
#9613 = DIRECTION('',(1.,0.));
#9614 = ( GEOMETRIC_REPRESENTATION_CONTEXT(2) 
PARAMETRIC_REPRESENTATION_CONTEXT() REPRESENTATION_CONTEXT('2D SPACE',''
  ) );
#9615 = PCURVE('',#1943,#9616);
#9616 = DEFINITIONAL_REPRESENTATION('',(#9617),#9621);
#9617 = LINE('',#9618,#9619);
#9618 = CARTESIAN_POINT('',(0.,-3.));
#9619 = VECTOR('',#9620,1.);
#9620 = DIRECTION('',(1.,0.));
#9621 = ( GEOMETRIC_REPRESENTATION_CONTEXT(2) 
PARAMETRIC_REPRESENTATION_CONTEXT() REPRESENTATION_CONTEXT('2D SPACE',''
  ) );
#9622 = ADVANCED_FACE('',(#9623,#9671),#1943,.T.);
#9623 = FACE_BOUND('',#9624,.T.);
#9624 = EDGE_LOOP('',(#9625,#9648,#9649,#9650));
#9625 = ORIENTED_EDGE('',*,*,#9626,.F.);
#9626 = EDGE_CURVE('',#1928,#9627,#9629,.T.);
#9627 = VERTEX_POINT('',#9628);
#9628 = CARTESIAN_POINT('',(17.,13.25,7.5));
#9629 = SURFACE_CURVE('',#9630,(#9634,#9641),.PCURVE_S1.);
#9630 = LINE('',#9631,#9632);
#9631 = CARTESIAN_POINT('',(17.,13.25,3.5));
#9632 = VECTOR('',#9633,1.);
#9633 = DIRECTION('',(0.,0.,1.));
#9634 = PCURVE('',#1943,#9635);
#9635 = DEFINITIONAL_REPRESENTATION('',(#9636),#9640);
#9636 = LINE('',#9637,#9638);
#9637 = CARTESIAN_POINT('',(0.,0.));
#9638 = VECTOR('',#9639,1.);
#9639 = DIRECTION('',(1.,0.));
#9640 = ( GEOMETRIC_REPRESENTATION_CONTEXT(2) 
PARAMETRIC_REPRESENTATION_CONTEXT() REPRESENTATION_CONTEXT('2D SPACE',''
  ) );
#9641 = PCURVE('',#1969,#9642);
#9642 = DEFINITIONAL_REPRESENTATION('',(#9643),#9647);
#9643 = LINE('',#9644,#9645);
#9644 = CARTESIAN_POINT('',(0.,4.));
#9645 = VECTOR('',#9646,1.);
#9646 = DIRECTION('',(1.,0.));
#9647 = ( GEOMETRIC_REPRESENTATION_CONTEXT(2) 
PARAMETRIC_REPRESENTATION_CONTEXT() REPRESENTATION_CONTEXT('2D SPACE',''
  ) );
#9648 = ORIENTED_EDGE('',*,*,#1927,.T.);
#9649 = ORIENTED_EDGE('',*,*,#9602,.T.);
#9650 = ORIENTED_EDGE('',*,*,#9651,.F.);
#9651 = EDGE_CURVE('',#9627,#9580,#9652,.T.);
#9652 = SURFACE_CURVE('',#9653,(#9657,#9664),.PCURVE_S1.);
#9653 = LINE('',#9654,#9655);
#9654 = CARTESIAN_POINT('',(17.,13.25,7.5));
#9655 = VECTOR('',#9656,1.);
#9656 = DIRECTION('',(-0.,1.,0.));
#9657 = PCURVE('',#1943,#9658);
#9658 = DEFINITIONAL_REPRESENTATION('',(#9659),#9663);
#9659 = LINE('',#9660,#9661);
#9660 = CARTESIAN_POINT('',(4.,0.));
#9661 = VECTOR('',#9662,1.);
#9662 = DIRECTION('',(0.,-1.));
#9663 = ( GEOMETRIC_REPRESENTATION_CONTEXT(2) 
PARAMETRIC_REPRESENTATION_CONTEXT() REPRESENTATION_CONTEXT('2D SPACE',''
  ) );
#9664 = PCURVE('',#9479,#9665);
#9665 = DEFINITIONAL_REPRESENTATION('',(#9666),#9670);
#9666 = LINE('',#9667,#9668);
#9667 = CARTESIAN_POINT('',(4.,0.));
#9668 = VECTOR('',#9669,1.);
#9669 = DIRECTION('',(0.,1.));
#9670 = ( GEOMETRIC_REPRESENTATION_CONTEXT(2) 
PARAMETRIC_REPRESENTATION_CONTEXT() REPRESENTATION_CONTEXT('2D SPACE',''
  ) );
#9671 = FACE_BOUND('',#9672,.T.);
#9672 = EDGE_LOOP('',(#9673,#9696,#9720));
#9673 = ORIENTED_EDGE('',*,*,#9674,.F.);
#9674 = EDGE_CURVE('',#9675,#9677,#9679,.T.);
#9675 = VERTEX_POINT('',#9676);
#9676 = CARTESIAN_POINT('',(17.,14.95,5.665685424949));
#9677 = VERTEX_POINT('',#9678);
#9678 = CARTESIAN_POINT('',(17.,14.75,5.948528137424));
#9679 = SURFACE_CURVE('',#9680,(#9684,#9690),.PCURVE_S1.);
#9680 = LINE('',#9681,#9682);
#9681 = CARTESIAN_POINT('',(17.,15.377123616633,5.061641413497));
#9682 = VECTOR('',#9683,1.);
#9683 = DIRECTION('',(0.,-0.57735026919,0.816496580928));
#9684 = PCURVE('',#1943,#9685);
#9685 = DEFINITIONAL_REPRESENTATION('',(#9686),#9689);
#9686 = B_SPLINE_CURVE_WITH_KNOTS('',1,(#9687,#9688),.UNSPECIFIED.,.F.,
  .F.,(2,2),(4.697948209307E-02,1.086209966634),
  .PIECEWISE_BEZIER_KNOTS.);
#9687 = CARTESIAN_POINT('',(1.6,-2.1));
#9688 = CARTESIAN_POINT('',(2.448528137424,-1.5));
#9689 = ( GEOMETRIC_REPRESENTATION_CONTEXT(2) 
PARAMETRIC_REPRESENTATION_CONTEXT() REPRESENTATION_CONTEXT('2D SPACE',''
  ) );
#9690 = PCURVE('',#9510,#9691);
#9691 = DEFINITIONAL_REPRESENTATION('',(#9692),#9695);
#9692 = B_SPLINE_CURVE_WITH_KNOTS('',1,(#9693,#9694),.UNSPECIFIED.,.F.,
  .F.,(2,2),(4.697948209307E-02,1.086209966634),
  .PIECEWISE_BEZIER_KNOTS.);
#9693 = CARTESIAN_POINT('',(0.,2.));
#9694 = CARTESIAN_POINT('',(1.039230484541,2.));
#9695 = ( GEOMETRIC_REPRESENTATION_CONTEXT(2) 
PARAMETRIC_REPRESENTATION_CONTEXT() REPRESENTATION_CONTEXT('2D SPACE',''
  ) );
#9696 = ORIENTED_EDGE('',*,*,#9697,.F.);
#9697 = EDGE_CURVE('',#9698,#9675,#9700,.T.);
#9698 = VERTEX_POINT('',#9699);
#9699 = CARTESIAN_POINT('',(17.,14.55,5.665685424949));
#9700 = SURFACE_CURVE('',#9701,(#9706,#9713),.PCURVE_S1.);
#9701 = CIRCLE('',#9702,0.6);
#9702 = AXIS2_PLACEMENT_3D('',#9703,#9704,#9705);
#9703 = CARTESIAN_POINT('',(17.,14.75,5.1));
#9704 = DIRECTION('',(1.,0.,0.));
#9705 = DIRECTION('',(0.,-0.333333333333,0.942809041582));
#9706 = PCURVE('',#1943,#9707);
#9707 = DEFINITIONAL_REPRESENTATION('',(#9708),#9712);
#9708 = CIRCLE('',#9709,0.6);
#9709 = AXIS2_PLACEMENT_2D('',#9710,#9711);
#9710 = CARTESIAN_POINT('',(1.6,-1.5));
#9711 = DIRECTION('',(0.942809041582,0.333333333333));
#9712 = ( GEOMETRIC_REPRESENTATION_CONTEXT(2) 
PARAMETRIC_REPRESENTATION_CONTEXT() REPRESENTATION_CONTEXT('2D SPACE',''
  ) );
#9713 = PCURVE('',#9538,#9714);
#9714 = DEFINITIONAL_REPRESENTATION('',(#9715),#9719);
#9715 = LINE('',#9716,#9717);
#9716 = CARTESIAN_POINT('',(3.481429563044,4.5));
#9717 = VECTOR('',#9718,1.);
#9718 = DIRECTION('',(1.,0.));
#9719 = ( GEOMETRIC_REPRESENTATION_CONTEXT(2) 
PARAMETRIC_REPRESENTATION_CONTEXT() REPRESENTATION_CONTEXT('2D SPACE',''
  ) );
#9720 = ORIENTED_EDGE('',*,*,#9721,.F.);
#9721 = EDGE_CURVE('',#9677,#9698,#9722,.T.);
#9722 = SURFACE_CURVE('',#9723,(#9727,#9733),.PCURVE_S1.);
#9723 = LINE('',#9724,#9725);
#9724 = CARTESIAN_POINT('',(17.,13.922876383367,4.778798701023));
#9725 = VECTOR('',#9726,1.);
#9726 = DIRECTION('',(0.,-0.57735026919,-0.816496580928));
#9727 = PCURVE('',#1943,#9728);
#9728 = DEFINITIONAL_REPRESENTATION('',(#9729),#9732);
#9729 = B_SPLINE_CURVE_WITH_KNOTS('',1,(#9730,#9731),.UNSPECIFIED.,.F.,
  .F.,(2,2),(-1.432620128148,-0.393389643607),.PIECEWISE_BEZIER_KNOTS.);
#9730 = CARTESIAN_POINT('',(2.448528137424,-1.5));
#9731 = CARTESIAN_POINT('',(1.6,-0.9));
#9732 = ( GEOMETRIC_REPRESENTATION_CONTEXT(2) 
PARAMETRIC_REPRESENTATION_CONTEXT() REPRESENTATION_CONTEXT('2D SPACE',''
  ) );
#9733 = PCURVE('',#9563,#9734);
#9734 = DEFINITIONAL_REPRESENTATION('',(#9735),#9738);
#9735 = B_SPLINE_CURVE_WITH_KNOTS('',1,(#9736,#9737),.UNSPECIFIED.,.F.,
  .F.,(2,2),(-1.432620128148,-0.393389643607),.PIECEWISE_BEZIER_KNOTS.);
#9736 = CARTESIAN_POINT('',(0.,2.));
#9737 = CARTESIAN_POINT('',(1.039230484541,2.));
#9738 = ( GEOMETRIC_REPRESENTATION_CONTEXT(2) 
PARAMETRIC_REPRESENTATION_CONTEXT() REPRESENTATION_CONTEXT('2D SPACE',''
  ) );
#9739 = ADVANCED_FACE('',(#9740),#1969,.F.);
#9740 = FACE_BOUND('',#9741,.F.);
#9741 = EDGE_LOOP('',(#9742,#9743,#9744,#9765));
#9742 = ORIENTED_EDGE('',*,*,#1955,.F.);
#9743 = ORIENTED_EDGE('',*,*,#9418,.T.);
#9744 = ORIENTED_EDGE('',*,*,#9745,.T.);
#9745 = EDGE_CURVE('',#9419,#9627,#9746,.T.);
#9746 = SURFACE_CURVE('',#9747,(#9751,#9758),.PCURVE_S1.);
#9747 = LINE('',#9748,#9749);
#9748 = CARTESIAN_POINT('',(13.,13.25,7.5));
#9749 = VECTOR('',#9750,1.);
#9750 = DIRECTION('',(1.,0.,-0.));
#9751 = PCURVE('',#1969,#9752);
#9752 = DEFINITIONAL_REPRESENTATION('',(#9753),#9757);
#9753 = LINE('',#9754,#9755);
#9754 = CARTESIAN_POINT('',(4.,0.));
#9755 = VECTOR('',#9756,1.);
#9756 = DIRECTION('',(0.,1.));
#9757 = ( GEOMETRIC_REPRESENTATION_CONTEXT(2) 
PARAMETRIC_REPRESENTATION_CONTEXT() REPRESENTATION_CONTEXT('2D SPACE',''
  ) );
#9758 = PCURVE('',#9479,#9759);
#9759 = DEFINITIONAL_REPRESENTATION('',(#9760),#9764);
#9760 = LINE('',#9761,#9762);
#9761 = CARTESIAN_POINT('',(0.,0.));
#9762 = VECTOR('',#9763,1.);
#9763 = DIRECTION('',(1.,0.));
#9764 = ( GEOMETRIC_REPRESENTATION_CONTEXT(2) 
PARAMETRIC_REPRESENTATION_CONTEXT() REPRESENTATION_CONTEXT('2D SPACE',''
  ) );
#9765 = ORIENTED_EDGE('',*,*,#9626,.F.);
#9766 = ADVANCED_FACE('',(#9767),#2000,.F.);
#9767 = FACE_BOUND('',#9768,.F.);
#9768 = EDGE_LOOP('',(#9769,#9770,#9794,#9821));
#9769 = ORIENTED_EDGE('',*,*,#1983,.F.);
#9770 = ORIENTED_EDGE('',*,*,#9771,.F.);
#9771 = EDGE_CURVE('',#9772,#1984,#9774,.T.);
#9772 = VERTEX_POINT('',#9773);
#9773 = CARTESIAN_POINT('',(31.8,13.6,4.1));
#9774 = SEAM_CURVE('',#9775,(#9780,#9787),.PCURVE_S1.);
#9775 = CIRCLE('',#9776,0.6);
#9776 = AXIS2_PLACEMENT_3D('',#9777,#9778,#9779);
#9777 = CARTESIAN_POINT('',(32.4,13.6,4.1));
#9778 = DIRECTION('',(-2.449293598295E-16,-1.,0.));
#9779 = DIRECTION('',(1.,-2.449293598295E-16,0.));
#9780 = PCURVE('',#2000,#9781);
#9781 = DEFINITIONAL_REPRESENTATION('',(#9782),#9786);
#9782 = LINE('',#9783,#9784);
#9783 = CARTESIAN_POINT('',(6.28318530718,-0.));
#9784 = VECTOR('',#9785,1.);
#9785 = DIRECTION('',(0.,1.));
#9786 = ( GEOMETRIC_REPRESENTATION_CONTEXT(2) 
PARAMETRIC_REPRESENTATION_CONTEXT() REPRESENTATION_CONTEXT('2D SPACE',''
  ) );
#9787 = PCURVE('',#2000,#9788);
#9788 = DEFINITIONAL_REPRESENTATION('',(#9789),#9793);
#9789 = LINE('',#9790,#9791);
#9790 = CARTESIAN_POINT('',(0.,-0.));
#9791 = VECTOR('',#9792,1.);
#9792 = DIRECTION('',(0.,1.));
#9793 = ( GEOMETRIC_REPRESENTATION_CONTEXT(2) 
PARAMETRIC_REPRESENTATION_CONTEXT() REPRESENTATION_CONTEXT('2D SPACE',''
  ) );
#9794 = ORIENTED_EDGE('',*,*,#9795,.T.);
#9795 = EDGE_CURVE('',#9772,#9772,#9796,.T.);
#9796 = SURFACE_CURVE('',#9797,(#9802,#9809),.PCURVE_S1.);
#9797 = CIRCLE('',#9798,3.85);
#9798 = AXIS2_PLACEMENT_3D('',#9799,#9800,#9801);
#9799 = CARTESIAN_POINT('',(27.95,13.6,4.1));
#9800 = DIRECTION('',(0.,0.,1.));
#9801 = DIRECTION('',(1.,0.,-0.));
#9802 = PCURVE('',#2000,#9803);
#9803 = DEFINITIONAL_REPRESENTATION('',(#9804),#9808);
#9804 = LINE('',#9805,#9806);
#9805 = CARTESIAN_POINT('',(0.,3.14159265359));
#9806 = VECTOR('',#9807,1.);
#9807 = DIRECTION('',(1.,0.));
#9808 = ( GEOMETRIC_REPRESENTATION_CONTEXT(2) 
PARAMETRIC_REPRESENTATION_CONTEXT() REPRESENTATION_CONTEXT('2D SPACE',''
  ) );
#9809 = PCURVE('',#9810,#9815);
#9810 = CYLINDRICAL_SURFACE('',#9811,3.85);
#9811 = AXIS2_PLACEMENT_3D('',#9812,#9813,#9814);
#9812 = CARTESIAN_POINT('',(27.95,13.6,3.5));
#9813 = DIRECTION('',(0.,0.,1.));
#9814 = DIRECTION('',(1.,0.,-0.));
#9815 = DEFINITIONAL_REPRESENTATION('',(#9816),#9820);
#9816 = LINE('',#9817,#9818);
#9817 = CARTESIAN_POINT('',(0.,0.6));
#9818 = VECTOR('',#9819,1.);
#9819 = DIRECTION('',(1.,0.));
#9820 = ( GEOMETRIC_REPRESENTATION_CONTEXT(2) 
PARAMETRIC_REPRESENTATION_CONTEXT() REPRESENTATION_CONTEXT('2D SPACE',''
  ) );
#9821 = ORIENTED_EDGE('',*,*,#9771,.T.);
#9822 = ADVANCED_FACE('',(#9823),#2030,.T.);
#9823 = FACE_BOUND('',#9824,.T.);
#9824 = EDGE_LOOP('',(#9825,#9844,#9845,#9846));
#9825 = ORIENTED_EDGE('',*,*,#9826,.F.);
#9826 = EDGE_CURVE('',#2075,#2124,#9827,.T.);
#9827 = SURFACE_CURVE('',#9828,(#9832,#9838),.PCURVE_S1.);
#9828 = LINE('',#9829,#9830);
#9829 = CARTESIAN_POINT('',(34.8,-23.45,0.6));
#9830 = VECTOR('',#9831,1.);
#9831 = DIRECTION('',(-4.329780281177E-17,0.707106781187,-0.707106781187
    ));
#9832 = PCURVE('',#2030,#9833);
#9833 = DEFINITIONAL_REPRESENTATION('',(#9834),#9837);
#9834 = B_SPLINE_CURVE_WITH_KNOTS('',1,(#9835,#9836),.UNSPECIFIED.,.F.,
  .F.,(2,2),(0.,0.848528137424),.PIECEWISE_BEZIER_KNOTS.);
#9835 = CARTESIAN_POINT('',(0.,-0.424264068712));
#9836 = CARTESIAN_POINT('',(0.,0.424264068712));
#9837 = ( GEOMETRIC_REPRESENTATION_CONTEXT(2) 
PARAMETRIC_REPRESENTATION_CONTEXT() REPRESENTATION_CONTEXT('2D SPACE',''
  ) );
#9838 = PCURVE('',#2167,#9839);
#9839 = DEFINITIONAL_REPRESENTATION('',(#9840),#9843);
#9840 = B_SPLINE_CURVE_WITH_KNOTS('',1,(#9841,#9842),.UNSPECIFIED.,.F.,
  .F.,(2,2),(0.,0.848528137424),.PIECEWISE_BEZIER_KNOTS.);
#9841 = CARTESIAN_POINT('',(-1.570796326795,0.));
#9842 = CARTESIAN_POINT('',(-1.570796326795,-0.6));
#9843 = ( GEOMETRIC_REPRESENTATION_CONTEXT(2) 
PARAMETRIC_REPRESENTATION_CONTEXT() REPRESENTATION_CONTEXT('2D SPACE',''
  ) );
#9844 = ORIENTED_EDGE('',*,*,#2097,.T.);
#9845 = ORIENTED_EDGE('',*,*,#2015,.T.);
#9846 = ORIENTED_EDGE('',*,*,#2123,.F.);
#9847 = ADVANCED_FACE('',(#9848),#2256,.F.);
#9848 = FACE_BOUND('',#9849,.T.);
#9849 = EDGE_LOOP('',(#9850,#9851,#9852,#9871));
#9850 = ORIENTED_EDGE('',*,*,#5773,.F.);
#9851 = ORIENTED_EDGE('',*,*,#5821,.T.);
#9852 = ORIENTED_EDGE('',*,*,#9853,.T.);
#9853 = EDGE_CURVE('',#5799,#2208,#9854,.T.);
#9854 = SURFACE_CURVE('',#9855,(#9859,#9865),.PCURVE_S1.);
#9855 = LINE('',#9856,#9857);
#9856 = CARTESIAN_POINT('',(34.8,23.15,0.3));
#9857 = VECTOR('',#9858,1.);
#9858 = DIRECTION('',(0.,-0.707106781187,-0.707106781187));
#9859 = PCURVE('',#2256,#9860);
#9860 = DEFINITIONAL_REPRESENTATION('',(#9861),#9864);
#9861 = B_SPLINE_CURVE_WITH_KNOTS('',1,(#9862,#9863),.UNSPECIFIED.,.F.,
  .F.,(2,2),(-0.424264068712,0.424264068712),.PIECEWISE_BEZIER_KNOTS.);
#9862 = CARTESIAN_POINT('',(-69.6,-0.424264068712));
#9863 = CARTESIAN_POINT('',(-69.6,0.424264068712));
#9864 = ( GEOMETRIC_REPRESENTATION_CONTEXT(2) 
PARAMETRIC_REPRESENTATION_CONTEXT() REPRESENTATION_CONTEXT('2D SPACE',''
  ) );
#9865 = PCURVE('',#2228,#9866);
#9866 = DEFINITIONAL_REPRESENTATION('',(#9867),#9870);
#9867 = B_SPLINE_CURVE_WITH_KNOTS('',1,(#9868,#9869),.UNSPECIFIED.,.F.,
  .F.,(2,2),(-0.424264068712,0.424264068712),.PIECEWISE_BEZIER_KNOTS.);
#9868 = CARTESIAN_POINT('',(0.,0.));
#9869 = CARTESIAN_POINT('',(0.,-0.6));
#9870 = ( GEOMETRIC_REPRESENTATION_CONTEXT(2) 
PARAMETRIC_REPRESENTATION_CONTEXT() REPRESENTATION_CONTEXT('2D SPACE',''
  ) );
#9871 = ORIENTED_EDGE('',*,*,#2240,.F.);
#9872 = ADVANCED_FACE('',(#9873),#2167,.T.);
#9873 = FACE_BOUND('',#9874,.T.);
#9874 = EDGE_LOOP('',(#9875,#9894,#9895,#9896));
#9875 = ORIENTED_EDGE('',*,*,#9876,.F.);
#9876 = EDGE_CURVE('',#5846,#2147,#9877,.T.);
#9877 = SURFACE_CURVE('',#9878,(#9882,#9888),.PCURVE_S1.);
#9878 = LINE('',#9879,#9880);
#9879 = CARTESIAN_POINT('',(37.5,-20.45,0.3));
#9880 = VECTOR('',#9881,1.);
#9881 = DIRECTION('',(-0.707106781187,-0.,-0.707106781187));
#9882 = PCURVE('',#2167,#9883);
#9883 = DEFINITIONAL_REPRESENTATION('',(#9884),#9887);
#9884 = B_SPLINE_CURVE_WITH_KNOTS('',1,(#9885,#9886),.UNSPECIFIED.,.F.,
  .F.,(2,2),(-0.424264068712,0.424264068712),.PIECEWISE_BEZIER_KNOTS.);
#9885 = CARTESIAN_POINT('',(0.,0.));
#9886 = CARTESIAN_POINT('',(0.,-0.6));
#9887 = ( GEOMETRIC_REPRESENTATION_CONTEXT(2) 
PARAMETRIC_REPRESENTATION_CONTEXT() REPRESENTATION_CONTEXT('2D SPACE',''
  ) );
#9888 = PCURVE('',#2195,#9889);
#9889 = DEFINITIONAL_REPRESENTATION('',(#9890),#9893);
#9890 = B_SPLINE_CURVE_WITH_KNOTS('',1,(#9891,#9892),.UNSPECIFIED.,.F.,
  .F.,(2,2),(-0.424264068712,0.424264068712),.PIECEWISE_BEZIER_KNOTS.);
#9891 = CARTESIAN_POINT('',(-40.9,-0.424264068712));
#9892 = CARTESIAN_POINT('',(-40.9,0.424264068712));
#9893 = ( GEOMETRIC_REPRESENTATION_CONTEXT(2) 
PARAMETRIC_REPRESENTATION_CONTEXT() REPRESENTATION_CONTEXT('2D SPACE',''
  ) );
#9894 = ORIENTED_EDGE('',*,*,#5868,.T.);
#9895 = ORIENTED_EDGE('',*,*,#9826,.T.);
#9896 = ORIENTED_EDGE('',*,*,#2146,.F.);
#9897 = ADVANCED_FACE('',(#9898),#2228,.T.);
#9898 = FACE_BOUND('',#9899,.T.);
#9899 = EDGE_LOOP('',(#9900,#9901,#9902,#9921));
#9900 = ORIENTED_EDGE('',*,*,#9853,.F.);
#9901 = ORIENTED_EDGE('',*,*,#5945,.T.);
#9902 = ORIENTED_EDGE('',*,*,#9903,.T.);
#9903 = EDGE_CURVE('',#5897,#2180,#9904,.T.);
#9904 = SURFACE_CURVE('',#9905,(#9909,#9915),.PCURVE_S1.);
#9905 = LINE('',#9906,#9907);
#9906 = CARTESIAN_POINT('',(37.8,20.45,0.6));
#9907 = VECTOR('',#9908,1.);
#9908 = DIRECTION('',(-0.707106781187,-4.329780281177E-17,
    -0.707106781187));
#9909 = PCURVE('',#2228,#9910);
#9910 = DEFINITIONAL_REPRESENTATION('',(#9911),#9914);
#9911 = B_SPLINE_CURVE_WITH_KNOTS('',1,(#9912,#9913),.UNSPECIFIED.,.F.,
  .F.,(2,2),(0.,0.848528137424),.PIECEWISE_BEZIER_KNOTS.);
#9912 = CARTESIAN_POINT('',(-1.570796326795,0.));
#9913 = CARTESIAN_POINT('',(-1.570796326795,-0.6));
#9914 = ( GEOMETRIC_REPRESENTATION_CONTEXT(2) 
PARAMETRIC_REPRESENTATION_CONTEXT() REPRESENTATION_CONTEXT('2D SPACE',''
  ) );
#9915 = PCURVE('',#2195,#9916);
#9916 = DEFINITIONAL_REPRESENTATION('',(#9917),#9920);
#9917 = B_SPLINE_CURVE_WITH_KNOTS('',1,(#9918,#9919),.UNSPECIFIED.,.F.,
  .F.,(2,2),(0.,0.848528137424),.PIECEWISE_BEZIER_KNOTS.);
#9918 = CARTESIAN_POINT('',(0.,-0.424264068712));
#9919 = CARTESIAN_POINT('',(0.,0.424264068712));
#9920 = ( GEOMETRIC_REPRESENTATION_CONTEXT(2) 
PARAMETRIC_REPRESENTATION_CONTEXT() REPRESENTATION_CONTEXT('2D SPACE',''
  ) );
#9921 = ORIENTED_EDGE('',*,*,#2207,.F.);
#9922 = ADVANCED_FACE('',(#9923),#2195,.F.);
#9923 = FACE_BOUND('',#9924,.T.);
#9924 = EDGE_LOOP('',(#9925,#9926,#9927,#9928));
#9925 = ORIENTED_EDGE('',*,*,#9903,.F.);
#9926 = ORIENTED_EDGE('',*,*,#5896,.T.);
#9927 = ORIENTED_EDGE('',*,*,#9876,.T.);
#9928 = ORIENTED_EDGE('',*,*,#2179,.F.);
#9929 = ADVANCED_FACE('',(#9930),#2314,.T.);
#9930 = FACE_BOUND('',#9931,.T.);
#9931 = EDGE_LOOP('',(#9932,#9955,#9983,#10004));
#9932 = ORIENTED_EDGE('',*,*,#9933,.T.);
#9933 = EDGE_CURVE('',#2297,#9934,#9936,.T.);
#9934 = VERTEX_POINT('',#9935);
#9935 = CARTESIAN_POINT('',(-17.04485442074,-14.4640501464,0.6));
#9936 = SURFACE_CURVE('',#9937,(#9941,#9948),.PCURVE_S1.);
#9937 = LINE('',#9938,#9939);
#9938 = CARTESIAN_POINT('',(-17.04485442074,-14.4640501464,0.));
#9939 = VECTOR('',#9940,1.);
#9940 = DIRECTION('',(-0.,-0.,1.));
#9941 = PCURVE('',#2314,#9942);
#9942 = DEFINITIONAL_REPRESENTATION('',(#9943),#9947);
#9943 = LINE('',#9944,#9945);
#9944 = CARTESIAN_POINT('',(0.,0.));
#9945 = VECTOR('',#9946,1.);
#9946 = DIRECTION('',(0.,-1.));
#9947 = ( GEOMETRIC_REPRESENTATION_CONTEXT(2) 
PARAMETRIC_REPRESENTATION_CONTEXT() REPRESENTATION_CONTEXT('2D SPACE',''
  ) );
#9948 = PCURVE('',#2342,#9949);
#9949 = DEFINITIONAL_REPRESENTATION('',(#9950),#9954);
#9950 = LINE('',#9951,#9952);
#9951 = CARTESIAN_POINT('',(1.,0.));
#9952 = VECTOR('',#9953,1.);
#9953 = DIRECTION('',(0.,-1.));
#9954 = ( GEOMETRIC_REPRESENTATION_CONTEXT(2) 
PARAMETRIC_REPRESENTATION_CONTEXT() REPRESENTATION_CONTEXT('2D SPACE',''
  ) );
#9955 = ORIENTED_EDGE('',*,*,#9956,.T.);
#9956 = EDGE_CURVE('',#9934,#9957,#9959,.T.);
#9957 = VERTEX_POINT('',#9958);
#9958 = CARTESIAN_POINT('',(-16.40501274937,-14.30244065209,0.6));
#9959 = SURFACE_CURVE('',#9960,(#9964,#9971),.PCURVE_S1.);
#9960 = LINE('',#9961,#9962);
#9961 = CARTESIAN_POINT('',(-17.04485442074,-14.4640501464,0.6));
#9962 = VECTOR('',#9963,1.);
#9963 = DIRECTION('',(0.969551685994,0.24488676605,0.));
#9964 = PCURVE('',#2314,#9965);
#9965 = DEFINITIONAL_REPRESENTATION('',(#9966),#9970);
#9966 = LINE('',#9967,#9968);
#9967 = CARTESIAN_POINT('',(0.,-0.6));
#9968 = VECTOR('',#9969,1.);
#9969 = DIRECTION('',(1.,0.));
#9970 = ( GEOMETRIC_REPRESENTATION_CONTEXT(2) 
PARAMETRIC_REPRESENTATION_CONTEXT() REPRESENTATION_CONTEXT('2D SPACE',''
  ) );
#9971 = PCURVE('',#9972,#9977);
#9972 = PLANE('',#9973);
#9973 = AXIS2_PLACEMENT_3D('',#9974,#9975,#9976);
#9974 = CARTESIAN_POINT('',(-21.01583056674,-12.76879953257,0.6));
#9975 = DIRECTION('',(0.,0.,1.));
#9976 = DIRECTION('',(-1.,0.,0.));
#9977 = DEFINITIONAL_REPRESENTATION('',(#9978),#9982);
#9978 = LINE('',#9979,#9980);
#9979 = CARTESIAN_POINT('',(-3.970976146008,1.695250613828));
#9980 = VECTOR('',#9981,1.);
#9981 = DIRECTION('',(-0.969551685994,-0.24488676605));
#9982 = ( GEOMETRIC_REPRESENTATION_CONTEXT(2) 
PARAMETRIC_REPRESENTATION_CONTEXT() REPRESENTATION_CONTEXT('2D SPACE',''
  ) );
#9983 = ORIENTED_EDGE('',*,*,#9984,.F.);
#9984 = EDGE_CURVE('',#2299,#9957,#9985,.T.);
#9985 = SURFACE_CURVE('',#9986,(#9990,#9997),.PCURVE_S1.);
#9986 = LINE('',#9987,#9988);
#9987 = CARTESIAN_POINT('',(-16.40501274937,-14.30244065209,0.));
#9988 = VECTOR('',#9989,1.);
#9989 = DIRECTION('',(-0.,-0.,1.));
#9990 = PCURVE('',#2314,#9991);
#9991 = DEFINITIONAL_REPRESENTATION('',(#9992),#9996);
#9992 = LINE('',#9993,#9994);
#9993 = CARTESIAN_POINT('',(0.659935597668,0.));
#9994 = VECTOR('',#9995,1.);
#9995 = DIRECTION('',(0.,-1.));
#9996 = ( GEOMETRIC_REPRESENTATION_CONTEXT(2) 
PARAMETRIC_REPRESENTATION_CONTEXT() REPRESENTATION_CONTEXT('2D SPACE',''
  ) );
#9997 = PCURVE('',#2938,#9998);
#9998 = DEFINITIONAL_REPRESENTATION('',(#9999),#10003);
#9999 = LINE('',#10000,#10001);
#10000 = CARTESIAN_POINT('',(0.,0.));
#10001 = VECTOR('',#10002,1.);
#10002 = DIRECTION('',(0.,-1.));
#10003 = ( GEOMETRIC_REPRESENTATION_CONTEXT(2) 
PARAMETRIC_REPRESENTATION_CONTEXT() REPRESENTATION_CONTEXT('2D SPACE',''
  ) );
#10004 = ORIENTED_EDGE('',*,*,#2296,.F.);
#10005 = ADVANCED_FACE('',(#10006),#2938,.T.);
#10006 = FACE_BOUND('',#10007,.T.);
#10007 = EDGE_LOOP('',(#10008,#10009,#10032,#10053));
#10008 = ORIENTED_EDGE('',*,*,#9984,.T.);
#10009 = ORIENTED_EDGE('',*,*,#10010,.T.);
#10010 = EDGE_CURVE('',#9957,#10011,#10013,.T.);
#10011 = VERTEX_POINT('',#10012);
#10012 = CARTESIAN_POINT('',(-17.12895732084,-13.10026390357,0.6));
#10013 = SURFACE_CURVE('',#10014,(#10018,#10025),.PCURVE_S1.);
#10014 = B_SPLINE_CURVE_WITH_KNOTS('',2,(#10015,#10016,#10017),
  .UNSPECIFIED.,.F.,.F.,(3,3),(0.,1.),.PIECEWISE_BEZIER_KNOTS.);
#10015 = CARTESIAN_POINT('',(-16.40501274937,-14.30244065209,0.6));
#10016 = CARTESIAN_POINT('',(-16.60620007903,-13.51418209819,0.6));
#10017 = CARTESIAN_POINT('',(-17.12895732084,-13.10026390357,0.6));
#10018 = PCURVE('',#2938,#10019);
#10019 = DEFINITIONAL_REPRESENTATION('',(#10020),#10024);
#10020 = LINE('',#10021,#10022);
#10021 = CARTESIAN_POINT('',(0.,-0.6));
#10022 = VECTOR('',#10023,1.);
#10023 = DIRECTION('',(1.,0.));
#10024 = ( GEOMETRIC_REPRESENTATION_CONTEXT(2) 
PARAMETRIC_REPRESENTATION_CONTEXT() REPRESENTATION_CONTEXT('2D SPACE',''
  ) );
#10025 = PCURVE('',#9972,#10026);
#10026 = DEFINITIONAL_REPRESENTATION('',(#10027),#10031);
#10027 = B_SPLINE_CURVE_WITH_KNOTS('',2,(#10028,#10029,#10030),
  .UNSPECIFIED.,.F.,.F.,(3,3),(0.,1.),.PIECEWISE_BEZIER_KNOTS.);
#10028 = CARTESIAN_POINT('',(-4.610817817375,1.533641119513));
#10029 = CARTESIAN_POINT('',(-4.409630487719,0.745382565613));
#10030 = CARTESIAN_POINT('',(-3.886873245906,0.331464370992));
#10031 = ( GEOMETRIC_REPRESENTATION_CONTEXT(2) 
PARAMETRIC_REPRESENTATION_CONTEXT() REPRESENTATION_CONTEXT('2D SPACE',''
  ) );
#10032 = ORIENTED_EDGE('',*,*,#10033,.F.);
#10033 = EDGE_CURVE('',#2895,#10011,#10034,.T.);
#10034 = SURFACE_CURVE('',#10035,(#10039,#10046),.PCURVE_S1.);
#10035 = LINE('',#10036,#10037);
#10036 = CARTESIAN_POINT('',(-17.12895732084,-13.10026390357,0.));
#10037 = VECTOR('',#10038,1.);
#10038 = DIRECTION('',(-0.,-0.,1.));
#10039 = PCURVE('',#2938,#10040);
#10040 = DEFINITIONAL_REPRESENTATION('',(#10041),#10045);
#10041 = LINE('',#10042,#10043);
#10042 = CARTESIAN_POINT('',(1.,0.));
#10043 = VECTOR('',#10044,1.);
#10044 = DIRECTION('',(0.,-1.));
#10045 = ( GEOMETRIC_REPRESENTATION_CONTEXT(2) 
PARAMETRIC_REPRESENTATION_CONTEXT() REPRESENTATION_CONTEXT('2D SPACE',''
  ) );
#10046 = PCURVE('',#2910,#10047);
#10047 = DEFINITIONAL_REPRESENTATION('',(#10048),#10052);
#10048 = LINE('',#10049,#10050);
#10049 = CARTESIAN_POINT('',(0.,0.));
#10050 = VECTOR('',#10051,1.);
#10051 = DIRECTION('',(0.,-1.));
#10052 = ( GEOMETRIC_REPRESENTATION_CONTEXT(2) 
PARAMETRIC_REPRESENTATION_CONTEXT() REPRESENTATION_CONTEXT('2D SPACE',''
  ) );
#10053 = ORIENTED_EDGE('',*,*,#2924,.F.);
#10054 = ADVANCED_FACE('',(#10055),#2910,.T.);
#10055 = FACE_BOUND('',#10056,.T.);
#10056 = EDGE_LOOP('',(#10057,#10058,#10081,#10102));
#10057 = ORIENTED_EDGE('',*,*,#10033,.T.);
#10058 = ORIENTED_EDGE('',*,*,#10059,.T.);
#10059 = EDGE_CURVE('',#10011,#10060,#10062,.T.);
#10060 = VERTEX_POINT('',#10061);
#10061 = CARTESIAN_POINT('',(-18.4069915871,-12.68634570894,0.6));
#10062 = SURFACE_CURVE('',#10063,(#10067,#10074),.PCURVE_S1.);
#10063 = B_SPLINE_CURVE_WITH_KNOTS('',2,(#10064,#10065,#10066),
  .UNSPECIFIED.,.F.,.F.,(3,3),(0.,1.),.PIECEWISE_BEZIER_KNOTS.);
#10064 = CARTESIAN_POINT('',(-17.12895732084,-13.10026390357,0.6));
#10065 = CARTESIAN_POINT('',(-17.65171456265,-12.68634570894,0.6));
#10066 = CARTESIAN_POINT('',(-18.4069915871,-12.68634570894,0.6));
#10067 = PCURVE('',#2910,#10068);
#10068 = DEFINITIONAL_REPRESENTATION('',(#10069),#10073);
#10069 = LINE('',#10070,#10071);
#10070 = CARTESIAN_POINT('',(0.,-0.6));
#10071 = VECTOR('',#10072,1.);
#10072 = DIRECTION('',(1.,0.));
#10073 = ( GEOMETRIC_REPRESENTATION_CONTEXT(2) 
PARAMETRIC_REPRESENTATION_CONTEXT() REPRESENTATION_CONTEXT('2D SPACE',''
  ) );
#10074 = PCURVE('',#9972,#10075);
#10075 = DEFINITIONAL_REPRESENTATION('',(#10076),#10080);
#10076 = B_SPLINE_CURVE_WITH_KNOTS('',2,(#10077,#10078,#10079),
  .UNSPECIFIED.,.F.,.F.,(3,3),(0.,1.),.PIECEWISE_BEZIER_KNOTS.);
#10077 = CARTESIAN_POINT('',(-3.886873245906,0.331464370992));
#10078 = CARTESIAN_POINT('',(-3.364116004094,-8.245382362974E-02));
#10079 = CARTESIAN_POINT('',(-2.608838979645,-8.245382362974E-02));
#10080 = ( GEOMETRIC_REPRESENTATION_CONTEXT(2) 
PARAMETRIC_REPRESENTATION_CONTEXT() REPRESENTATION_CONTEXT('2D SPACE',''
  ) );
#10081 = ORIENTED_EDGE('',*,*,#10082,.F.);
#10082 = EDGE_CURVE('',#2865,#10060,#10083,.T.);
#10083 = SURFACE_CURVE('',#10084,(#10088,#10095),.PCURVE_S1.);
#10084 = LINE('',#10085,#10086);
#10085 = CARTESIAN_POINT('',(-18.4069915871,-12.68634570894,0.));
#10086 = VECTOR('',#10087,1.);
#10087 = DIRECTION('',(-0.,-0.,1.));
#10088 = PCURVE('',#2910,#10089);
#10089 = DEFINITIONAL_REPRESENTATION('',(#10090),#10094);
#10090 = LINE('',#10091,#10092);
#10091 = CARTESIAN_POINT('',(1.,0.));
#10092 = VECTOR('',#10093,1.);
#10093 = DIRECTION('',(0.,-1.));
#10094 = ( GEOMETRIC_REPRESENTATION_CONTEXT(2) 
PARAMETRIC_REPRESENTATION_CONTEXT() REPRESENTATION_CONTEXT('2D SPACE',''
  ) );
#10095 = PCURVE('',#2880,#10096);
#10096 = DEFINITIONAL_REPRESENTATION('',(#10097),#10101);
#10097 = LINE('',#10098,#10099);
#10098 = CARTESIAN_POINT('',(0.,0.));
#10099 = VECTOR('',#10100,1.);
#10100 = DIRECTION('',(0.,-1.));
#10101 = ( GEOMETRIC_REPRESENTATION_CONTEXT(2) 
PARAMETRIC_REPRESENTATION_CONTEXT() REPRESENTATION_CONTEXT('2D SPACE',''
  ) );
#10102 = ORIENTED_EDGE('',*,*,#2894,.F.);
#10103 = ADVANCED_FACE('',(#10104),#2880,.T.);
#10104 = FACE_BOUND('',#10105,.T.);
#10105 = EDGE_LOOP('',(#10106,#10107,#10130,#10151));
#10106 = ORIENTED_EDGE('',*,*,#10082,.T.);
#10107 = ORIENTED_EDGE('',*,*,#10108,.T.);
#10108 = EDGE_CURVE('',#10060,#10109,#10111,.T.);
#10109 = VERTEX_POINT('',#10110);
#10110 = CARTESIAN_POINT('',(-19.67842954747,-13.00461746816,0.6));
#10111 = SURFACE_CURVE('',#10112,(#10116,#10123),.PCURVE_S1.);
#10112 = B_SPLINE_CURVE_WITH_KNOTS('',2,(#10113,#10114,#10115),
  .UNSPECIFIED.,.F.,.F.,(3,3),(0.,1.),.PIECEWISE_BEZIER_KNOTS.);
#10113 = CARTESIAN_POINT('',(-18.4069915871,-12.68634570894,0.6));
#10114 = CARTESIAN_POINT('',(-19.18865383511,-12.68634570894,0.6));
#10115 = CARTESIAN_POINT('',(-19.67842954747,-13.00461746816,0.6));
#10116 = PCURVE('',#2880,#10117);
#10117 = DEFINITIONAL_REPRESENTATION('',(#10118),#10122);
#10118 = LINE('',#10119,#10120);
#10119 = CARTESIAN_POINT('',(0.,-0.6));
#10120 = VECTOR('',#10121,1.);
#10121 = DIRECTION('',(1.,0.));
#10122 = ( GEOMETRIC_REPRESENTATION_CONTEXT(2) 
PARAMETRIC_REPRESENTATION_CONTEXT() REPRESENTATION_CONTEXT('2D SPACE',''
  ) );
#10123 = PCURVE('',#9972,#10124);
#10124 = DEFINITIONAL_REPRESENTATION('',(#10125),#10129);
#10125 = B_SPLINE_CURVE_WITH_KNOTS('',2,(#10126,#10127,#10128),
  .UNSPECIFIED.,.F.,.F.,(3,3),(0.,1.),.PIECEWISE_BEZIER_KNOTS.);
#10126 = CARTESIAN_POINT('',(-2.608838979645,-8.245382362974E-02));
#10127 = CARTESIAN_POINT('',(-1.827176731635,-8.245382362974E-02));
#10128 = CARTESIAN_POINT('',(-1.337401019274,0.235817935581));
#10129 = ( GEOMETRIC_REPRESENTATION_CONTEXT(2) 
PARAMETRIC_REPRESENTATION_CONTEXT() REPRESENTATION_CONTEXT('2D SPACE',''
  ) );
#10130 = ORIENTED_EDGE('',*,*,#10131,.F.);
#10131 = EDGE_CURVE('',#2835,#10109,#10132,.T.);
#10132 = SURFACE_CURVE('',#10133,(#10137,#10144),.PCURVE_S1.);
#10133 = LINE('',#10134,#10135);
#10134 = CARTESIAN_POINT('',(-19.67842954747,-13.00461746816,0.));
#10135 = VECTOR('',#10136,1.);
#10136 = DIRECTION('',(-0.,-0.,1.));
#10137 = PCURVE('',#2880,#10138);
#10138 = DEFINITIONAL_REPRESENTATION('',(#10139),#10143);
#10139 = LINE('',#10140,#10141);
#10140 = CARTESIAN_POINT('',(1.,0.));
#10141 = VECTOR('',#10142,1.);
#10142 = DIRECTION('',(0.,-1.));
#10143 = ( GEOMETRIC_REPRESENTATION_CONTEXT(2) 
PARAMETRIC_REPRESENTATION_CONTEXT() REPRESENTATION_CONTEXT('2D SPACE',''
  ) );
#10144 = PCURVE('',#2850,#10145);
#10145 = DEFINITIONAL_REPRESENTATION('',(#10146),#10150);
#10146 = LINE('',#10147,#10148);
#10147 = CARTESIAN_POINT('',(0.,0.));
#10148 = VECTOR('',#10149,1.);
#10149 = DIRECTION('',(0.,-1.));
#10150 = ( GEOMETRIC_REPRESENTATION_CONTEXT(2) 
PARAMETRIC_REPRESENTATION_CONTEXT() REPRESENTATION_CONTEXT('2D SPACE',''
  ) );
#10151 = ORIENTED_EDGE('',*,*,#2864,.F.);
#10152 = ADVANCED_FACE('',(#10153),#2850,.T.);
#10153 = FACE_BOUND('',#10154,.T.);
#10154 = EDGE_LOOP('',(#10155,#10156,#10179,#10200));
#10155 = ORIENTED_EDGE('',*,*,#10131,.T.);
#10156 = ORIENTED_EDGE('',*,*,#10157,.T.);
#10157 = EDGE_CURVE('',#10109,#10158,#10160,.T.);
#10158 = VERTEX_POINT('',#10159);
#10159 = CARTESIAN_POINT('',(-20.42381211308,-13.92645121634,0.6));
#10160 = SURFACE_CURVE('',#10161,(#10165,#10172),.PCURVE_S1.);
#10161 = B_SPLINE_CURVE_WITH_KNOTS('',2,(#10162,#10163,#10164),
  .UNSPECIFIED.,.F.,.F.,(3,3),(0.,1.),.PIECEWISE_BEZIER_KNOTS.);
#10162 = CARTESIAN_POINT('',(-19.67842954747,-13.00461746816,0.6));
#10163 = CARTESIAN_POINT('',(-20.16820525983,-13.32288922737,0.6));
#10164 = CARTESIAN_POINT('',(-20.42381211308,-13.92645121634,0.6));
#10165 = PCURVE('',#2850,#10166);
#10166 = DEFINITIONAL_REPRESENTATION('',(#10167),#10171);
#10167 = LINE('',#10168,#10169);
#10168 = CARTESIAN_POINT('',(0.,-0.6));
#10169 = VECTOR('',#10170,1.);
#10170 = DIRECTION('',(1.,0.));
#10171 = ( GEOMETRIC_REPRESENTATION_CONTEXT(2) 
PARAMETRIC_REPRESENTATION_CONTEXT() REPRESENTATION_CONTEXT('2D SPACE',''
  ) );
#10172 = PCURVE('',#9972,#10173);
#10173 = DEFINITIONAL_REPRESENTATION('',(#10174),#10178);
#10174 = B_SPLINE_CURVE_WITH_KNOTS('',2,(#10175,#10176,#10177),
  .UNSPECIFIED.,.F.,.F.,(3,3),(0.,1.),.PIECEWISE_BEZIER_KNOTS.);
#10175 = CARTESIAN_POINT('',(-1.337401019274,0.235817935581));
#10176 = CARTESIAN_POINT('',(-0.847625306914,0.554089694792));
#10177 = CARTESIAN_POINT('',(-0.592018453662,1.157651683762));
#10178 = ( GEOMETRIC_REPRESENTATION_CONTEXT(2) 
PARAMETRIC_REPRESENTATION_CONTEXT() REPRESENTATION_CONTEXT('2D SPACE',''
  ) );
#10179 = ORIENTED_EDGE('',*,*,#10180,.F.);
#10180 = EDGE_CURVE('',#2805,#10158,#10181,.T.);
#10181 = SURFACE_CURVE('',#10182,(#10186,#10193),.PCURVE_S1.);
#10182 = LINE('',#10183,#10184);
#10183 = CARTESIAN_POINT('',(-20.42381211308,-13.92645121634,0.));
#10184 = VECTOR('',#10185,1.);
#10185 = DIRECTION('',(-0.,-0.,1.));
#10186 = PCURVE('',#2850,#10187);
#10187 = DEFINITIONAL_REPRESENTATION('',(#10188),#10192);
#10188 = LINE('',#10189,#10190);
#10189 = CARTESIAN_POINT('',(1.,0.));
#10190 = VECTOR('',#10191,1.);
#10191 = DIRECTION('',(0.,-1.));
#10192 = ( GEOMETRIC_REPRESENTATION_CONTEXT(2) 
PARAMETRIC_REPRESENTATION_CONTEXT() REPRESENTATION_CONTEXT('2D SPACE',''
  ) );
#10193 = PCURVE('',#2820,#10194);
#10194 = DEFINITIONAL_REPRESENTATION('',(#10195),#10199);
#10195 = LINE('',#10196,#10197);
#10196 = CARTESIAN_POINT('',(0.,0.));
#10197 = VECTOR('',#10198,1.);
#10198 = DIRECTION('',(0.,-1.));
#10199 = ( GEOMETRIC_REPRESENTATION_CONTEXT(2) 
PARAMETRIC_REPRESENTATION_CONTEXT() REPRESENTATION_CONTEXT('2D SPACE',''
  ) );
#10200 = ORIENTED_EDGE('',*,*,#2834,.F.);
#10201 = ADVANCED_FACE('',(#10202),#2820,.T.);
#10202 = FACE_BOUND('',#10203,.T.);
#10203 = EDGE_LOOP('',(#10204,#10205,#10228,#10249));
#10204 = ORIENTED_EDGE('',*,*,#10180,.T.);
#10205 = ORIENTED_EDGE('',*,*,#10206,.T.);
#10206 = EDGE_CURVE('',#10158,#10207,#10209,.T.);
#10207 = VERTEX_POINT('',#10208);
#10208 = CARTESIAN_POINT('',(-20.67941896634,-15.2226253238,0.6));
#10209 = SURFACE_CURVE('',#10210,(#10214,#10221),.PCURVE_S1.);
#10210 = B_SPLINE_CURVE_WITH_KNOTS('',2,(#10211,#10212,#10213),
  .UNSPECIFIED.,.F.,.F.,(3,3),(0.,1.),.PIECEWISE_BEZIER_KNOTS.);
#10211 = CARTESIAN_POINT('',(-20.42381211308,-13.92645121634,0.6));
#10212 = CARTESIAN_POINT('',(-20.67941896634,-14.53001320531,0.6));
#10213 = CARTESIAN_POINT('',(-20.67941896634,-15.2226253238,0.6));
#10214 = PCURVE('',#2820,#10215);
#10215 = DEFINITIONAL_REPRESENTATION('',(#10216),#10220);
#10216 = LINE('',#10217,#10218);
#10217 = CARTESIAN_POINT('',(0.,-0.6));
#10218 = VECTOR('',#10219,1.);
#10219 = DIRECTION('',(1.,0.));
#10220 = ( GEOMETRIC_REPRESENTATION_CONTEXT(2) 
PARAMETRIC_REPRESENTATION_CONTEXT() REPRESENTATION_CONTEXT('2D SPACE',''
  ) );
#10221 = PCURVE('',#9972,#10222);
#10222 = DEFINITIONAL_REPRESENTATION('',(#10223),#10227);
#10223 = B_SPLINE_CURVE_WITH_KNOTS('',2,(#10224,#10225,#10226),
  .UNSPECIFIED.,.F.,.F.,(3,3),(0.,1.),.PIECEWISE_BEZIER_KNOTS.);
#10224 = CARTESIAN_POINT('',(-0.592018453662,1.157651683762));
#10225 = CARTESIAN_POINT('',(-0.336411600409,1.761213672731));
#10226 = CARTESIAN_POINT('',(-0.336411600409,2.453825791221));
#10227 = ( GEOMETRIC_REPRESENTATION_CONTEXT(2) 
PARAMETRIC_REPRESENTATION_CONTEXT() REPRESENTATION_CONTEXT('2D SPACE',''
  ) );
#10228 = ORIENTED_EDGE('',*,*,#10229,.F.);
#10229 = EDGE_CURVE('',#2775,#10207,#10230,.T.);
#10230 = SURFACE_CURVE('',#10231,(#10235,#10242),.PCURVE_S1.);
#10231 = LINE('',#10232,#10233);
#10232 = CARTESIAN_POINT('',(-20.67941896634,-15.2226253238,0.));
#10233 = VECTOR('',#10234,1.);
#10234 = DIRECTION('',(-0.,-0.,1.));
#10235 = PCURVE('',#2820,#10236);
#10236 = DEFINITIONAL_REPRESENTATION('',(#10237),#10241);
#10237 = LINE('',#10238,#10239);
#10238 = CARTESIAN_POINT('',(1.,0.));
#10239 = VECTOR('',#10240,1.);
#10240 = DIRECTION('',(0.,-1.));
#10241 = ( GEOMETRIC_REPRESENTATION_CONTEXT(2) 
PARAMETRIC_REPRESENTATION_CONTEXT() REPRESENTATION_CONTEXT('2D SPACE',''
  ) );
#10242 = PCURVE('',#2790,#10243);
#10243 = DEFINITIONAL_REPRESENTATION('',(#10244),#10248);
#10244 = LINE('',#10245,#10246);
#10245 = CARTESIAN_POINT('',(0.,0.));
#10246 = VECTOR('',#10247,1.);
#10247 = DIRECTION('',(0.,-1.));
#10248 = ( GEOMETRIC_REPRESENTATION_CONTEXT(2) 
PARAMETRIC_REPRESENTATION_CONTEXT() REPRESENTATION_CONTEXT('2D SPACE',''
  ) );
#10249 = ORIENTED_EDGE('',*,*,#2804,.F.);
#10250 = ADVANCED_FACE('',(#10251),#2790,.T.);
#10251 = FACE_BOUND('',#10252,.T.);
#10252 = EDGE_LOOP('',(#10253,#10254,#10277,#10298));
#10253 = ORIENTED_EDGE('',*,*,#10229,.T.);
#10254 = ORIENTED_EDGE('',*,*,#10255,.T.);
#10255 = EDGE_CURVE('',#10207,#10256,#10258,.T.);
#10256 = VERTEX_POINT('',#10257);
#10257 = CARTESIAN_POINT('',(-20.39083058363,-16.5402374254,0.6));
#10258 = SURFACE_CURVE('',#10259,(#10263,#10270),.PCURVE_S1.);
#10259 = B_SPLINE_CURVE_WITH_KNOTS('',2,(#10260,#10261,#10262),
  .UNSPECIFIED.,.F.,.F.,(3,3),(0.,1.),.PIECEWISE_BEZIER_KNOTS.);
#10260 = CARTESIAN_POINT('',(-20.67941896634,-15.2226253238,0.6));
#10261 = CARTESIAN_POINT('',(-20.67941896634,-15.97790234824,0.6));
#10262 = CARTESIAN_POINT('',(-20.39083058363,-16.5402374254,0.6));
#10263 = PCURVE('',#2790,#10264);
#10264 = DEFINITIONAL_REPRESENTATION('',(#10265),#10269);
#10265 = LINE('',#10266,#10267);
#10266 = CARTESIAN_POINT('',(0.,-0.6));
#10267 = VECTOR('',#10268,1.);
#10268 = DIRECTION('',(1.,0.));
#10269 = ( GEOMETRIC_REPRESENTATION_CONTEXT(2) 
PARAMETRIC_REPRESENTATION_CONTEXT() REPRESENTATION_CONTEXT('2D SPACE',''
  ) );
#10270 = PCURVE('',#9972,#10271);
#10271 = DEFINITIONAL_REPRESENTATION('',(#10272),#10276);
#10272 = B_SPLINE_CURVE_WITH_KNOTS('',2,(#10273,#10274,#10275),
  .UNSPECIFIED.,.F.,.F.,(3,3),(0.,1.),.PIECEWISE_BEZIER_KNOTS.);
#10273 = CARTESIAN_POINT('',(-0.336411600409,2.453825791221));
#10274 = CARTESIAN_POINT('',(-0.336411600409,3.20910281567));
#10275 = CARTESIAN_POINT('',(-0.624999983113,3.771437892824));
#10276 = ( GEOMETRIC_REPRESENTATION_CONTEXT(2) 
PARAMETRIC_REPRESENTATION_CONTEXT() REPRESENTATION_CONTEXT('2D SPACE',''
  ) );
#10277 = ORIENTED_EDGE('',*,*,#10278,.F.);
#10278 = EDGE_CURVE('',#2745,#10256,#10279,.T.);
#10279 = SURFACE_CURVE('',#10280,(#10284,#10291),.PCURVE_S1.);
#10280 = LINE('',#10281,#10282);
#10281 = CARTESIAN_POINT('',(-20.39083058363,-16.5402374254,0.));
#10282 = VECTOR('',#10283,1.);
#10283 = DIRECTION('',(-0.,-0.,1.));
#10284 = PCURVE('',#2790,#10285);
#10285 = DEFINITIONAL_REPRESENTATION('',(#10286),#10290);
#10286 = LINE('',#10287,#10288);
#10287 = CARTESIAN_POINT('',(1.,0.));
#10288 = VECTOR('',#10289,1.);
#10289 = DIRECTION('',(0.,-1.));
#10290 = ( GEOMETRIC_REPRESENTATION_CONTEXT(2) 
PARAMETRIC_REPRESENTATION_CONTEXT() REPRESENTATION_CONTEXT('2D SPACE',''
  ) );
#10291 = PCURVE('',#2760,#10292);
#10292 = DEFINITIONAL_REPRESENTATION('',(#10293),#10297);
#10293 = LINE('',#10294,#10295);
#10294 = CARTESIAN_POINT('',(0.,0.));
#10295 = VECTOR('',#10296,1.);
#10296 = DIRECTION('',(0.,-1.));
#10297 = ( GEOMETRIC_REPRESENTATION_CONTEXT(2) 
PARAMETRIC_REPRESENTATION_CONTEXT() REPRESENTATION_CONTEXT('2D SPACE',''
  ) );
#10298 = ORIENTED_EDGE('',*,*,#2774,.F.);
#10299 = ADVANCED_FACE('',(#10300),#2760,.T.);
#10300 = FACE_BOUND('',#10301,.T.);
#10301 = EDGE_LOOP('',(#10302,#10303,#10326,#10347));
#10302 = ORIENTED_EDGE('',*,*,#10278,.T.);
#10303 = ORIENTED_EDGE('',*,*,#10304,.T.);
#10304 = EDGE_CURVE('',#10256,#10305,#10307,.T.);
#10305 = VERTEX_POINT('',#10306);
#10306 = CARTESIAN_POINT('',(-19.56959050028,-17.3944590382,0.6));
#10307 = SURFACE_CURVE('',#10308,(#10312,#10319),.PCURVE_S1.);
#10308 = B_SPLINE_CURVE_WITH_KNOTS('',2,(#10309,#10310,#10311),
  .UNSPECIFIED.,.F.,.F.,(3,3),(0.,1.),.PIECEWISE_BEZIER_KNOTS.);
#10309 = CARTESIAN_POINT('',(-20.39083058363,-16.5402374254,0.6));
#10310 = CARTESIAN_POINT('',(-20.10224220093,-17.10257250255,0.6));
#10311 = CARTESIAN_POINT('',(-19.56959050028,-17.3944590382,0.6));
#10312 = PCURVE('',#2760,#10313);
#10313 = DEFINITIONAL_REPRESENTATION('',(#10314),#10318);
#10314 = LINE('',#10315,#10316);
#10315 = CARTESIAN_POINT('',(0.,-0.6));
#10316 = VECTOR('',#10317,1.);
#10317 = DIRECTION('',(1.,0.));
#10318 = ( GEOMETRIC_REPRESENTATION_CONTEXT(2) 
PARAMETRIC_REPRESENTATION_CONTEXT() REPRESENTATION_CONTEXT('2D SPACE',''
  ) );
#10319 = PCURVE('',#9972,#10320);
#10320 = DEFINITIONAL_REPRESENTATION('',(#10321),#10325);
#10321 = B_SPLINE_CURVE_WITH_KNOTS('',2,(#10322,#10323,#10324),
  .UNSPECIFIED.,.F.,.F.,(3,3),(0.,1.),.PIECEWISE_BEZIER_KNOTS.);
#10322 = CARTESIAN_POINT('',(-0.624999983113,3.771437892824));
#10323 = CARTESIAN_POINT('',(-0.913588365818,4.333772969979));
#10324 = CARTESIAN_POINT('',(-1.446240066466,4.625659505629));
#10325 = ( GEOMETRIC_REPRESENTATION_CONTEXT(2) 
PARAMETRIC_REPRESENTATION_CONTEXT() REPRESENTATION_CONTEXT('2D SPACE',''
  ) );
#10326 = ORIENTED_EDGE('',*,*,#10327,.F.);
#10327 = EDGE_CURVE('',#2715,#10305,#10328,.T.);
#10328 = SURFACE_CURVE('',#10329,(#10333,#10340),.PCURVE_S1.);
#10329 = LINE('',#10330,#10331);
#10330 = CARTESIAN_POINT('',(-19.56959050028,-17.3944590382,0.));
#10331 = VECTOR('',#10332,1.);
#10332 = DIRECTION('',(-0.,-0.,1.));
#10333 = PCURVE('',#2760,#10334);
#10334 = DEFINITIONAL_REPRESENTATION('',(#10335),#10339);
#10335 = LINE('',#10336,#10337);
#10336 = CARTESIAN_POINT('',(1.,0.));
#10337 = VECTOR('',#10338,1.);
#10338 = DIRECTION('',(0.,-1.));
#10339 = ( GEOMETRIC_REPRESENTATION_CONTEXT(2) 
PARAMETRIC_REPRESENTATION_CONTEXT() REPRESENTATION_CONTEXT('2D SPACE',''
  ) );
#10340 = PCURVE('',#2730,#10341);
#10341 = DEFINITIONAL_REPRESENTATION('',(#10342),#10346);
#10342 = LINE('',#10343,#10344);
#10343 = CARTESIAN_POINT('',(0.,0.));
#10344 = VECTOR('',#10345,1.);
#10345 = DIRECTION('',(0.,-1.));
#10346 = ( GEOMETRIC_REPRESENTATION_CONTEXT(2) 
PARAMETRIC_REPRESENTATION_CONTEXT() REPRESENTATION_CONTEXT('2D SPACE',''
  ) );
#10347 = ORIENTED_EDGE('',*,*,#2744,.F.);
#10348 = ADVANCED_FACE('',(#10349),#2730,.T.);
#10349 = FACE_BOUND('',#10350,.T.);
#10350 = EDGE_LOOP('',(#10351,#10352,#10375,#10396));
#10351 = ORIENTED_EDGE('',*,*,#10327,.T.);
#10352 = ORIENTED_EDGE('',*,*,#10353,.T.);
#10353 = EDGE_CURVE('',#10305,#10354,#10356,.T.);
#10354 = VERTEX_POINT('',#10355);
#10355 = CARTESIAN_POINT('',(-18.39709712826,-17.68634557385,0.6));
#10356 = SURFACE_CURVE('',#10357,(#10361,#10368),.PCURVE_S1.);
#10357 = B_SPLINE_CURVE_WITH_KNOTS('',2,(#10358,#10359,#10360),
  .UNSPECIFIED.,.F.,.F.,(3,3),(0.,1.),.PIECEWISE_BEZIER_KNOTS.);
#10358 = CARTESIAN_POINT('',(-19.56959050028,-17.3944590382,0.6));
#10359 = CARTESIAN_POINT('',(-19.03693879963,-17.68634557385,0.6));
#10360 = CARTESIAN_POINT('',(-18.39709712826,-17.68634557385,0.6));
#10361 = PCURVE('',#2730,#10362);
#10362 = DEFINITIONAL_REPRESENTATION('',(#10363),#10367);
#10363 = LINE('',#10364,#10365);
#10364 = CARTESIAN_POINT('',(0.,-0.6));
#10365 = VECTOR('',#10366,1.);
#10366 = DIRECTION('',(1.,0.));
#10367 = ( GEOMETRIC_REPRESENTATION_CONTEXT(2) 
PARAMETRIC_REPRESENTATION_CONTEXT() REPRESENTATION_CONTEXT('2D SPACE',''
  ) );
#10368 = PCURVE('',#9972,#10369);
#10369 = DEFINITIONAL_REPRESENTATION('',(#10370),#10374);
#10370 = B_SPLINE_CURVE_WITH_KNOTS('',2,(#10371,#10372,#10373),
  .UNSPECIFIED.,.F.,.F.,(3,3),(0.,1.),.PIECEWISE_BEZIER_KNOTS.);
#10371 = CARTESIAN_POINT('',(-1.446240066466,4.625659505629));
#10372 = CARTESIAN_POINT('',(-1.978891767114,4.917546041278));
#10373 = CARTESIAN_POINT('',(-2.618733438481,4.917546041278));
#10374 = ( GEOMETRIC_REPRESENTATION_CONTEXT(2) 
PARAMETRIC_REPRESENTATION_CONTEXT() REPRESENTATION_CONTEXT('2D SPACE',''
  ) );
#10375 = ORIENTED_EDGE('',*,*,#10376,.F.);
#10376 = EDGE_CURVE('',#2685,#10354,#10377,.T.);
#10377 = SURFACE_CURVE('',#10378,(#10382,#10389),.PCURVE_S1.);
#10378 = LINE('',#10379,#10380);
#10379 = CARTESIAN_POINT('',(-18.39709712826,-17.68634557385,0.));
#10380 = VECTOR('',#10381,1.);
#10381 = DIRECTION('',(-0.,-0.,1.));
#10382 = PCURVE('',#2730,#10383);
#10383 = DEFINITIONAL_REPRESENTATION('',(#10384),#10388);
#10384 = LINE('',#10385,#10386);
#10385 = CARTESIAN_POINT('',(1.,0.));
#10386 = VECTOR('',#10387,1.);
#10387 = DIRECTION('',(0.,-1.));
#10388 = ( GEOMETRIC_REPRESENTATION_CONTEXT(2) 
PARAMETRIC_REPRESENTATION_CONTEXT() REPRESENTATION_CONTEXT('2D SPACE',''
  ) );
#10389 = PCURVE('',#2700,#10390);
#10390 = DEFINITIONAL_REPRESENTATION('',(#10391),#10395);
#10391 = LINE('',#10392,#10393);
#10392 = CARTESIAN_POINT('',(0.,0.));
#10393 = VECTOR('',#10394,1.);
#10394 = DIRECTION('',(0.,-1.));
#10395 = ( GEOMETRIC_REPRESENTATION_CONTEXT(2) 
PARAMETRIC_REPRESENTATION_CONTEXT() REPRESENTATION_CONTEXT('2D SPACE',''
  ) );
#10396 = ORIENTED_EDGE('',*,*,#2714,.F.);
#10397 = ADVANCED_FACE('',(#10398),#2700,.T.);
#10398 = FACE_BOUND('',#10399,.T.);
#10399 = EDGE_LOOP('',(#10400,#10401,#10424,#10445));
#10400 = ORIENTED_EDGE('',*,*,#10376,.T.);
#10401 = ORIENTED_EDGE('',*,*,#10402,.T.);
#10402 = EDGE_CURVE('',#10354,#10403,#10405,.T.);
#10403 = VERTEX_POINT('',#10404);
#10404 = CARTESIAN_POINT('',(-17.17678053854,-17.31695244399,0.6));
#10405 = SURFACE_CURVE('',#10406,(#10410,#10417),.PCURVE_S1.);
#10406 = B_SPLINE_CURVE_WITH_KNOTS('',2,(#10407,#10408,#10409),
  .UNSPECIFIED.,.F.,.F.,(3,3),(0.,1.),.PIECEWISE_BEZIER_KNOTS.);
#10407 = CARTESIAN_POINT('',(-18.39709712826,-17.68634557385,0.6));
#10408 = CARTESIAN_POINT('',(-17.67150348032,-17.68634557385,0.6));
#10409 = CARTESIAN_POINT('',(-17.17678053854,-17.31695244399,0.6));
#10410 = PCURVE('',#2700,#10411);
#10411 = DEFINITIONAL_REPRESENTATION('',(#10412),#10416);
#10412 = LINE('',#10413,#10414);
#10413 = CARTESIAN_POINT('',(0.,-0.6));
#10414 = VECTOR('',#10415,1.);
#10415 = DIRECTION('',(1.,0.));
#10416 = ( GEOMETRIC_REPRESENTATION_CONTEXT(2) 
PARAMETRIC_REPRESENTATION_CONTEXT() REPRESENTATION_CONTEXT('2D SPACE',''
  ) );
#10417 = PCURVE('',#9972,#10418);
#10418 = DEFINITIONAL_REPRESENTATION('',(#10419),#10423);
#10419 = B_SPLINE_CURVE_WITH_KNOTS('',2,(#10420,#10421,#10422),
  .UNSPECIFIED.,.F.,.F.,(3,3),(0.,1.),.PIECEWISE_BEZIER_KNOTS.);
#10420 = CARTESIAN_POINT('',(-2.618733438481,4.917546041278));
#10421 = CARTESIAN_POINT('',(-3.344327086422,4.917546041278));
#10422 = CARTESIAN_POINT('',(-3.839050028201,4.548152911417));
#10423 = ( GEOMETRIC_REPRESENTATION_CONTEXT(2) 
PARAMETRIC_REPRESENTATION_CONTEXT() REPRESENTATION_CONTEXT('2D SPACE',''
  ) );
#10424 = ORIENTED_EDGE('',*,*,#10425,.F.);
#10425 = EDGE_CURVE('',#2655,#10403,#10426,.T.);
#10426 = SURFACE_CURVE('',#10427,(#10431,#10438),.PCURVE_S1.);
#10427 = LINE('',#10428,#10429);
#10428 = CARTESIAN_POINT('',(-17.17678053854,-17.31695244399,0.));
#10429 = VECTOR('',#10430,1.);
#10430 = DIRECTION('',(-0.,-0.,1.));
#10431 = PCURVE('',#2700,#10432);
#10432 = DEFINITIONAL_REPRESENTATION('',(#10433),#10437);
#10433 = LINE('',#10434,#10435);
#10434 = CARTESIAN_POINT('',(1.,0.));
#10435 = VECTOR('',#10436,1.);
#10436 = DIRECTION('',(0.,-1.));
#10437 = ( GEOMETRIC_REPRESENTATION_CONTEXT(2) 
PARAMETRIC_REPRESENTATION_CONTEXT() REPRESENTATION_CONTEXT('2D SPACE',''
  ) );
#10438 = PCURVE('',#2670,#10439);
#10439 = DEFINITIONAL_REPRESENTATION('',(#10440),#10444);
#10440 = LINE('',#10441,#10442);
#10441 = CARTESIAN_POINT('',(0.,0.));
#10442 = VECTOR('',#10443,1.);
#10443 = DIRECTION('',(0.,-1.));
#10444 = ( GEOMETRIC_REPRESENTATION_CONTEXT(2) 
PARAMETRIC_REPRESENTATION_CONTEXT() REPRESENTATION_CONTEXT('2D SPACE',''
  ) );
#10445 = ORIENTED_EDGE('',*,*,#2684,.F.);
#10446 = ADVANCED_FACE('',(#10447),#2670,.T.);
#10447 = FACE_BOUND('',#10448,.T.);
#10448 = EDGE_LOOP('',(#10449,#10450,#10473,#10494));
#10449 = ORIENTED_EDGE('',*,*,#10425,.T.);
#10450 = ORIENTED_EDGE('',*,*,#10451,.T.);
#10451 = EDGE_CURVE('',#10403,#10452,#10454,.T.);
#10452 = VERTEX_POINT('',#10453);
#10453 = CARTESIAN_POINT('',(-16.487466573,-16.27803426626,0.6));
#10454 = SURFACE_CURVE('',#10455,(#10459,#10466),.PCURVE_S1.);
#10455 = B_SPLINE_CURVE_WITH_KNOTS('',2,(#10456,#10457,#10458),
  .UNSPECIFIED.,.F.,.F.,(3,3),(0.,1.),.PIECEWISE_BEZIER_KNOTS.);
#10456 = CARTESIAN_POINT('',(-17.17678053854,-17.31695244399,0.6));
#10457 = CARTESIAN_POINT('',(-16.68205759677,-16.94755931413,0.6));
#10458 = CARTESIAN_POINT('',(-16.487466573,-16.27803426626,0.6));
#10459 = PCURVE('',#2670,#10460);
#10460 = DEFINITIONAL_REPRESENTATION('',(#10461),#10465);
#10461 = LINE('',#10462,#10463);
#10462 = CARTESIAN_POINT('',(0.,-0.6));
#10463 = VECTOR('',#10464,1.);
#10464 = DIRECTION('',(1.,0.));
#10465 = ( GEOMETRIC_REPRESENTATION_CONTEXT(2) 
PARAMETRIC_REPRESENTATION_CONTEXT() REPRESENTATION_CONTEXT('2D SPACE',''
  ) );
#10466 = PCURVE('',#9972,#10467);
#10467 = DEFINITIONAL_REPRESENTATION('',(#10468),#10472);
#10468 = B_SPLINE_CURVE_WITH_KNOTS('',2,(#10469,#10470,#10471),
  .UNSPECIFIED.,.F.,.F.,(3,3),(0.,1.),.PIECEWISE_BEZIER_KNOTS.);
#10469 = CARTESIAN_POINT('',(-3.839050028201,4.548152911417));
#10470 = CARTESIAN_POINT('',(-4.333772969979,4.178759781555));
#10471 = CARTESIAN_POINT('',(-4.528363993746,3.509234733682));
#10472 = ( GEOMETRIC_REPRESENTATION_CONTEXT(2) 
PARAMETRIC_REPRESENTATION_CONTEXT() REPRESENTATION_CONTEXT('2D SPACE',''
  ) );
#10473 = ORIENTED_EDGE('',*,*,#10474,.F.);
#10474 = EDGE_CURVE('',#2627,#10452,#10475,.T.);
#10475 = SURFACE_CURVE('',#10476,(#10480,#10487),.PCURVE_S1.);
#10476 = LINE('',#10477,#10478);
#10477 = CARTESIAN_POINT('',(-16.487466573,-16.27803426626,0.));
#10478 = VECTOR('',#10479,1.);
#10479 = DIRECTION('',(-0.,-0.,1.));
#10480 = PCURVE('',#2670,#10481);
#10481 = DEFINITIONAL_REPRESENTATION('',(#10482),#10486);
#10482 = LINE('',#10483,#10484);
#10483 = CARTESIAN_POINT('',(1.,0.));
#10484 = VECTOR('',#10485,1.);
#10485 = DIRECTION('',(0.,-1.));
#10486 = ( GEOMETRIC_REPRESENTATION_CONTEXT(2) 
PARAMETRIC_REPRESENTATION_CONTEXT() REPRESENTATION_CONTEXT('2D SPACE',''
  ) );
#10487 = PCURVE('',#2642,#10488);
#10488 = DEFINITIONAL_REPRESENTATION('',(#10489),#10493);
#10489 = LINE('',#10490,#10491);
#10490 = CARTESIAN_POINT('',(0.,0.));
#10491 = VECTOR('',#10492,1.);
#10492 = DIRECTION('',(0.,-1.));
#10493 = ( GEOMETRIC_REPRESENTATION_CONTEXT(2) 
PARAMETRIC_REPRESENTATION_CONTEXT() REPRESENTATION_CONTEXT('2D SPACE',''
  ) );
#10494 = ORIENTED_EDGE('',*,*,#2654,.F.);
#10495 = ADVANCED_FACE('',(#10496),#2642,.T.);
#10496 = FACE_BOUND('',#10497,.T.);
#10497 = EDGE_LOOP('',(#10498,#10499,#10522,#10543));
#10498 = ORIENTED_EDGE('',*,*,#10474,.T.);
#10499 = ORIENTED_EDGE('',*,*,#10500,.T.);
#10500 = EDGE_CURVE('',#10452,#10501,#10503,.T.);
#10501 = VERTEX_POINT('',#10502);
#10502 = CARTESIAN_POINT('',(-17.11741378553,-16.12961738372,0.6));
#10503 = SURFACE_CURVE('',#10504,(#10508,#10515),.PCURVE_S1.);
#10504 = LINE('',#10505,#10506);
#10505 = CARTESIAN_POINT('',(-16.487466573,-16.27803426626,0.6));
#10506 = VECTOR('',#10507,1.);
#10507 = DIRECTION('',(-0.973350293123,0.22932336749,0.));
#10508 = PCURVE('',#2642,#10509);
#10509 = DEFINITIONAL_REPRESENTATION('',(#10510),#10514);
#10510 = LINE('',#10511,#10512);
#10511 = CARTESIAN_POINT('',(0.,-0.6));
#10512 = VECTOR('',#10513,1.);
#10513 = DIRECTION('',(1.,0.));
#10514 = ( GEOMETRIC_REPRESENTATION_CONTEXT(2) 
PARAMETRIC_REPRESENTATION_CONTEXT() REPRESENTATION_CONTEXT('2D SPACE',''
  ) );
#10515 = PCURVE('',#9972,#10516);
#10516 = DEFINITIONAL_REPRESENTATION('',(#10517),#10521);
#10517 = LINE('',#10518,#10519);
#10518 = CARTESIAN_POINT('',(-4.528363993746,3.509234733682));
#10519 = VECTOR('',#10520,1.);
#10520 = DIRECTION('',(0.973350293123,-0.22932336749));
#10521 = ( GEOMETRIC_REPRESENTATION_CONTEXT(2) 
PARAMETRIC_REPRESENTATION_CONTEXT() REPRESENTATION_CONTEXT('2D SPACE',''
  ) );
#10522 = ORIENTED_EDGE('',*,*,#10523,.F.);
#10523 = EDGE_CURVE('',#2597,#10501,#10524,.T.);
#10524 = SURFACE_CURVE('',#10525,(#10529,#10536),.PCURVE_S1.);
#10525 = LINE('',#10526,#10527);
#10526 = CARTESIAN_POINT('',(-17.11741378553,-16.12961738372,0.));
#10527 = VECTOR('',#10528,1.);
#10528 = DIRECTION('',(-0.,-0.,1.));
#10529 = PCURVE('',#2642,#10530);
#10530 = DEFINITIONAL_REPRESENTATION('',(#10531),#10535);
#10531 = LINE('',#10532,#10533);
#10532 = CARTESIAN_POINT('',(0.647194763264,0.));
#10533 = VECTOR('',#10534,1.);
#10534 = DIRECTION('',(0.,-1.));
#10535 = ( GEOMETRIC_REPRESENTATION_CONTEXT(2) 
PARAMETRIC_REPRESENTATION_CONTEXT() REPRESENTATION_CONTEXT('2D SPACE',''
  ) );
#10536 = PCURVE('',#2612,#10537);
#10537 = DEFINITIONAL_REPRESENTATION('',(#10538),#10542);
#10538 = LINE('',#10539,#10540);
#10539 = CARTESIAN_POINT('',(0.,0.));
#10540 = VECTOR('',#10541,1.);
#10541 = DIRECTION('',(0.,-1.));
#10542 = ( GEOMETRIC_REPRESENTATION_CONTEXT(2) 
PARAMETRIC_REPRESENTATION_CONTEXT() REPRESENTATION_CONTEXT('2D SPACE',''
  ) );
#10543 = ORIENTED_EDGE('',*,*,#2626,.F.);
#10544 = ADVANCED_FACE('',(#10545),#2612,.T.);
#10545 = FACE_BOUND('',#10546,.T.);
#10546 = EDGE_LOOP('',(#10547,#10548,#10571,#10592));
#10547 = ORIENTED_EDGE('',*,*,#10523,.T.);
#10548 = ORIENTED_EDGE('',*,*,#10549,.T.);
#10549 = EDGE_CURVE('',#10501,#10550,#10552,.T.);
#10550 = VERTEX_POINT('',#10551);
#10551 = CARTESIAN_POINT('',(-17.60554042142,-16.89808701995,0.6));
#10552 = SURFACE_CURVE('',#10553,(#10557,#10564),.PCURVE_S1.);
#10553 = B_SPLINE_CURVE_WITH_KNOTS('',2,(#10554,#10555,#10556),
  .UNSPECIFIED.,.F.,.F.,(3,3),(0.,1.),.PIECEWISE_BEZIER_KNOTS.);
#10554 = CARTESIAN_POINT('',(-17.11741378553,-16.12961738372,0.6));
#10555 = CARTESIAN_POINT('',(-17.28561958573,-16.65732185495,0.6));
#10556 = CARTESIAN_POINT('',(-17.60554042142,-16.89808701995,0.6));
#10557 = PCURVE('',#2612,#10558);
#10558 = DEFINITIONAL_REPRESENTATION('',(#10559),#10563);
#10559 = LINE('',#10560,#10561);
#10560 = CARTESIAN_POINT('',(0.,-0.6));
#10561 = VECTOR('',#10562,1.);
#10562 = DIRECTION('',(1.,0.));
#10563 = ( GEOMETRIC_REPRESENTATION_CONTEXT(2) 
PARAMETRIC_REPRESENTATION_CONTEXT() REPRESENTATION_CONTEXT('2D SPACE',''
  ) );
#10564 = PCURVE('',#9972,#10565);
#10565 = DEFINITIONAL_REPRESENTATION('',(#10566),#10570);
#10566 = B_SPLINE_CURVE_WITH_KNOTS('',2,(#10567,#10568,#10569),
  .UNSPECIFIED.,.F.,.F.,(3,3),(0.,1.),.PIECEWISE_BEZIER_KNOTS.);
#10567 = CARTESIAN_POINT('',(-3.898416781214,3.360817851148));
#10568 = CARTESIAN_POINT('',(-3.73021098101,3.888522322379));
#10569 = CARTESIAN_POINT('',(-3.410290145326,4.129287487378));
#10570 = ( GEOMETRIC_REPRESENTATION_CONTEXT(2) 
PARAMETRIC_REPRESENTATION_CONTEXT() REPRESENTATION_CONTEXT('2D SPACE',''
  ) );
#10571 = ORIENTED_EDGE('',*,*,#10572,.F.);
#10572 = EDGE_CURVE('',#2567,#10550,#10573,.T.);
#10573 = SURFACE_CURVE('',#10574,(#10578,#10585),.PCURVE_S1.);
#10574 = LINE('',#10575,#10576);
#10575 = CARTESIAN_POINT('',(-17.60554042142,-16.89808701995,0.));
#10576 = VECTOR('',#10577,1.);
#10577 = DIRECTION('',(-0.,-0.,1.));
#10578 = PCURVE('',#2612,#10579);
#10579 = DEFINITIONAL_REPRESENTATION('',(#10580),#10584);
#10580 = LINE('',#10581,#10582);
#10581 = CARTESIAN_POINT('',(1.,0.));
#10582 = VECTOR('',#10583,1.);
#10583 = DIRECTION('',(0.,-1.));
#10584 = ( GEOMETRIC_REPRESENTATION_CONTEXT(2) 
PARAMETRIC_REPRESENTATION_CONTEXT() REPRESENTATION_CONTEXT('2D SPACE',''
  ) );
#10585 = PCURVE('',#2582,#10586);
#10586 = DEFINITIONAL_REPRESENTATION('',(#10587),#10591);
#10587 = LINE('',#10588,#10589);
#10588 = CARTESIAN_POINT('',(0.,0.));
#10589 = VECTOR('',#10590,1.);
#10590 = DIRECTION('',(0.,-1.));
#10591 = ( GEOMETRIC_REPRESENTATION_CONTEXT(2) 
PARAMETRIC_REPRESENTATION_CONTEXT() REPRESENTATION_CONTEXT('2D SPACE',''
  ) );
#10592 = ORIENTED_EDGE('',*,*,#2596,.F.);
#10593 = ADVANCED_FACE('',(#10594),#2582,.T.);
#10594 = FACE_BOUND('',#10595,.T.);
#10595 = EDGE_LOOP('',(#10596,#10597,#10620,#10641));
#10596 = ORIENTED_EDGE('',*,*,#10572,.T.);
#10597 = ORIENTED_EDGE('',*,*,#10598,.T.);
#10598 = EDGE_CURVE('',#10550,#10599,#10601,.T.);
#10599 = VERTEX_POINT('',#10600);
#10600 = CARTESIAN_POINT('',(-18.41028974004,-17.13885218495,0.6));
#10601 = SURFACE_CURVE('',#10602,(#10606,#10613),.PCURVE_S1.);
#10602 = B_SPLINE_CURVE_WITH_KNOTS('',2,(#10603,#10604,#10605),
  .UNSPECIFIED.,.F.,.F.,(3,3),(0.,1.),.PIECEWISE_BEZIER_KNOTS.);
#10603 = CARTESIAN_POINT('',(-17.60554042142,-16.89808701995,0.6));
#10604 = CARTESIAN_POINT('',(-17.9254612571,-17.13885218495,0.6));
#10605 = CARTESIAN_POINT('',(-18.41028974004,-17.13885218495,0.6));
#10606 = PCURVE('',#2582,#10607);
#10607 = DEFINITIONAL_REPRESENTATION('',(#10608),#10612);
#10608 = LINE('',#10609,#10610);
#10609 = CARTESIAN_POINT('',(0.,-0.6));
#10610 = VECTOR('',#10611,1.);
#10611 = DIRECTION('',(1.,0.));
#10612 = ( GEOMETRIC_REPRESENTATION_CONTEXT(2) 
PARAMETRIC_REPRESENTATION_CONTEXT() REPRESENTATION_CONTEXT('2D SPACE',''
  ) );
#10613 = PCURVE('',#9972,#10614);
#10614 = DEFINITIONAL_REPRESENTATION('',(#10615),#10619);
#10615 = B_SPLINE_CURVE_WITH_KNOTS('',2,(#10616,#10617,#10618),
  .UNSPECIFIED.,.F.,.F.,(3,3),(0.,1.),.PIECEWISE_BEZIER_KNOTS.);
#10616 = CARTESIAN_POINT('',(-3.410290145326,4.129287487378));
#10617 = CARTESIAN_POINT('',(-3.090369309643,4.370052652376));
#10618 = CARTESIAN_POINT('',(-2.6055408267,4.370052652376));
#10619 = ( GEOMETRIC_REPRESENTATION_CONTEXT(2) 
PARAMETRIC_REPRESENTATION_CONTEXT() REPRESENTATION_CONTEXT('2D SPACE',''
  ) );
#10620 = ORIENTED_EDGE('',*,*,#10621,.F.);
#10621 = EDGE_CURVE('',#2537,#10599,#10622,.T.);
#10622 = SURFACE_CURVE('',#10623,(#10627,#10634),.PCURVE_S1.);
#10623 = LINE('',#10624,#10625);
#10624 = CARTESIAN_POINT('',(-18.41028974004,-17.13885218495,0.));
#10625 = VECTOR('',#10626,1.);
#10626 = DIRECTION('',(-0.,-0.,1.));
#10627 = PCURVE('',#2582,#10628);
#10628 = DEFINITIONAL_REPRESENTATION('',(#10629),#10633);
#10629 = LINE('',#10630,#10631);
#10630 = CARTESIAN_POINT('',(1.,0.));
#10631 = VECTOR('',#10632,1.);
#10632 = DIRECTION('',(0.,-1.));
#10633 = ( GEOMETRIC_REPRESENTATION_CONTEXT(2) 
PARAMETRIC_REPRESENTATION_CONTEXT() REPRESENTATION_CONTEXT('2D SPACE',''
  ) );
#10634 = PCURVE('',#2552,#10635);
#10635 = DEFINITIONAL_REPRESENTATION('',(#10636),#10640);
#10636 = LINE('',#10637,#10638);
#10637 = CARTESIAN_POINT('',(0.,0.));
#10638 = VECTOR('',#10639,1.);
#10639 = DIRECTION('',(0.,-1.));
#10640 = ( GEOMETRIC_REPRESENTATION_CONTEXT(2) 
PARAMETRIC_REPRESENTATION_CONTEXT() REPRESENTATION_CONTEXT('2D SPACE',''
  ) );
#10641 = ORIENTED_EDGE('',*,*,#2566,.F.);
#10642 = ADVANCED_FACE('',(#10643),#2552,.T.);
#10643 = FACE_BOUND('',#10644,.T.);
#10644 = EDGE_LOOP('',(#10645,#10646,#10669,#10690));
#10645 = ORIENTED_EDGE('',*,*,#10621,.T.);
#10646 = ORIENTED_EDGE('',*,*,#10647,.T.);
#10647 = EDGE_CURVE('',#10599,#10648,#10650,.T.);
#10648 = VERTEX_POINT('',#10649);
#10649 = CARTESIAN_POINT('',(-19.34201794706,-16.87170179639,0.6));
#10650 = SURFACE_CURVE('',#10651,(#10655,#10662),.PCURVE_S1.);
#10651 = B_SPLINE_CURVE_WITH_KNOTS('',2,(#10652,#10653,#10654),
  .UNSPECIFIED.,.F.,.F.,(3,3),(0.,1.),.PIECEWISE_BEZIER_KNOTS.);
#10652 = CARTESIAN_POINT('',(-18.41028974004,-17.13885218495,0.6));
#10653 = CARTESIAN_POINT('',(-18.96767758778,-17.13885218495,0.6));
#10654 = CARTESIAN_POINT('',(-19.34201794706,-16.87170179639,0.6));
#10655 = PCURVE('',#2552,#10656);
#10656 = DEFINITIONAL_REPRESENTATION('',(#10657),#10661);
#10657 = LINE('',#10658,#10659);
#10658 = CARTESIAN_POINT('',(0.,-0.6));
#10659 = VECTOR('',#10660,1.);
#10660 = DIRECTION('',(1.,0.));
#10661 = ( GEOMETRIC_REPRESENTATION_CONTEXT(2) 
PARAMETRIC_REPRESENTATION_CONTEXT() REPRESENTATION_CONTEXT('2D SPACE',''
  ) );
#10662 = PCURVE('',#9972,#10663);
#10663 = DEFINITIONAL_REPRESENTATION('',(#10664),#10668);
#10664 = B_SPLINE_CURVE_WITH_KNOTS('',2,(#10665,#10666,#10667),
  .UNSPECIFIED.,.F.,.F.,(3,3),(0.,1.),.PIECEWISE_BEZIER_KNOTS.);
#10665 = CARTESIAN_POINT('',(-2.6055408267,4.370052652376));
#10666 = CARTESIAN_POINT('',(-2.048152978963,4.370052652376));
#10667 = CARTESIAN_POINT('',(-1.673812619684,4.102902263816));
#10668 = ( GEOMETRIC_REPRESENTATION_CONTEXT(2) 
PARAMETRIC_REPRESENTATION_CONTEXT() REPRESENTATION_CONTEXT('2D SPACE',''
  ) );
#10669 = ORIENTED_EDGE('',*,*,#10670,.F.);
#10670 = EDGE_CURVE('',#2507,#10648,#10671,.T.);
#10671 = SURFACE_CURVE('',#10672,(#10676,#10683),.PCURVE_S1.);
#10672 = LINE('',#10673,#10674);
#10673 = CARTESIAN_POINT('',(-19.34201794706,-16.87170179639,0.));
#10674 = VECTOR('',#10675,1.);
#10675 = DIRECTION('',(-0.,-0.,1.));
#10676 = PCURVE('',#2552,#10677);
#10677 = DEFINITIONAL_REPRESENTATION('',(#10678),#10682);
#10678 = LINE('',#10679,#10680);
#10679 = CARTESIAN_POINT('',(1.,0.));
#10680 = VECTOR('',#10681,1.);
#10681 = DIRECTION('',(0.,-1.));
#10682 = ( GEOMETRIC_REPRESENTATION_CONTEXT(2) 
PARAMETRIC_REPRESENTATION_CONTEXT() REPRESENTATION_CONTEXT('2D SPACE',''
  ) );
#10683 = PCURVE('',#2522,#10684);
#10684 = DEFINITIONAL_REPRESENTATION('',(#10685),#10689);
#10685 = LINE('',#10686,#10687);
#10686 = CARTESIAN_POINT('',(0.,0.));
#10687 = VECTOR('',#10688,1.);
#10688 = DIRECTION('',(0.,-1.));
#10689 = ( GEOMETRIC_REPRESENTATION_CONTEXT(2) 
PARAMETRIC_REPRESENTATION_CONTEXT() REPRESENTATION_CONTEXT('2D SPACE',''
  ) );
#10690 = ORIENTED_EDGE('',*,*,#2536,.F.);
#10691 = ADVANCED_FACE('',(#10692),#2522,.T.);
#10692 = FACE_BOUND('',#10693,.T.);
#10693 = EDGE_LOOP('',(#10694,#10695,#10718,#10739));
#10694 = ORIENTED_EDGE('',*,*,#10670,.T.);
#10695 = ORIENTED_EDGE('',*,*,#10696,.T.);
#10696 = EDGE_CURVE('',#10648,#10697,#10699,.T.);
#10697 = VERTEX_POINT('',#10698);
#10698 = CARTESIAN_POINT('',(-19.86807334182,-16.15435353081,0.6));
#10699 = SURFACE_CURVE('',#10700,(#10704,#10711),.PCURVE_S1.);
#10700 = B_SPLINE_CURVE_WITH_KNOTS('',2,(#10701,#10702,#10703),
  .UNSPECIFIED.,.F.,.F.,(3,3),(0.,1.),.PIECEWISE_BEZIER_KNOTS.);
#10701 = CARTESIAN_POINT('',(-19.34201794706,-16.87170179639,0.6));
#10702 = CARTESIAN_POINT('',(-19.71635830634,-16.60455140783,0.6));
#10703 = CARTESIAN_POINT('',(-19.86807334182,-16.15435353081,0.6));
#10704 = PCURVE('',#2522,#10705);
#10705 = DEFINITIONAL_REPRESENTATION('',(#10706),#10710);
#10706 = LINE('',#10707,#10708);
#10707 = CARTESIAN_POINT('',(0.,-0.6));
#10708 = VECTOR('',#10709,1.);
#10709 = DIRECTION('',(1.,0.));
#10710 = ( GEOMETRIC_REPRESENTATION_CONTEXT(2) 
PARAMETRIC_REPRESENTATION_CONTEXT() REPRESENTATION_CONTEXT('2D SPACE',''
  ) );
#10711 = PCURVE('',#9972,#10712);
#10712 = DEFINITIONAL_REPRESENTATION('',(#10713),#10717);
#10713 = B_SPLINE_CURVE_WITH_KNOTS('',2,(#10714,#10715,#10716),
  .UNSPECIFIED.,.F.,.F.,(3,3),(0.,1.),.PIECEWISE_BEZIER_KNOTS.);
#10714 = CARTESIAN_POINT('',(-1.673812619684,4.102902263816));
#10715 = CARTESIAN_POINT('',(-1.299472260405,3.835751875256));
#10716 = CARTESIAN_POINT('',(-1.147757224926,3.385553998237));
#10717 = ( GEOMETRIC_REPRESENTATION_CONTEXT(2) 
PARAMETRIC_REPRESENTATION_CONTEXT() REPRESENTATION_CONTEXT('2D SPACE',''
  ) );
#10718 = ORIENTED_EDGE('',*,*,#10719,.F.);
#10719 = EDGE_CURVE('',#2477,#10697,#10720,.T.);
#10720 = SURFACE_CURVE('',#10721,(#10725,#10732),.PCURVE_S1.);
#10721 = LINE('',#10722,#10723);
#10722 = CARTESIAN_POINT('',(-19.86807334182,-16.15435353081,0.));
#10723 = VECTOR('',#10724,1.);
#10724 = DIRECTION('',(-0.,-0.,1.));
#10725 = PCURVE('',#2522,#10726);
#10726 = DEFINITIONAL_REPRESENTATION('',(#10727),#10731);
#10727 = LINE('',#10728,#10729);
#10728 = CARTESIAN_POINT('',(1.,0.));
#10729 = VECTOR('',#10730,1.);
#10730 = DIRECTION('',(0.,-1.));
#10731 = ( GEOMETRIC_REPRESENTATION_CONTEXT(2) 
PARAMETRIC_REPRESENTATION_CONTEXT() REPRESENTATION_CONTEXT('2D SPACE',''
  ) );
#10732 = PCURVE('',#2492,#10733);
#10733 = DEFINITIONAL_REPRESENTATION('',(#10734),#10738);
#10734 = LINE('',#10735,#10736);
#10735 = CARTESIAN_POINT('',(0.,0.));
#10736 = VECTOR('',#10737,1.);
#10737 = DIRECTION('',(0.,-1.));
#10738 = ( GEOMETRIC_REPRESENTATION_CONTEXT(2) 
PARAMETRIC_REPRESENTATION_CONTEXT() REPRESENTATION_CONTEXT('2D SPACE',''
  ) );
#10739 = ORIENTED_EDGE('',*,*,#2506,.F.);
#10740 = ADVANCED_FACE('',(#10741),#2492,.T.);
#10741 = FACE_BOUND('',#10742,.T.);
#10742 = EDGE_LOOP('',(#10743,#10744,#10767,#10788));
#10743 = ORIENTED_EDGE('',*,*,#10719,.T.);
#10744 = ORIENTED_EDGE('',*,*,#10745,.T.);
#10745 = EDGE_CURVE('',#10697,#10746,#10748,.T.);
#10746 = VERTEX_POINT('',#10747);
#10747 = CARTESIAN_POINT('',(-20.0197883773,-15.22592347674,0.6));
#10748 = SURFACE_CURVE('',#10749,(#10753,#10760),.PCURVE_S1.);
#10749 = B_SPLINE_CURVE_WITH_KNOTS('',2,(#10750,#10751,#10752),
  .UNSPECIFIED.,.F.,.F.,(3,3),(0.,1.),.PIECEWISE_BEZIER_KNOTS.);
#10750 = CARTESIAN_POINT('',(-19.86807334182,-16.15435353081,0.6));
#10751 = CARTESIAN_POINT('',(-20.0197883773,-15.70415565379,0.6));
#10752 = CARTESIAN_POINT('',(-20.0197883773,-15.22592347674,0.6));
#10753 = PCURVE('',#2492,#10754);
#10754 = DEFINITIONAL_REPRESENTATION('',(#10755),#10759);
#10755 = LINE('',#10756,#10757);
#10756 = CARTESIAN_POINT('',(0.,-0.6));
#10757 = VECTOR('',#10758,1.);
#10758 = DIRECTION('',(1.,0.));
#10759 = ( GEOMETRIC_REPRESENTATION_CONTEXT(2) 
PARAMETRIC_REPRESENTATION_CONTEXT() REPRESENTATION_CONTEXT('2D SPACE',''
  ) );
#10760 = PCURVE('',#9972,#10761);
#10761 = DEFINITIONAL_REPRESENTATION('',(#10762),#10766);
#10762 = B_SPLINE_CURVE_WITH_KNOTS('',2,(#10763,#10764,#10765),
  .UNSPECIFIED.,.F.,.F.,(3,3),(0.,1.),.PIECEWISE_BEZIER_KNOTS.);
#10763 = CARTESIAN_POINT('',(-1.147757224926,3.385553998237));
#10764 = CARTESIAN_POINT('',(-0.996042189447,2.935356121219));
#10765 = CARTESIAN_POINT('',(-0.996042189447,2.457123944166));
#10766 = ( GEOMETRIC_REPRESENTATION_CONTEXT(2) 
PARAMETRIC_REPRESENTATION_CONTEXT() REPRESENTATION_CONTEXT('2D SPACE',''
  ) );
#10767 = ORIENTED_EDGE('',*,*,#10768,.F.);
#10768 = EDGE_CURVE('',#2447,#10746,#10769,.T.);
#10769 = SURFACE_CURVE('',#10770,(#10774,#10781),.PCURVE_S1.);
#10770 = LINE('',#10771,#10772);
#10771 = CARTESIAN_POINT('',(-20.0197883773,-15.22592347674,0.));
#10772 = VECTOR('',#10773,1.);
#10773 = DIRECTION('',(-0.,-0.,1.));
#10774 = PCURVE('',#2492,#10775);
#10775 = DEFINITIONAL_REPRESENTATION('',(#10776),#10780);
#10776 = LINE('',#10777,#10778);
#10777 = CARTESIAN_POINT('',(1.,0.));
#10778 = VECTOR('',#10779,1.);
#10779 = DIRECTION('',(0.,-1.));
#10780 = ( GEOMETRIC_REPRESENTATION_CONTEXT(2) 
PARAMETRIC_REPRESENTATION_CONTEXT() REPRESENTATION_CONTEXT('2D SPACE',''
  ) );
#10781 = PCURVE('',#2462,#10782);
#10782 = DEFINITIONAL_REPRESENTATION('',(#10783),#10787);
#10783 = LINE('',#10784,#10785);
#10784 = CARTESIAN_POINT('',(0.,0.));
#10785 = VECTOR('',#10786,1.);
#10786 = DIRECTION('',(0.,-1.));
#10787 = ( GEOMETRIC_REPRESENTATION_CONTEXT(2) 
PARAMETRIC_REPRESENTATION_CONTEXT() REPRESENTATION_CONTEXT('2D SPACE',''
  ) );
#10788 = ORIENTED_EDGE('',*,*,#2476,.F.);
#10789 = ADVANCED_FACE('',(#10790),#2462,.T.);
#10790 = FACE_BOUND('',#10791,.T.);
#10791 = EDGE_LOOP('',(#10792,#10793,#10816,#10837));
#10792 = ORIENTED_EDGE('',*,*,#10768,.T.);
#10793 = ORIENTED_EDGE('',*,*,#10794,.T.);
#10794 = EDGE_CURVE('',#10746,#10795,#10797,.T.);
#10795 = VERTEX_POINT('',#10796);
#10796 = CARTESIAN_POINT('',(-19.84003904178,-14.14907654014,0.6));
#10797 = SURFACE_CURVE('',#10798,(#10802,#10809),.PCURVE_S1.);
#10798 = B_SPLINE_CURVE_WITH_KNOTS('',2,(#10799,#10800,#10801),
  .UNSPECIFIED.,.F.,.F.,(3,3),(0.,1.),.PIECEWISE_BEZIER_KNOTS.);
#10799 = CARTESIAN_POINT('',(-20.0197883773,-15.22592347674,0.6));
#10800 = CARTESIAN_POINT('',(-20.0197883773,-14.60916887599,0.6));
#10801 = CARTESIAN_POINT('',(-19.84003904178,-14.14907654014,0.6));
#10802 = PCURVE('',#2462,#10803);
#10803 = DEFINITIONAL_REPRESENTATION('',(#10804),#10808);
#10804 = LINE('',#10805,#10806);
#10805 = CARTESIAN_POINT('',(0.,-0.6));
#10806 = VECTOR('',#10807,1.);
#10807 = DIRECTION('',(1.,0.));
#10808 = ( GEOMETRIC_REPRESENTATION_CONTEXT(2) 
PARAMETRIC_REPRESENTATION_CONTEXT() REPRESENTATION_CONTEXT('2D SPACE',''
  ) );
#10809 = PCURVE('',#9972,#10810);
#10810 = DEFINITIONAL_REPRESENTATION('',(#10811),#10815);
#10811 = B_SPLINE_CURVE_WITH_KNOTS('',2,(#10812,#10813,#10814),
  .UNSPECIFIED.,.F.,.F.,(3,3),(0.,1.),.PIECEWISE_BEZIER_KNOTS.);
#10812 = CARTESIAN_POINT('',(-0.996042189447,2.457123944166));
#10813 = CARTESIAN_POINT('',(-0.996042189447,1.840369343416));
#10814 = CARTESIAN_POINT('',(-1.17579152496,1.380277007562));
#10815 = ( GEOMETRIC_REPRESENTATION_CONTEXT(2) 
PARAMETRIC_REPRESENTATION_CONTEXT() REPRESENTATION_CONTEXT('2D SPACE',''
  ) );
#10816 = ORIENTED_EDGE('',*,*,#10817,.F.);
#10817 = EDGE_CURVE('',#2417,#10795,#10818,.T.);
#10818 = SURFACE_CURVE('',#10819,(#10823,#10830),.PCURVE_S1.);
#10819 = LINE('',#10820,#10821);
#10820 = CARTESIAN_POINT('',(-19.84003904178,-14.14907654014,0.));
#10821 = VECTOR('',#10822,1.);
#10822 = DIRECTION('',(-0.,-0.,1.));
#10823 = PCURVE('',#2462,#10824);
#10824 = DEFINITIONAL_REPRESENTATION('',(#10825),#10829);
#10825 = LINE('',#10826,#10827);
#10826 = CARTESIAN_POINT('',(1.,0.));
#10827 = VECTOR('',#10828,1.);
#10828 = DIRECTION('',(0.,-1.));
#10829 = ( GEOMETRIC_REPRESENTATION_CONTEXT(2) 
PARAMETRIC_REPRESENTATION_CONTEXT() REPRESENTATION_CONTEXT('2D SPACE',''
  ) );
#10830 = PCURVE('',#2432,#10831);
#10831 = DEFINITIONAL_REPRESENTATION('',(#10832),#10836);
#10832 = LINE('',#10833,#10834);
#10833 = CARTESIAN_POINT('',(0.,0.));
#10834 = VECTOR('',#10835,1.);
#10835 = DIRECTION('',(0.,-1.));
#10836 = ( GEOMETRIC_REPRESENTATION_CONTEXT(2) 
PARAMETRIC_REPRESENTATION_CONTEXT() REPRESENTATION_CONTEXT('2D SPACE',''
  ) );
#10837 = ORIENTED_EDGE('',*,*,#2446,.F.);
#10838 = ADVANCED_FACE('',(#10839),#2432,.T.);
#10839 = FACE_BOUND('',#10840,.T.);
#10840 = EDGE_LOOP('',(#10841,#10842,#10865,#10886));
#10841 = ORIENTED_EDGE('',*,*,#10817,.T.);
#10842 = ORIENTED_EDGE('',*,*,#10843,.T.);
#10843 = EDGE_CURVE('',#10795,#10844,#10846,.T.);
#10844 = VERTEX_POINT('',#10845);
#10845 = CARTESIAN_POINT('',(-19.28100211757,-13.46141165106,0.6));
#10846 = SURFACE_CURVE('',#10847,(#10851,#10858),.PCURVE_S1.);
#10847 = B_SPLINE_CURVE_WITH_KNOTS('',2,(#10848,#10849,#10850),
  .UNSPECIFIED.,.F.,.F.,(3,3),(0.,1.),.PIECEWISE_BEZIER_KNOTS.);
#10848 = CARTESIAN_POINT('',(-19.84003904178,-14.14907654014,0.6));
#10849 = CARTESIAN_POINT('',(-19.66028970627,-13.68898420428,0.6));
#10850 = CARTESIAN_POINT('',(-19.28100211757,-13.46141165106,0.6));
#10851 = PCURVE('',#2432,#10852);
#10852 = DEFINITIONAL_REPRESENTATION('',(#10853),#10857);
#10853 = LINE('',#10854,#10855);
#10854 = CARTESIAN_POINT('',(0.,-0.6));
#10855 = VECTOR('',#10856,1.);
#10856 = DIRECTION('',(1.,0.));
#10857 = ( GEOMETRIC_REPRESENTATION_CONTEXT(2) 
PARAMETRIC_REPRESENTATION_CONTEXT() REPRESENTATION_CONTEXT('2D SPACE',''
  ) );
#10858 = PCURVE('',#9972,#10859);
#10859 = DEFINITIONAL_REPRESENTATION('',(#10860),#10864);
#10860 = B_SPLINE_CURVE_WITH_KNOTS('',2,(#10861,#10862,#10863),
  .UNSPECIFIED.,.F.,.F.,(3,3),(0.,1.),.PIECEWISE_BEZIER_KNOTS.);
#10861 = CARTESIAN_POINT('',(-1.17579152496,1.380277007562));
#10862 = CARTESIAN_POINT('',(-1.355540860473,0.920184671708));
#10863 = CARTESIAN_POINT('',(-1.73482844917,0.69261211849));
#10864 = ( GEOMETRIC_REPRESENTATION_CONTEXT(2) 
PARAMETRIC_REPRESENTATION_CONTEXT() REPRESENTATION_CONTEXT('2D SPACE',''
  ) );
#10865 = ORIENTED_EDGE('',*,*,#10866,.F.);
#10866 = EDGE_CURVE('',#2387,#10844,#10867,.T.);
#10867 = SURFACE_CURVE('',#10868,(#10872,#10879),.PCURVE_S1.);
#10868 = LINE('',#10869,#10870);
#10869 = CARTESIAN_POINT('',(-19.28100211757,-13.46141165106,0.));
#10870 = VECTOR('',#10871,1.);
#10871 = DIRECTION('',(-0.,-0.,1.));
#10872 = PCURVE('',#2432,#10873);
#10873 = DEFINITIONAL_REPRESENTATION('',(#10874),#10878);
#10874 = LINE('',#10875,#10876);
#10875 = CARTESIAN_POINT('',(1.,0.));
#10876 = VECTOR('',#10877,1.);
#10877 = DIRECTION('',(0.,-1.));
#10878 = ( GEOMETRIC_REPRESENTATION_CONTEXT(2) 
PARAMETRIC_REPRESENTATION_CONTEXT() REPRESENTATION_CONTEXT('2D SPACE',''
  ) );
#10879 = PCURVE('',#2402,#10880);
#10880 = DEFINITIONAL_REPRESENTATION('',(#10881),#10885);
#10881 = LINE('',#10882,#10883);
#10882 = CARTESIAN_POINT('',(0.,0.));
#10883 = VECTOR('',#10884,1.);
#10884 = DIRECTION('',(0.,-1.));
#10885 = ( GEOMETRIC_REPRESENTATION_CONTEXT(2) 
PARAMETRIC_REPRESENTATION_CONTEXT() REPRESENTATION_CONTEXT('2D SPACE',''
  ) );
#10886 = ORIENTED_EDGE('',*,*,#2416,.F.);
#10887 = ADVANCED_FACE('',(#10888),#2402,.T.);
#10888 = FACE_BOUND('',#10889,.T.);
#10889 = EDGE_LOOP('',(#10890,#10891,#10914,#10935));
#10890 = ORIENTED_EDGE('',*,*,#10866,.T.);
#10891 = ORIENTED_EDGE('',*,*,#10892,.T.);
#10892 = EDGE_CURVE('',#10844,#10893,#10895,.T.);
#10893 = VERTEX_POINT('',#10894);
#10894 = CARTESIAN_POINT('',(-18.45976203422,-13.23383909785,0.6));
#10895 = SURFACE_CURVE('',#10896,(#10900,#10907),.PCURVE_S1.);
#10896 = B_SPLINE_CURVE_WITH_KNOTS('',2,(#10897,#10898,#10899),
  .UNSPECIFIED.,.F.,.F.,(3,3),(0.,1.),.PIECEWISE_BEZIER_KNOTS.);
#10897 = CARTESIAN_POINT('',(-19.28100211757,-13.46141165106,0.6));
#10898 = CARTESIAN_POINT('',(-18.90171452888,-13.23383909785,0.6));
#10899 = CARTESIAN_POINT('',(-18.45976203422,-13.23383909785,0.6));
#10900 = PCURVE('',#2402,#10901);
#10901 = DEFINITIONAL_REPRESENTATION('',(#10902),#10906);
#10902 = LINE('',#10903,#10904);
#10903 = CARTESIAN_POINT('',(0.,-0.6));
#10904 = VECTOR('',#10905,1.);
#10905 = DIRECTION('',(1.,0.));
#10906 = ( GEOMETRIC_REPRESENTATION_CONTEXT(2) 
PARAMETRIC_REPRESENTATION_CONTEXT() REPRESENTATION_CONTEXT('2D SPACE',''
  ) );
#10907 = PCURVE('',#9972,#10908);
#10908 = DEFINITIONAL_REPRESENTATION('',(#10909),#10913);
#10909 = B_SPLINE_CURVE_WITH_KNOTS('',2,(#10910,#10911,#10912),
  .UNSPECIFIED.,.F.,.F.,(3,3),(0.,1.),.PIECEWISE_BEZIER_KNOTS.);
#10910 = CARTESIAN_POINT('',(-1.73482844917,0.69261211849));
#10911 = CARTESIAN_POINT('',(-2.114116037867,0.465039565272));
#10912 = CARTESIAN_POINT('',(-2.556068532522,0.465039565272));
#10913 = ( GEOMETRIC_REPRESENTATION_CONTEXT(2) 
PARAMETRIC_REPRESENTATION_CONTEXT() REPRESENTATION_CONTEXT('2D SPACE',''
  ) );
#10914 = ORIENTED_EDGE('',*,*,#10915,.F.);
#10915 = EDGE_CURVE('',#2357,#10893,#10916,.T.);
#10916 = SURFACE_CURVE('',#10917,(#10921,#10928),.PCURVE_S1.);
#10917 = LINE('',#10918,#10919);
#10918 = CARTESIAN_POINT('',(-18.45976203422,-13.23383909785,0.));
#10919 = VECTOR('',#10920,1.);
#10920 = DIRECTION('',(-0.,-0.,1.));
#10921 = PCURVE('',#2402,#10922);
#10922 = DEFINITIONAL_REPRESENTATION('',(#10923),#10927);
#10923 = LINE('',#10924,#10925);
#10924 = CARTESIAN_POINT('',(1.,0.));
#10925 = VECTOR('',#10926,1.);
#10926 = DIRECTION('',(0.,-1.));
#10927 = ( GEOMETRIC_REPRESENTATION_CONTEXT(2) 
PARAMETRIC_REPRESENTATION_CONTEXT() REPRESENTATION_CONTEXT('2D SPACE',''
  ) );
#10928 = PCURVE('',#2372,#10929);
#10929 = DEFINITIONAL_REPRESENTATION('',(#10930),#10934);
#10930 = LINE('',#10931,#10932);
#10931 = CARTESIAN_POINT('',(0.,0.));
#10932 = VECTOR('',#10933,1.);
#10933 = DIRECTION('',(0.,-1.));
#10934 = ( GEOMETRIC_REPRESENTATION_CONTEXT(2) 
PARAMETRIC_REPRESENTATION_CONTEXT() REPRESENTATION_CONTEXT('2D SPACE',''
  ) );
#10935 = ORIENTED_EDGE('',*,*,#2386,.F.);
#10936 = ADVANCED_FACE('',(#10937),#2372,.T.);
#10937 = FACE_BOUND('',#10938,.T.);
#10938 = EDGE_LOOP('',(#10939,#10940,#10963,#10984));
#10939 = ORIENTED_EDGE('',*,*,#10915,.T.);
#10940 = ORIENTED_EDGE('',*,*,#10941,.T.);
#10941 = EDGE_CURVE('',#10893,#10942,#10944,.T.);
#10942 = VERTEX_POINT('',#10943);
#10943 = CARTESIAN_POINT('',(-17.54947182135,-13.54386547469,0.6));
#10944 = SURFACE_CURVE('',#10945,(#10949,#10956),.PCURVE_S1.);
#10945 = B_SPLINE_CURVE_WITH_KNOTS('',2,(#10946,#10947,#10948),
  .UNSPECIFIED.,.F.,.F.,(3,3),(0.,1.),.PIECEWISE_BEZIER_KNOTS.);
#10946 = CARTESIAN_POINT('',(-18.45976203422,-13.23383909785,0.6));
#10947 = CARTESIAN_POINT('',(-17.92216310416,-13.23383909785,0.6));
#10948 = CARTESIAN_POINT('',(-17.54947182135,-13.54386547469,0.6));
#10949 = PCURVE('',#2372,#10950);
#10950 = DEFINITIONAL_REPRESENTATION('',(#10951),#10955);
#10951 = LINE('',#10952,#10953);
#10952 = CARTESIAN_POINT('',(0.,-0.6));
#10953 = VECTOR('',#10954,1.);
#10954 = DIRECTION('',(1.,0.));
#10955 = ( GEOMETRIC_REPRESENTATION_CONTEXT(2) 
PARAMETRIC_REPRESENTATION_CONTEXT() REPRESENTATION_CONTEXT('2D SPACE',''
  ) );
#10956 = PCURVE('',#9972,#10957);
#10957 = DEFINITIONAL_REPRESENTATION('',(#10958),#10962);
#10958 = B_SPLINE_CURVE_WITH_KNOTS('',2,(#10959,#10960,#10961),
  .UNSPECIFIED.,.F.,.F.,(3,3),(0.,1.),.PIECEWISE_BEZIER_KNOTS.);
#10959 = CARTESIAN_POINT('',(-2.556068532522,0.465039565272));
#10960 = CARTESIAN_POINT('',(-3.093667462588,0.465039565272));
#10961 = CARTESIAN_POINT('',(-3.466358745394,0.77506594212));
#10962 = ( GEOMETRIC_REPRESENTATION_CONTEXT(2) 
PARAMETRIC_REPRESENTATION_CONTEXT() REPRESENTATION_CONTEXT('2D SPACE',''
  ) );
#10963 = ORIENTED_EDGE('',*,*,#10964,.F.);
#10964 = EDGE_CURVE('',#2327,#10942,#10965,.T.);
#10965 = SURFACE_CURVE('',#10966,(#10970,#10977),.PCURVE_S1.);
#10966 = LINE('',#10967,#10968);
#10967 = CARTESIAN_POINT('',(-17.54947182135,-13.54386547469,0.));
#10968 = VECTOR('',#10969,1.);
#10969 = DIRECTION('',(-0.,-0.,1.));
#10970 = PCURVE('',#2372,#10971);
#10971 = DEFINITIONAL_REPRESENTATION('',(#10972),#10976);
#10972 = LINE('',#10973,#10974);
#10973 = CARTESIAN_POINT('',(1.,0.));
#10974 = VECTOR('',#10975,1.);
#10975 = DIRECTION('',(0.,-1.));
#10976 = ( GEOMETRIC_REPRESENTATION_CONTEXT(2) 
PARAMETRIC_REPRESENTATION_CONTEXT() REPRESENTATION_CONTEXT('2D SPACE',''
  ) );
#10977 = PCURVE('',#2342,#10978);
#10978 = DEFINITIONAL_REPRESENTATION('',(#10979),#10983);
#10979 = LINE('',#10980,#10981);
#10980 = CARTESIAN_POINT('',(0.,0.));
#10981 = VECTOR('',#10982,1.);
#10982 = DIRECTION('',(0.,-1.));
#10983 = ( GEOMETRIC_REPRESENTATION_CONTEXT(2) 
PARAMETRIC_REPRESENTATION_CONTEXT() REPRESENTATION_CONTEXT('2D SPACE',''
  ) );
#10984 = ORIENTED_EDGE('',*,*,#2356,.F.);
#10985 = ADVANCED_FACE('',(#10986),#2342,.T.);
#10986 = FACE_BOUND('',#10987,.T.);
#10987 = EDGE_LOOP('',(#10988,#10989,#11010,#11011));
#10988 = ORIENTED_EDGE('',*,*,#10964,.T.);
#10989 = ORIENTED_EDGE('',*,*,#10990,.T.);
#10990 = EDGE_CURVE('',#10942,#9934,#10991,.T.);
#10991 = SURFACE_CURVE('',#10992,(#10996,#11003),.PCURVE_S1.);
#10992 = B_SPLINE_CURVE_WITH_KNOTS('',2,(#10993,#10994,#10995),
  .UNSPECIFIED.,.F.,.F.,(3,3),(0.,1.),.PIECEWISE_BEZIER_KNOTS.);
#10993 = CARTESIAN_POINT('',(-17.54947182135,-13.54386547469,0.6));
#10994 = CARTESIAN_POINT('',(-17.17678053854,-13.85389185154,0.6));
#10995 = CARTESIAN_POINT('',(-17.04485442074,-14.4640501464,0.6));
#10996 = PCURVE('',#2342,#10997);
#10997 = DEFINITIONAL_REPRESENTATION('',(#10998),#11002);
#10998 = LINE('',#10999,#11000);
#10999 = CARTESIAN_POINT('',(0.,-0.6));
#11000 = VECTOR('',#11001,1.);
#11001 = DIRECTION('',(1.,0.));
#11002 = ( GEOMETRIC_REPRESENTATION_CONTEXT(2) 
PARAMETRIC_REPRESENTATION_CONTEXT() REPRESENTATION_CONTEXT('2D SPACE',''
  ) );
#11003 = PCURVE('',#9972,#11004);
#11004 = DEFINITIONAL_REPRESENTATION('',(#11005),#11009);
#11005 = B_SPLINE_CURVE_WITH_KNOTS('',2,(#11006,#11007,#11008),
  .UNSPECIFIED.,.F.,.F.,(3,3),(0.,1.),.PIECEWISE_BEZIER_KNOTS.);
#11006 = CARTESIAN_POINT('',(-3.466358745394,0.77506594212));
#11007 = CARTESIAN_POINT('',(-3.839050028201,1.085092318967));
#11008 = CARTESIAN_POINT('',(-3.970976146008,1.695250613828));
#11009 = ( GEOMETRIC_REPRESENTATION_CONTEXT(2) 
PARAMETRIC_REPRESENTATION_CONTEXT() REPRESENTATION_CONTEXT('2D SPACE',''
  ) );
#11010 = ORIENTED_EDGE('',*,*,#9933,.F.);
#11011 = ORIENTED_EDGE('',*,*,#2326,.F.);
#11012 = ADVANCED_FACE('',(#11013),#2972,.T.);
#11013 = FACE_BOUND('',#11014,.T.);
#11014 = EDGE_LOOP('',(#11015,#11038,#11066,#11087));
#11015 = ORIENTED_EDGE('',*,*,#11016,.T.);
#11016 = EDGE_CURVE('',#2955,#11017,#11019,.T.);
#11017 = VERTEX_POINT('',#11018);
#11018 = CARTESIAN_POINT('',(-14.86807347691,-12.76879953257,0.6));
#11019 = SURFACE_CURVE('',#11020,(#11024,#11031),.PCURVE_S1.);
#11020 = LINE('',#11021,#11022);
#11021 = CARTESIAN_POINT('',(-14.86807347691,-12.76879953257,0.));
#11022 = VECTOR('',#11023,1.);
#11023 = DIRECTION('',(-0.,-0.,1.));
#11024 = PCURVE('',#2972,#11025);
#11025 = DEFINITIONAL_REPRESENTATION('',(#11026),#11030);
#11026 = LINE('',#11027,#11028);
#11027 = CARTESIAN_POINT('',(0.,0.));
#11028 = VECTOR('',#11029,1.);
#11029 = DIRECTION('',(0.,-1.));
#11030 = ( GEOMETRIC_REPRESENTATION_CONTEXT(2) 
PARAMETRIC_REPRESENTATION_CONTEXT() REPRESENTATION_CONTEXT('2D SPACE',''
  ) );
#11031 = PCURVE('',#3000,#11032);
#11032 = DEFINITIONAL_REPRESENTATION('',(#11033),#11037);
#11033 = LINE('',#11034,#11035);
#11034 = CARTESIAN_POINT('',(4.835092217648,0.));
#11035 = VECTOR('',#11036,1.);
#11036 = DIRECTION('',(0.,-1.));
#11037 = ( GEOMETRIC_REPRESENTATION_CONTEXT(2) 
PARAMETRIC_REPRESENTATION_CONTEXT() REPRESENTATION_CONTEXT('2D SPACE',''
  ) );
#11038 = ORIENTED_EDGE('',*,*,#11039,.T.);
#11039 = EDGE_CURVE('',#11017,#11040,#11042,.T.);
#11040 = VERTEX_POINT('',#11041);
#11041 = CARTESIAN_POINT('',(-15.50791514828,-12.76879953257,0.6));
#11042 = SURFACE_CURVE('',#11043,(#11047,#11054),.PCURVE_S1.);
#11043 = LINE('',#11044,#11045);
#11044 = CARTESIAN_POINT('',(-14.86807347691,-12.76879953257,0.6));
#11045 = VECTOR('',#11046,1.);
#11046 = DIRECTION('',(-1.,-0.,-0.));
#11047 = PCURVE('',#2972,#11048);
#11048 = DEFINITIONAL_REPRESENTATION('',(#11049),#11053);
#11049 = LINE('',#11050,#11051);
#11050 = CARTESIAN_POINT('',(0.,-0.6));
#11051 = VECTOR('',#11052,1.);
#11052 = DIRECTION('',(1.,0.));
#11053 = ( GEOMETRIC_REPRESENTATION_CONTEXT(2) 
PARAMETRIC_REPRESENTATION_CONTEXT() REPRESENTATION_CONTEXT('2D SPACE',''
  ) );
#11054 = PCURVE('',#11055,#11060);
#11055 = PLANE('',#11056);
#11056 = AXIS2_PLACEMENT_3D('',#11057,#11058,#11059);
#11057 = CARTESIAN_POINT('',(-16.13786236081,-12.76879953257,0.6));
#11058 = DIRECTION('',(0.,0.,1.));
#11059 = DIRECTION('',(-1.,0.,0.));
#11060 = DEFINITIONAL_REPRESENTATION('',(#11061),#11065);
#11061 = LINE('',#11062,#11063);
#11062 = CARTESIAN_POINT('',(-1.269788883898,-0.));
#11063 = VECTOR('',#11064,1.);
#11064 = DIRECTION('',(1.,-0.));
#11065 = ( GEOMETRIC_REPRESENTATION_CONTEXT(2) 
PARAMETRIC_REPRESENTATION_CONTEXT() REPRESENTATION_CONTEXT('2D SPACE',''
  ) );
#11066 = ORIENTED_EDGE('',*,*,#11067,.F.);
#11067 = EDGE_CURVE('',#2957,#11040,#11068,.T.);
#11068 = SURFACE_CURVE('',#11069,(#11073,#11080),.PCURVE_S1.);
#11069 = LINE('',#11070,#11071);
#11070 = CARTESIAN_POINT('',(-15.50791514828,-12.76879953257,0.));
#11071 = VECTOR('',#11072,1.);
#11072 = DIRECTION('',(-0.,-0.,1.));
#11073 = PCURVE('',#2972,#11074);
#11074 = DEFINITIONAL_REPRESENTATION('',(#11075),#11079);
#11075 = LINE('',#11076,#11077);
#11076 = CARTESIAN_POINT('',(0.639841671367,-0.));
#11077 = VECTOR('',#11078,1.);
#11078 = DIRECTION('',(0.,-1.));
#11079 = ( GEOMETRIC_REPRESENTATION_CONTEXT(2) 
PARAMETRIC_REPRESENTATION_CONTEXT() REPRESENTATION_CONTEXT('2D SPACE',''
  ) );
#11080 = PCURVE('',#3054,#11081);
#11081 = DEFINITIONAL_REPRESENTATION('',(#11082),#11086);
#11082 = LINE('',#11083,#11084);
#11083 = CARTESIAN_POINT('',(0.,0.));
#11084 = VECTOR('',#11085,1.);
#11085 = DIRECTION('',(0.,-1.));
#11086 = ( GEOMETRIC_REPRESENTATION_CONTEXT(2) 
PARAMETRIC_REPRESENTATION_CONTEXT() REPRESENTATION_CONTEXT('2D SPACE',''
  ) );
#11087 = ORIENTED_EDGE('',*,*,#2954,.F.);
#11088 = ADVANCED_FACE('',(#11089),#3054,.T.);
#11089 = FACE_BOUND('',#11090,.T.);
#11090 = EDGE_LOOP('',(#11091,#11092,#11115,#11136));
#11091 = ORIENTED_EDGE('',*,*,#11067,.T.);
#11092 = ORIENTED_EDGE('',*,*,#11093,.T.);
#11093 = EDGE_CURVE('',#11040,#11094,#11096,.T.);
#11094 = VERTEX_POINT('',#11095);
#11095 = CARTESIAN_POINT('',(-15.50791514828,-17.60389175022,0.6));
#11096 = SURFACE_CURVE('',#11097,(#11101,#11108),.PCURVE_S1.);
#11097 = LINE('',#11098,#11099);
#11098 = CARTESIAN_POINT('',(-15.50791514828,-12.76879953257,0.6));
#11099 = VECTOR('',#11100,1.);
#11100 = DIRECTION('',(-0.,-1.,-0.));
#11101 = PCURVE('',#3054,#11102);
#11102 = DEFINITIONAL_REPRESENTATION('',(#11103),#11107);
#11103 = LINE('',#11104,#11105);
#11104 = CARTESIAN_POINT('',(0.,-0.6));
#11105 = VECTOR('',#11106,1.);
#11106 = DIRECTION('',(1.,0.));
#11107 = ( GEOMETRIC_REPRESENTATION_CONTEXT(2) 
PARAMETRIC_REPRESENTATION_CONTEXT() REPRESENTATION_CONTEXT('2D SPACE',''
  ) );
#11108 = PCURVE('',#11055,#11109);
#11109 = DEFINITIONAL_REPRESENTATION('',(#11110),#11114);
#11110 = LINE('',#11111,#11112);
#11111 = CARTESIAN_POINT('',(-0.629947212531,-0.));
#11112 = VECTOR('',#11113,1.);
#11113 = DIRECTION('',(-0.,1.));
#11114 = ( GEOMETRIC_REPRESENTATION_CONTEXT(2) 
PARAMETRIC_REPRESENTATION_CONTEXT() REPRESENTATION_CONTEXT('2D SPACE',''
  ) );
#11115 = ORIENTED_EDGE('',*,*,#11116,.F.);
#11116 = EDGE_CURVE('',#3013,#11094,#11117,.T.);
#11117 = SURFACE_CURVE('',#11118,(#11122,#11129),.PCURVE_S1.);
#11118 = LINE('',#11119,#11120);
#11119 = CARTESIAN_POINT('',(-15.50791514828,-17.60389175022,0.));
#11120 = VECTOR('',#11121,1.);
#11121 = DIRECTION('',(-0.,-0.,1.));
#11122 = PCURVE('',#3054,#11123);
#11123 = DEFINITIONAL_REPRESENTATION('',(#11124),#11128);
#11124 = LINE('',#11125,#11126);
#11125 = CARTESIAN_POINT('',(4.835092217648,0.));
#11126 = VECTOR('',#11127,1.);
#11127 = DIRECTION('',(0.,-1.));
#11128 = ( GEOMETRIC_REPRESENTATION_CONTEXT(2) 
PARAMETRIC_REPRESENTATION_CONTEXT() REPRESENTATION_CONTEXT('2D SPACE',''
  ) );
#11129 = PCURVE('',#3028,#11130);
#11130 = DEFINITIONAL_REPRESENTATION('',(#11131),#11135);
#11131 = LINE('',#11132,#11133);
#11132 = CARTESIAN_POINT('',(0.,0.));
#11133 = VECTOR('',#11134,1.);
#11134 = DIRECTION('',(0.,-1.));
#11135 = ( GEOMETRIC_REPRESENTATION_CONTEXT(2) 
PARAMETRIC_REPRESENTATION_CONTEXT() REPRESENTATION_CONTEXT('2D SPACE',''
  ) );
#11136 = ORIENTED_EDGE('',*,*,#3040,.F.);
#11137 = ADVANCED_FACE('',(#11138),#3028,.T.);
#11138 = FACE_BOUND('',#11139,.T.);
#11139 = EDGE_LOOP('',(#11140,#11141,#11164,#11185));
#11140 = ORIENTED_EDGE('',*,*,#11116,.T.);
#11141 = ORIENTED_EDGE('',*,*,#11142,.T.);
#11142 = EDGE_CURVE('',#11094,#11143,#11145,.T.);
#11143 = VERTEX_POINT('',#11144);
#11144 = CARTESIAN_POINT('',(-14.86807347691,-17.60389175022,0.6));
#11145 = SURFACE_CURVE('',#11146,(#11150,#11157),.PCURVE_S1.);
#11146 = LINE('',#11147,#11148);
#11147 = CARTESIAN_POINT('',(-15.50791514828,-17.60389175022,0.6));
#11148 = VECTOR('',#11149,1.);
#11149 = DIRECTION('',(1.,0.,0.));
#11150 = PCURVE('',#3028,#11151);
#11151 = DEFINITIONAL_REPRESENTATION('',(#11152),#11156);
#11152 = LINE('',#11153,#11154);
#11153 = CARTESIAN_POINT('',(0.,-0.6));
#11154 = VECTOR('',#11155,1.);
#11155 = DIRECTION('',(1.,0.));
#11156 = ( GEOMETRIC_REPRESENTATION_CONTEXT(2) 
PARAMETRIC_REPRESENTATION_CONTEXT() REPRESENTATION_CONTEXT('2D SPACE',''
  ) );
#11157 = PCURVE('',#11055,#11158);
#11158 = DEFINITIONAL_REPRESENTATION('',(#11159),#11163);
#11159 = LINE('',#11160,#11161);
#11160 = CARTESIAN_POINT('',(-0.629947212531,4.835092217648));
#11161 = VECTOR('',#11162,1.);
#11162 = DIRECTION('',(-1.,0.));
#11163 = ( GEOMETRIC_REPRESENTATION_CONTEXT(2) 
PARAMETRIC_REPRESENTATION_CONTEXT() REPRESENTATION_CONTEXT('2D SPACE',''
  ) );
#11164 = ORIENTED_EDGE('',*,*,#11165,.F.);
#11165 = EDGE_CURVE('',#2985,#11143,#11166,.T.);
#11166 = SURFACE_CURVE('',#11167,(#11171,#11178),.PCURVE_S1.);
#11167 = LINE('',#11168,#11169);
#11168 = CARTESIAN_POINT('',(-14.86807347691,-17.60389175022,0.));
#11169 = VECTOR('',#11170,1.);
#11170 = DIRECTION('',(-0.,-0.,1.));
#11171 = PCURVE('',#3028,#11172);
#11172 = DEFINITIONAL_REPRESENTATION('',(#11173),#11177);
#11173 = LINE('',#11174,#11175);
#11174 = CARTESIAN_POINT('',(0.639841671367,0.));
#11175 = VECTOR('',#11176,1.);
#11176 = DIRECTION('',(0.,-1.));
#11177 = ( GEOMETRIC_REPRESENTATION_CONTEXT(2) 
PARAMETRIC_REPRESENTATION_CONTEXT() REPRESENTATION_CONTEXT('2D SPACE',''
  ) );
#11178 = PCURVE('',#3000,#11179);
#11179 = DEFINITIONAL_REPRESENTATION('',(#11180),#11184);
#11180 = LINE('',#11181,#11182);
#11181 = CARTESIAN_POINT('',(0.,0.));
#11182 = VECTOR('',#11183,1.);
#11183 = DIRECTION('',(0.,-1.));
#11184 = ( GEOMETRIC_REPRESENTATION_CONTEXT(2) 
PARAMETRIC_REPRESENTATION_CONTEXT() REPRESENTATION_CONTEXT('2D SPACE',''
  ) );
#11185 = ORIENTED_EDGE('',*,*,#3012,.F.);
#11186 = ADVANCED_FACE('',(#11187),#3000,.T.);
#11187 = FACE_BOUND('',#11188,.T.);
#11188 = EDGE_LOOP('',(#11189,#11190,#11211,#11212));
#11189 = ORIENTED_EDGE('',*,*,#11165,.T.);
#11190 = ORIENTED_EDGE('',*,*,#11191,.T.);
#11191 = EDGE_CURVE('',#11143,#11017,#11192,.T.);
#11192 = SURFACE_CURVE('',#11193,(#11197,#11204),.PCURVE_S1.);
#11193 = LINE('',#11194,#11195);
#11194 = CARTESIAN_POINT('',(-14.86807347691,-17.60389175022,0.6));
#11195 = VECTOR('',#11196,1.);
#11196 = DIRECTION('',(0.,1.,0.));
#11197 = PCURVE('',#3000,#11198);
#11198 = DEFINITIONAL_REPRESENTATION('',(#11199),#11203);
#11199 = LINE('',#11200,#11201);
#11200 = CARTESIAN_POINT('',(0.,-0.6));
#11201 = VECTOR('',#11202,1.);
#11202 = DIRECTION('',(1.,0.));
#11203 = ( GEOMETRIC_REPRESENTATION_CONTEXT(2) 
PARAMETRIC_REPRESENTATION_CONTEXT() REPRESENTATION_CONTEXT('2D SPACE',''
  ) );
#11204 = PCURVE('',#11055,#11205);
#11205 = DEFINITIONAL_REPRESENTATION('',(#11206),#11210);
#11206 = LINE('',#11207,#11208);
#11207 = CARTESIAN_POINT('',(-1.269788883898,4.835092217648));
#11208 = VECTOR('',#11209,1.);
#11209 = DIRECTION('',(-0.,-1.));
#11210 = ( GEOMETRIC_REPRESENTATION_CONTEXT(2) 
PARAMETRIC_REPRESENTATION_CONTEXT() REPRESENTATION_CONTEXT('2D SPACE',''
  ) );
#11211 = ORIENTED_EDGE('',*,*,#11016,.F.);
#11212 = ORIENTED_EDGE('',*,*,#2984,.F.);
#11213 = ADVANCED_FACE('',(#11214),#3086,.T.);
#11214 = FACE_BOUND('',#11215,.T.);
#11215 = EDGE_LOOP('',(#11216,#11239,#11267,#11288));
#11216 = ORIENTED_EDGE('',*,*,#11217,.T.);
#11217 = EDGE_CURVE('',#3069,#11218,#11220,.T.);
#11218 = VERTEX_POINT('',#11219);
#11219 = CARTESIAN_POINT('',(-11.87005244973,-12.76879953257,0.6));
#11220 = SURFACE_CURVE('',#11221,(#11225,#11232),.PCURVE_S1.);
#11221 = LINE('',#11222,#11223);
#11222 = CARTESIAN_POINT('',(-11.87005244973,-12.76879953257,0.));
#11223 = VECTOR('',#11224,1.);
#11224 = DIRECTION('',(-0.,-0.,1.));
#11225 = PCURVE('',#3086,#11226);
#11226 = DEFINITIONAL_REPRESENTATION('',(#11227),#11231);
#11227 = LINE('',#11228,#11229);
#11228 = CARTESIAN_POINT('',(0.,0.));
#11229 = VECTOR('',#11230,1.);
#11230 = DIRECTION('',(0.,-1.));
#11231 = ( GEOMETRIC_REPRESENTATION_CONTEXT(2) 
PARAMETRIC_REPRESENTATION_CONTEXT() REPRESENTATION_CONTEXT('2D SPACE',''
  ) );
#11232 = PCURVE('',#3114,#11233);
#11233 = DEFINITIONAL_REPRESENTATION('',(#11234),#11238);
#11234 = LINE('',#11235,#11236);
#11235 = CARTESIAN_POINT('',(4.26451175813,0.));
#11236 = VECTOR('',#11237,1.);
#11237 = DIRECTION('',(0.,-1.));
#11238 = ( GEOMETRIC_REPRESENTATION_CONTEXT(2) 
PARAMETRIC_REPRESENTATION_CONTEXT() REPRESENTATION_CONTEXT('2D SPACE',''
  ) );
#11239 = ORIENTED_EDGE('',*,*,#11240,.T.);
#11240 = EDGE_CURVE('',#11218,#11241,#11243,.T.);
#11241 = VERTEX_POINT('',#11242);
#11242 = CARTESIAN_POINT('',(-12.5098941211,-12.76879953257,0.6));
#11243 = SURFACE_CURVE('',#11244,(#11248,#11255),.PCURVE_S1.);
#11244 = LINE('',#11245,#11246);
#11245 = CARTESIAN_POINT('',(-11.87005244973,-12.76879953257,0.6));
#11246 = VECTOR('',#11247,1.);
#11247 = DIRECTION('',(-1.,-0.,-0.));
#11248 = PCURVE('',#3086,#11249);
#11249 = DEFINITIONAL_REPRESENTATION('',(#11250),#11254);
#11250 = LINE('',#11251,#11252);
#11251 = CARTESIAN_POINT('',(0.,-0.6));
#11252 = VECTOR('',#11253,1.);
#11253 = DIRECTION('',(1.,0.));
#11254 = ( GEOMETRIC_REPRESENTATION_CONTEXT(2) 
PARAMETRIC_REPRESENTATION_CONTEXT() REPRESENTATION_CONTEXT('2D SPACE',''
  ) );
#11255 = PCURVE('',#11256,#11261);
#11256 = PLANE('',#11257);
#11257 = AXIS2_PLACEMENT_3D('',#11258,#11259,#11260);
#11258 = CARTESIAN_POINT('',(-14.261213335,-12.76879953257,0.6));
#11259 = DIRECTION('',(0.,0.,1.));
#11260 = DIRECTION('',(-1.,0.,0.));
#11261 = DEFINITIONAL_REPRESENTATION('',(#11262),#11266);
#11262 = LINE('',#11263,#11264);
#11263 = CARTESIAN_POINT('',(-2.391160885263,-0.));
#11264 = VECTOR('',#11265,1.);
#11265 = DIRECTION('',(1.,-0.));
#11266 = ( GEOMETRIC_REPRESENTATION_CONTEXT(2) 
PARAMETRIC_REPRESENTATION_CONTEXT() REPRESENTATION_CONTEXT('2D SPACE',''
  ) );
#11267 = ORIENTED_EDGE('',*,*,#11268,.F.);
#11268 = EDGE_CURVE('',#3071,#11241,#11269,.T.);
#11269 = SURFACE_CURVE('',#11270,(#11274,#11281),.PCURVE_S1.);
#11270 = LINE('',#11271,#11272);
#11271 = CARTESIAN_POINT('',(-12.5098941211,-12.76879953257,0.));
#11272 = VECTOR('',#11273,1.);
#11273 = DIRECTION('',(-0.,-0.,1.));
#11274 = PCURVE('',#3086,#11275);
#11275 = DEFINITIONAL_REPRESENTATION('',(#11276),#11280);
#11276 = LINE('',#11277,#11278);
#11277 = CARTESIAN_POINT('',(0.639841671367,-0.));
#11278 = VECTOR('',#11279,1.);
#11279 = DIRECTION('',(0.,-1.));
#11280 = ( GEOMETRIC_REPRESENTATION_CONTEXT(2) 
PARAMETRIC_REPRESENTATION_CONTEXT() REPRESENTATION_CONTEXT('2D SPACE',''
  ) );
#11281 = PCURVE('',#3280,#11282);
#11282 = DEFINITIONAL_REPRESENTATION('',(#11283),#11287);
#11283 = LINE('',#11284,#11285);
#11284 = CARTESIAN_POINT('',(0.,0.));
#11285 = VECTOR('',#11286,1.);
#11286 = DIRECTION('',(0.,-1.));
#11287 = ( GEOMETRIC_REPRESENTATION_CONTEXT(2) 
PARAMETRIC_REPRESENTATION_CONTEXT() REPRESENTATION_CONTEXT('2D SPACE',''
  ) );
#11288 = ORIENTED_EDGE('',*,*,#3068,.F.);
#11289 = ADVANCED_FACE('',(#11290),#3280,.T.);
#11290 = FACE_BOUND('',#11291,.T.);
#11291 = EDGE_LOOP('',(#11292,#11293,#11316,#11337));
#11292 = ORIENTED_EDGE('',*,*,#11268,.T.);
#11293 = ORIENTED_EDGE('',*,*,#11294,.T.);
#11294 = EDGE_CURVE('',#11241,#11295,#11297,.T.);
#11295 = VERTEX_POINT('',#11296);
#11296 = CARTESIAN_POINT('',(-12.5098941211,-17.0333112907,0.6));
#11297 = SURFACE_CURVE('',#11298,(#11302,#11309),.PCURVE_S1.);
#11298 = LINE('',#11299,#11300);
#11299 = CARTESIAN_POINT('',(-12.5098941211,-12.76879953257,0.6));
#11300 = VECTOR('',#11301,1.);
#11301 = DIRECTION('',(-0.,-1.,-0.));
#11302 = PCURVE('',#3280,#11303);
#11303 = DEFINITIONAL_REPRESENTATION('',(#11304),#11308);
#11304 = LINE('',#11305,#11306);
#11305 = CARTESIAN_POINT('',(0.,-0.6));
#11306 = VECTOR('',#11307,1.);
#11307 = DIRECTION('',(1.,0.));
#11308 = ( GEOMETRIC_REPRESENTATION_CONTEXT(2) 
PARAMETRIC_REPRESENTATION_CONTEXT() REPRESENTATION_CONTEXT('2D SPACE',''
  ) );
#11309 = PCURVE('',#11256,#11310);
#11310 = DEFINITIONAL_REPRESENTATION('',(#11311),#11315);
#11311 = LINE('',#11312,#11313);
#11312 = CARTESIAN_POINT('',(-1.751319213896,-0.));
#11313 = VECTOR('',#11314,1.);
#11314 = DIRECTION('',(-0.,1.));
#11315 = ( GEOMETRIC_REPRESENTATION_CONTEXT(2) 
PARAMETRIC_REPRESENTATION_CONTEXT() REPRESENTATION_CONTEXT('2D SPACE',''
  ) );
#11316 = ORIENTED_EDGE('',*,*,#11317,.F.);
#11317 = EDGE_CURVE('',#3239,#11295,#11318,.T.);
#11318 = SURFACE_CURVE('',#11319,(#11323,#11330),.PCURVE_S1.);
#11319 = LINE('',#11320,#11321);
#11320 = CARTESIAN_POINT('',(-12.5098941211,-17.0333112907,0.));
#11321 = VECTOR('',#11322,1.);
#11322 = DIRECTION('',(-0.,-0.,1.));
#11323 = PCURVE('',#3280,#11324);
#11324 = DEFINITIONAL_REPRESENTATION('',(#11325),#11329);
#11325 = LINE('',#11326,#11327);
#11326 = CARTESIAN_POINT('',(4.26451175813,0.));
#11327 = VECTOR('',#11328,1.);
#11328 = DIRECTION('',(0.,-1.));
#11329 = ( GEOMETRIC_REPRESENTATION_CONTEXT(2) 
PARAMETRIC_REPRESENTATION_CONTEXT() REPRESENTATION_CONTEXT('2D SPACE',''
  ) );
#11330 = PCURVE('',#3254,#11331);
#11331 = DEFINITIONAL_REPRESENTATION('',(#11332),#11336);
#11332 = LINE('',#11333,#11334);
#11333 = CARTESIAN_POINT('',(0.,0.));
#11334 = VECTOR('',#11335,1.);
#11335 = DIRECTION('',(0.,-1.));
#11336 = ( GEOMETRIC_REPRESENTATION_CONTEXT(2) 
PARAMETRIC_REPRESENTATION_CONTEXT() REPRESENTATION_CONTEXT('2D SPACE',''
  ) );
#11337 = ORIENTED_EDGE('',*,*,#3266,.F.);
#11338 = ADVANCED_FACE('',(#11339),#3254,.T.);
#11339 = FACE_BOUND('',#11340,.T.);
#11340 = EDGE_LOOP('',(#11341,#11342,#11365,#11386));
#11341 = ORIENTED_EDGE('',*,*,#11317,.T.);
#11342 = ORIENTED_EDGE('',*,*,#11343,.T.);
#11343 = EDGE_CURVE('',#11295,#11344,#11346,.T.);
#11344 = VERTEX_POINT('',#11345);
#11345 = CARTESIAN_POINT('',(-14.10290199363,-17.0333112907,0.6));
#11346 = SURFACE_CURVE('',#11347,(#11351,#11358),.PCURVE_S1.);
#11347 = LINE('',#11348,#11349);
#11348 = CARTESIAN_POINT('',(-12.5098941211,-17.0333112907,0.6));
#11349 = VECTOR('',#11350,1.);
#11350 = DIRECTION('',(-1.,-0.,-0.));
#11351 = PCURVE('',#3254,#11352);
#11352 = DEFINITIONAL_REPRESENTATION('',(#11353),#11357);
#11353 = LINE('',#11354,#11355);
#11354 = CARTESIAN_POINT('',(0.,-0.6));
#11355 = VECTOR('',#11356,1.);
#11356 = DIRECTION('',(1.,0.));
#11357 = ( GEOMETRIC_REPRESENTATION_CONTEXT(2) 
PARAMETRIC_REPRESENTATION_CONTEXT() REPRESENTATION_CONTEXT('2D SPACE',''
  ) );
#11358 = PCURVE('',#11256,#11359);
#11359 = DEFINITIONAL_REPRESENTATION('',(#11360),#11364);
#11360 = LINE('',#11361,#11362);
#11361 = CARTESIAN_POINT('',(-1.751319213896,4.26451175813));
#11362 = VECTOR('',#11363,1.);
#11363 = DIRECTION('',(1.,-0.));
#11364 = ( GEOMETRIC_REPRESENTATION_CONTEXT(2) 
PARAMETRIC_REPRESENTATION_CONTEXT() REPRESENTATION_CONTEXT('2D SPACE',''
  ) );
#11365 = ORIENTED_EDGE('',*,*,#11366,.F.);
#11366 = EDGE_CURVE('',#3211,#11344,#11367,.T.);
#11367 = SURFACE_CURVE('',#11368,(#11372,#11379),.PCURVE_S1.);
#11368 = LINE('',#11369,#11370);
#11369 = CARTESIAN_POINT('',(-14.10290199363,-17.0333112907,0.));
#11370 = VECTOR('',#11371,1.);
#11371 = DIRECTION('',(-0.,-0.,1.));
#11372 = PCURVE('',#3254,#11373);
#11373 = DEFINITIONAL_REPRESENTATION('',(#11374),#11378);
#11374 = LINE('',#11375,#11376);
#11375 = CARTESIAN_POINT('',(1.593007872527,-0.));
#11376 = VECTOR('',#11377,1.);
#11377 = DIRECTION('',(0.,-1.));
#11378 = ( GEOMETRIC_REPRESENTATION_CONTEXT(2) 
PARAMETRIC_REPRESENTATION_CONTEXT() REPRESENTATION_CONTEXT('2D SPACE',''
  ) );
#11379 = PCURVE('',#3226,#11380);
#11380 = DEFINITIONAL_REPRESENTATION('',(#11381),#11385);
#11381 = LINE('',#11382,#11383);
#11382 = CARTESIAN_POINT('',(0.,0.));
#11383 = VECTOR('',#11384,1.);
#11384 = DIRECTION('',(0.,-1.));
#11385 = ( GEOMETRIC_REPRESENTATION_CONTEXT(2) 
PARAMETRIC_REPRESENTATION_CONTEXT() REPRESENTATION_CONTEXT('2D SPACE',''
  ) );
#11386 = ORIENTED_EDGE('',*,*,#3238,.F.);
#11387 = ADVANCED_FACE('',(#11388),#3226,.T.);
#11388 = FACE_BOUND('',#11389,.T.);
#11389 = EDGE_LOOP('',(#11390,#11391,#11414,#11435));
#11390 = ORIENTED_EDGE('',*,*,#11366,.T.);
#11391 = ORIENTED_EDGE('',*,*,#11392,.T.);
#11392 = EDGE_CURVE('',#11344,#11393,#11395,.T.);
#11393 = VERTEX_POINT('',#11394);
#11394 = CARTESIAN_POINT('',(-14.10290199363,-17.60389175022,0.6));
#11395 = SURFACE_CURVE('',#11396,(#11400,#11407),.PCURVE_S1.);
#11396 = LINE('',#11397,#11398);
#11397 = CARTESIAN_POINT('',(-14.10290199363,-17.0333112907,0.6));
#11398 = VECTOR('',#11399,1.);
#11399 = DIRECTION('',(-0.,-1.,-0.));
#11400 = PCURVE('',#3226,#11401);
#11401 = DEFINITIONAL_REPRESENTATION('',(#11402),#11406);
#11402 = LINE('',#11403,#11404);
#11403 = CARTESIAN_POINT('',(0.,-0.6));
#11404 = VECTOR('',#11405,1.);
#11405 = DIRECTION('',(1.,0.));
#11406 = ( GEOMETRIC_REPRESENTATION_CONTEXT(2) 
PARAMETRIC_REPRESENTATION_CONTEXT() REPRESENTATION_CONTEXT('2D SPACE',''
  ) );
#11407 = PCURVE('',#11256,#11408);
#11408 = DEFINITIONAL_REPRESENTATION('',(#11409),#11413);
#11409 = LINE('',#11410,#11411);
#11410 = CARTESIAN_POINT('',(-0.158311341369,4.26451175813));
#11411 = VECTOR('',#11412,1.);
#11412 = DIRECTION('',(-0.,1.));
#11413 = ( GEOMETRIC_REPRESENTATION_CONTEXT(2) 
PARAMETRIC_REPRESENTATION_CONTEXT() REPRESENTATION_CONTEXT('2D SPACE',''
  ) );
#11414 = ORIENTED_EDGE('',*,*,#11415,.F.);
#11415 = EDGE_CURVE('',#3183,#11393,#11416,.T.);
#11416 = SURFACE_CURVE('',#11417,(#11421,#11428),.PCURVE_S1.);
#11417 = LINE('',#11418,#11419);
#11418 = CARTESIAN_POINT('',(-14.10290199363,-17.60389175022,0.));
#11419 = VECTOR('',#11420,1.);
#11420 = DIRECTION('',(-0.,-0.,1.));
#11421 = PCURVE('',#3226,#11422);
#11422 = DEFINITIONAL_REPRESENTATION('',(#11423),#11427);
#11423 = LINE('',#11424,#11425);
#11424 = CARTESIAN_POINT('',(0.570580459518,0.));
#11425 = VECTOR('',#11426,1.);
#11426 = DIRECTION('',(0.,-1.));
#11427 = ( GEOMETRIC_REPRESENTATION_CONTEXT(2) 
PARAMETRIC_REPRESENTATION_CONTEXT() REPRESENTATION_CONTEXT('2D SPACE',''
  ) );
#11428 = PCURVE('',#3198,#11429);
#11429 = DEFINITIONAL_REPRESENTATION('',(#11430),#11434);
#11430 = LINE('',#11431,#11432);
#11431 = CARTESIAN_POINT('',(0.,0.));
#11432 = VECTOR('',#11433,1.);
#11433 = DIRECTION('',(0.,-1.));
#11434 = ( GEOMETRIC_REPRESENTATION_CONTEXT(2) 
PARAMETRIC_REPRESENTATION_CONTEXT() REPRESENTATION_CONTEXT('2D SPACE',''
  ) );
#11435 = ORIENTED_EDGE('',*,*,#3210,.F.);
#11436 = ADVANCED_FACE('',(#11437),#3198,.T.);
#11437 = FACE_BOUND('',#11438,.T.);
#11438 = EDGE_LOOP('',(#11439,#11440,#11463,#11484));
#11439 = ORIENTED_EDGE('',*,*,#11415,.T.);
#11440 = ORIENTED_EDGE('',*,*,#11441,.T.);
#11441 = EDGE_CURVE('',#11393,#11442,#11444,.T.);
#11442 = VERTEX_POINT('',#11443);
#11443 = CARTESIAN_POINT('',(-10.27044827132,-17.60389175022,0.6));
#11444 = SURFACE_CURVE('',#11445,(#11449,#11456),.PCURVE_S1.);
#11445 = LINE('',#11446,#11447);
#11446 = CARTESIAN_POINT('',(-14.10290199363,-17.60389175022,0.6));
#11447 = VECTOR('',#11448,1.);
#11448 = DIRECTION('',(1.,0.,0.));
#11449 = PCURVE('',#3198,#11450);
#11450 = DEFINITIONAL_REPRESENTATION('',(#11451),#11455);
#11451 = LINE('',#11452,#11453);
#11452 = CARTESIAN_POINT('',(0.,-0.6));
#11453 = VECTOR('',#11454,1.);
#11454 = DIRECTION('',(1.,0.));
#11455 = ( GEOMETRIC_REPRESENTATION_CONTEXT(2) 
PARAMETRIC_REPRESENTATION_CONTEXT() REPRESENTATION_CONTEXT('2D SPACE',''
  ) );
#11456 = PCURVE('',#11256,#11457);
#11457 = DEFINITIONAL_REPRESENTATION('',(#11458),#11462);
#11458 = LINE('',#11459,#11460);
#11459 = CARTESIAN_POINT('',(-0.158311341369,4.835092217648));
#11460 = VECTOR('',#11461,1.);
#11461 = DIRECTION('',(-1.,0.));
#11462 = ( GEOMETRIC_REPRESENTATION_CONTEXT(2) 
PARAMETRIC_REPRESENTATION_CONTEXT() REPRESENTATION_CONTEXT('2D SPACE',''
  ) );
#11463 = ORIENTED_EDGE('',*,*,#11464,.F.);
#11464 = EDGE_CURVE('',#3155,#11442,#11465,.T.);
#11465 = SURFACE_CURVE('',#11466,(#11470,#11477),.PCURVE_S1.);
#11466 = LINE('',#11467,#11468);
#11467 = CARTESIAN_POINT('',(-10.27044827132,-17.60389175022,0.));
#11468 = VECTOR('',#11469,1.);
#11469 = DIRECTION('',(-0.,-0.,1.));
#11470 = PCURVE('',#3198,#11471);
#11471 = DEFINITIONAL_REPRESENTATION('',(#11472),#11476);
#11472 = LINE('',#11473,#11474);
#11473 = CARTESIAN_POINT('',(3.83245372231,0.));
#11474 = VECTOR('',#11475,1.);
#11475 = DIRECTION('',(0.,-1.));
#11476 = ( GEOMETRIC_REPRESENTATION_CONTEXT(2) 
PARAMETRIC_REPRESENTATION_CONTEXT() REPRESENTATION_CONTEXT('2D SPACE',''
  ) );
#11477 = PCURVE('',#3170,#11478);
#11478 = DEFINITIONAL_REPRESENTATION('',(#11479),#11483);
#11479 = LINE('',#11480,#11481);
#11480 = CARTESIAN_POINT('',(0.,0.));
#11481 = VECTOR('',#11482,1.);
#11482 = DIRECTION('',(0.,-1.));
#11483 = ( GEOMETRIC_REPRESENTATION_CONTEXT(2) 
PARAMETRIC_REPRESENTATION_CONTEXT() REPRESENTATION_CONTEXT('2D SPACE',''
  ) );
#11484 = ORIENTED_EDGE('',*,*,#3182,.F.);
#11485 = ADVANCED_FACE('',(#11486),#3170,.T.);
#11486 = FACE_BOUND('',#11487,.T.);
#11487 = EDGE_LOOP('',(#11488,#11489,#11512,#11533));
#11488 = ORIENTED_EDGE('',*,*,#11464,.T.);
#11489 = ORIENTED_EDGE('',*,*,#11490,.T.);
#11490 = EDGE_CURVE('',#11442,#11491,#11493,.T.);
#11491 = VERTEX_POINT('',#11492);
#11492 = CARTESIAN_POINT('',(-10.27044827132,-17.0333112907,0.6));
#11493 = SURFACE_CURVE('',#11494,(#11498,#11505),.PCURVE_S1.);
#11494 = LINE('',#11495,#11496);
#11495 = CARTESIAN_POINT('',(-10.27044827132,-17.60389175022,0.6));
#11496 = VECTOR('',#11497,1.);
#11497 = DIRECTION('',(0.,1.,0.));
#11498 = PCURVE('',#3170,#11499);
#11499 = DEFINITIONAL_REPRESENTATION('',(#11500),#11504);
#11500 = LINE('',#11501,#11502);
#11501 = CARTESIAN_POINT('',(0.,-0.6));
#11502 = VECTOR('',#11503,1.);
#11503 = DIRECTION('',(1.,0.));
#11504 = ( GEOMETRIC_REPRESENTATION_CONTEXT(2) 
PARAMETRIC_REPRESENTATION_CONTEXT() REPRESENTATION_CONTEXT('2D SPACE',''
  ) );
#11505 = PCURVE('',#11256,#11506);
#11506 = DEFINITIONAL_REPRESENTATION('',(#11507),#11511);
#11507 = LINE('',#11508,#11509);
#11508 = CARTESIAN_POINT('',(-3.99076506368,4.835092217648));
#11509 = VECTOR('',#11510,1.);
#11510 = DIRECTION('',(-0.,-1.));
#11511 = ( GEOMETRIC_REPRESENTATION_CONTEXT(2) 
PARAMETRIC_REPRESENTATION_CONTEXT() REPRESENTATION_CONTEXT('2D SPACE',''
  ) );
#11512 = ORIENTED_EDGE('',*,*,#11513,.F.);
#11513 = EDGE_CURVE('',#3127,#11491,#11514,.T.);
#11514 = SURFACE_CURVE('',#11515,(#11519,#11526),.PCURVE_S1.);
#11515 = LINE('',#11516,#11517);
#11516 = CARTESIAN_POINT('',(-10.27044827132,-17.0333112907,0.));
#11517 = VECTOR('',#11518,1.);
#11518 = DIRECTION('',(-0.,-0.,1.));
#11519 = PCURVE('',#3170,#11520);
#11520 = DEFINITIONAL_REPRESENTATION('',(#11521),#11525);
#11521 = LINE('',#11522,#11523);
#11522 = CARTESIAN_POINT('',(0.570580459518,0.));
#11523 = VECTOR('',#11524,1.);
#11524 = DIRECTION('',(0.,-1.));
#11525 = ( GEOMETRIC_REPRESENTATION_CONTEXT(2) 
PARAMETRIC_REPRESENTATION_CONTEXT() REPRESENTATION_CONTEXT('2D SPACE',''
  ) );
#11526 = PCURVE('',#3142,#11527);
#11527 = DEFINITIONAL_REPRESENTATION('',(#11528),#11532);
#11528 = LINE('',#11529,#11530);
#11529 = CARTESIAN_POINT('',(0.,0.));
#11530 = VECTOR('',#11531,1.);
#11531 = DIRECTION('',(0.,-1.));
#11532 = ( GEOMETRIC_REPRESENTATION_CONTEXT(2) 
PARAMETRIC_REPRESENTATION_CONTEXT() REPRESENTATION_CONTEXT('2D SPACE',''
  ) );
#11533 = ORIENTED_EDGE('',*,*,#3154,.F.);
#11534 = ADVANCED_FACE('',(#11535),#3142,.T.);
#11535 = FACE_BOUND('',#11536,.T.);
#11536 = EDGE_LOOP('',(#11537,#11538,#11561,#11582));
#11537 = ORIENTED_EDGE('',*,*,#11513,.T.);
#11538 = ORIENTED_EDGE('',*,*,#11539,.T.);
#11539 = EDGE_CURVE('',#11491,#11540,#11542,.T.);
#11540 = VERTEX_POINT('',#11541);
#11541 = CARTESIAN_POINT('',(-11.87005244973,-17.0333112907,0.6));
#11542 = SURFACE_CURVE('',#11543,(#11547,#11554),.PCURVE_S1.);
#11543 = LINE('',#11544,#11545);
#11544 = CARTESIAN_POINT('',(-10.27044827132,-17.0333112907,0.6));
#11545 = VECTOR('',#11546,1.);
#11546 = DIRECTION('',(-1.,-0.,-0.));
#11547 = PCURVE('',#3142,#11548);
#11548 = DEFINITIONAL_REPRESENTATION('',(#11549),#11553);
#11549 = LINE('',#11550,#11551);
#11550 = CARTESIAN_POINT('',(0.,-0.6));
#11551 = VECTOR('',#11552,1.);
#11552 = DIRECTION('',(1.,0.));
#11553 = ( GEOMETRIC_REPRESENTATION_CONTEXT(2) 
PARAMETRIC_REPRESENTATION_CONTEXT() REPRESENTATION_CONTEXT('2D SPACE',''
  ) );
#11554 = PCURVE('',#11256,#11555);
#11555 = DEFINITIONAL_REPRESENTATION('',(#11556),#11560);
#11556 = LINE('',#11557,#11558);
#11557 = CARTESIAN_POINT('',(-3.99076506368,4.26451175813));
#11558 = VECTOR('',#11559,1.);
#11559 = DIRECTION('',(1.,-0.));
#11560 = ( GEOMETRIC_REPRESENTATION_CONTEXT(2) 
PARAMETRIC_REPRESENTATION_CONTEXT() REPRESENTATION_CONTEXT('2D SPACE',''
  ) );
#11561 = ORIENTED_EDGE('',*,*,#11562,.F.);
#11562 = EDGE_CURVE('',#3099,#11540,#11563,.T.);
#11563 = SURFACE_CURVE('',#11564,(#11568,#11575),.PCURVE_S1.);
#11564 = LINE('',#11565,#11566);
#11565 = CARTESIAN_POINT('',(-11.87005244973,-17.0333112907,0.));
#11566 = VECTOR('',#11567,1.);
#11567 = DIRECTION('',(-0.,-0.,1.));
#11568 = PCURVE('',#3142,#11569);
#11569 = DEFINITIONAL_REPRESENTATION('',(#11570),#11574);
#11570 = LINE('',#11571,#11572);
#11571 = CARTESIAN_POINT('',(1.599604178417,-0.));
#11572 = VECTOR('',#11573,1.);
#11573 = DIRECTION('',(0.,-1.));
#11574 = ( GEOMETRIC_REPRESENTATION_CONTEXT(2) 
PARAMETRIC_REPRESENTATION_CONTEXT() REPRESENTATION_CONTEXT('2D SPACE',''
  ) );
#11575 = PCURVE('',#3114,#11576);
#11576 = DEFINITIONAL_REPRESENTATION('',(#11577),#11581);
#11577 = LINE('',#11578,#11579);
#11578 = CARTESIAN_POINT('',(0.,0.));
#11579 = VECTOR('',#11580,1.);
#11580 = DIRECTION('',(0.,-1.));
#11581 = ( GEOMETRIC_REPRESENTATION_CONTEXT(2) 
PARAMETRIC_REPRESENTATION_CONTEXT() REPRESENTATION_CONTEXT('2D SPACE',''
  ) );
#11582 = ORIENTED_EDGE('',*,*,#3126,.F.);
#11583 = ADVANCED_FACE('',(#11584),#3114,.T.);
#11584 = FACE_BOUND('',#11585,.T.);
#11585 = EDGE_LOOP('',(#11586,#11587,#11608,#11609));
#11586 = ORIENTED_EDGE('',*,*,#11562,.T.);
#11587 = ORIENTED_EDGE('',*,*,#11588,.T.);
#11588 = EDGE_CURVE('',#11540,#11218,#11589,.T.);
#11589 = SURFACE_CURVE('',#11590,(#11594,#11601),.PCURVE_S1.);
#11590 = LINE('',#11591,#11592);
#11591 = CARTESIAN_POINT('',(-11.87005244973,-17.0333112907,0.6));
#11592 = VECTOR('',#11593,1.);
#11593 = DIRECTION('',(0.,1.,0.));
#11594 = PCURVE('',#3114,#11595);
#11595 = DEFINITIONAL_REPRESENTATION('',(#11596),#11600);
#11596 = LINE('',#11597,#11598);
#11597 = CARTESIAN_POINT('',(0.,-0.6));
#11598 = VECTOR('',#11599,1.);
#11599 = DIRECTION('',(1.,0.));
#11600 = ( GEOMETRIC_REPRESENTATION_CONTEXT(2) 
PARAMETRIC_REPRESENTATION_CONTEXT() REPRESENTATION_CONTEXT('2D SPACE',''
  ) );
#11601 = PCURVE('',#11256,#11602);
#11602 = DEFINITIONAL_REPRESENTATION('',(#11603),#11607);
#11603 = LINE('',#11604,#11605);
#11604 = CARTESIAN_POINT('',(-2.391160885263,4.26451175813));
#11605 = VECTOR('',#11606,1.);
#11606 = DIRECTION('',(-0.,-1.));
#11607 = ( GEOMETRIC_REPRESENTATION_CONTEXT(2) 
PARAMETRIC_REPRESENTATION_CONTEXT() REPRESENTATION_CONTEXT('2D SPACE',''
  ) );
#11608 = ORIENTED_EDGE('',*,*,#11217,.F.);
#11609 = ORIENTED_EDGE('',*,*,#3098,.F.);
#11610 = ADVANCED_FACE('',(#11611),#3312,.T.);
#11611 = FACE_BOUND('',#11612,.T.);
#11612 = EDGE_LOOP('',(#11613,#11636,#11664,#11685));
#11613 = ORIENTED_EDGE('',*,*,#11614,.T.);
#11614 = EDGE_CURVE('',#3295,#11615,#11617,.T.);
#11615 = VERTEX_POINT('',#11616);
#11616 = CARTESIAN_POINT('',(-7.589049926882,-12.76879953257,0.6));
#11617 = SURFACE_CURVE('',#11618,(#11622,#11629),.PCURVE_S1.);
#11618 = LINE('',#11619,#11620);
#11619 = CARTESIAN_POINT('',(-7.589049926882,-12.76879953257,0.));
#11620 = VECTOR('',#11621,1.);
#11621 = DIRECTION('',(-0.,-0.,1.));
#11622 = PCURVE('',#3312,#11623);
#11623 = DEFINITIONAL_REPRESENTATION('',(#11624),#11628);
#11624 = LINE('',#11625,#11626);
#11625 = CARTESIAN_POINT('',(0.,0.));
#11626 = VECTOR('',#11627,1.);
#11627 = DIRECTION('',(0.,-1.));
#11628 = ( GEOMETRIC_REPRESENTATION_CONTEXT(2) 
PARAMETRIC_REPRESENTATION_CONTEXT() REPRESENTATION_CONTEXT('2D SPACE',''
  ) );
#11629 = PCURVE('',#3340,#11630);
#11630 = DEFINITIONAL_REPRESENTATION('',(#11631),#11635);
#11631 = LINE('',#11632,#11633);
#11632 = CARTESIAN_POINT('',(1.55768170717,0.));
#11633 = VECTOR('',#11634,1.);
#11634 = DIRECTION('',(0.,-1.));
#11635 = ( GEOMETRIC_REPRESENTATION_CONTEXT(2) 
PARAMETRIC_REPRESENTATION_CONTEXT() REPRESENTATION_CONTEXT('2D SPACE',''
  ) );
#11636 = ORIENTED_EDGE('',*,*,#11637,.T.);
#11637 = EDGE_CURVE('',#11615,#11638,#11640,.T.);
#11638 = VERTEX_POINT('',#11639);
#11639 = CARTESIAN_POINT('',(-8.268469433591,-12.76879953257,0.6));
#11640 = SURFACE_CURVE('',#11641,(#11645,#11652),.PCURVE_S1.);
#11641 = LINE('',#11642,#11643);
#11642 = CARTESIAN_POINT('',(-7.589049926882,-12.76879953257,0.6));
#11643 = VECTOR('',#11644,1.);
#11644 = DIRECTION('',(-1.,-0.,-0.));
#11645 = PCURVE('',#3312,#11646);
#11646 = DEFINITIONAL_REPRESENTATION('',(#11647),#11651);
#11647 = LINE('',#11648,#11649);
#11648 = CARTESIAN_POINT('',(0.,-0.6));
#11649 = VECTOR('',#11650,1.);
#11650 = DIRECTION('',(1.,0.));
#11651 = ( GEOMETRIC_REPRESENTATION_CONTEXT(2) 
PARAMETRIC_REPRESENTATION_CONTEXT() REPRESENTATION_CONTEXT('2D SPACE',''
  ) );
#11652 = PCURVE('',#11653,#11658);
#11653 = PLANE('',#11654);
#11654 = AXIS2_PLACEMENT_3D('',#11655,#11656,#11657);
#11655 = CARTESIAN_POINT('',(-8.258574974755,-12.76879953257,0.6));
#11656 = DIRECTION('',(0.,0.,1.));
#11657 = DIRECTION('',(-1.,0.,0.));
#11658 = DEFINITIONAL_REPRESENTATION('',(#11659),#11663);
#11659 = LINE('',#11660,#11661);
#11660 = CARTESIAN_POINT('',(-0.669525047874,-0.));
#11661 = VECTOR('',#11662,1.);
#11662 = DIRECTION('',(1.,-0.));
#11663 = ( GEOMETRIC_REPRESENTATION_CONTEXT(2) 
PARAMETRIC_REPRESENTATION_CONTEXT() REPRESENTATION_CONTEXT('2D SPACE',''
  ) );
#11664 = ORIENTED_EDGE('',*,*,#11665,.F.);
#11665 = EDGE_CURVE('',#3297,#11638,#11666,.T.);
#11666 = SURFACE_CURVE('',#11667,(#11671,#11678),.PCURVE_S1.);
#11667 = LINE('',#11668,#11669);
#11668 = CARTESIAN_POINT('',(-8.268469433591,-12.76879953257,0.));
#11669 = VECTOR('',#11670,1.);
#11670 = DIRECTION('',(-0.,-0.,1.));
#11671 = PCURVE('',#3312,#11672);
#11672 = DEFINITIONAL_REPRESENTATION('',(#11673),#11677);
#11673 = LINE('',#11674,#11675);
#11674 = CARTESIAN_POINT('',(0.679419506709,-0.));
#11675 = VECTOR('',#11676,1.);
#11676 = DIRECTION('',(0.,-1.));
#11677 = ( GEOMETRIC_REPRESENTATION_CONTEXT(2) 
PARAMETRIC_REPRESENTATION_CONTEXT() REPRESENTATION_CONTEXT('2D SPACE',''
  ) );
#11678 = PCURVE('',#3506,#11679);
#11679 = DEFINITIONAL_REPRESENTATION('',(#11680),#11684);
#11680 = LINE('',#11681,#11682);
#11681 = CARTESIAN_POINT('',(0.,0.));
#11682 = VECTOR('',#11683,1.);
#11683 = DIRECTION('',(0.,-1.));
#11684 = ( GEOMETRIC_REPRESENTATION_CONTEXT(2) 
PARAMETRIC_REPRESENTATION_CONTEXT() REPRESENTATION_CONTEXT('2D SPACE',''
  ) );
#11685 = ORIENTED_EDGE('',*,*,#3294,.F.);
#11686 = ADVANCED_FACE('',(#11687),#3506,.T.);
#11687 = FACE_BOUND('',#11688,.T.);
#11688 = EDGE_LOOP('',(#11689,#11690,#11713,#11734));
#11689 = ORIENTED_EDGE('',*,*,#11665,.T.);
#11690 = ORIENTED_EDGE('',*,*,#11691,.T.);
#11691 = EDGE_CURVE('',#11638,#11692,#11694,.T.);
#11692 = VERTEX_POINT('',#11693);
#11693 = CARTESIAN_POINT('',(-6.411609325449,-17.60389175022,0.6));
#11694 = SURFACE_CURVE('',#11695,(#11699,#11706),.PCURVE_S1.);
#11695 = LINE('',#11696,#11697);
#11696 = CARTESIAN_POINT('',(-8.268469433591,-12.76879953257,0.6));
#11697 = VECTOR('',#11698,1.);
#11698 = DIRECTION('',(0.358509651553,-0.933526019853,0.));
#11699 = PCURVE('',#3506,#11700);
#11700 = DEFINITIONAL_REPRESENTATION('',(#11701),#11705);
#11701 = LINE('',#11702,#11703);
#11702 = CARTESIAN_POINT('',(0.,-0.6));
#11703 = VECTOR('',#11704,1.);
#11704 = DIRECTION('',(1.,0.));
#11705 = ( GEOMETRIC_REPRESENTATION_CONTEXT(2) 
PARAMETRIC_REPRESENTATION_CONTEXT() REPRESENTATION_CONTEXT('2D SPACE',''
  ) );
#11706 = PCURVE('',#11653,#11707);
#11707 = DEFINITIONAL_REPRESENTATION('',(#11708),#11712);
#11708 = LINE('',#11709,#11710);
#11709 = CARTESIAN_POINT('',(9.894458835569E-03,-0.));
#11710 = VECTOR('',#11711,1.);
#11711 = DIRECTION('',(-0.358509651553,0.933526019853));
#11712 = ( GEOMETRIC_REPRESENTATION_CONTEXT(2) 
PARAMETRIC_REPRESENTATION_CONTEXT() REPRESENTATION_CONTEXT('2D SPACE',''
  ) );
#11713 = ORIENTED_EDGE('',*,*,#11714,.F.);
#11714 = EDGE_CURVE('',#3465,#11692,#11715,.T.);
#11715 = SURFACE_CURVE('',#11716,(#11720,#11727),.PCURVE_S1.);
#11716 = LINE('',#11717,#11718);
#11717 = CARTESIAN_POINT('',(-6.411609325449,-17.60389175022,0.));
#11718 = VECTOR('',#11719,1.);
#11719 = DIRECTION('',(-0.,-0.,1.));
#11720 = PCURVE('',#3506,#11721);
#11721 = DEFINITIONAL_REPRESENTATION('',(#11722),#11726);
#11722 = LINE('',#11723,#11724);
#11723 = CARTESIAN_POINT('',(5.179386663918,0.));
#11724 = VECTOR('',#11725,1.);
#11725 = DIRECTION('',(0.,-1.));
#11726 = ( GEOMETRIC_REPRESENTATION_CONTEXT(2) 
PARAMETRIC_REPRESENTATION_CONTEXT() REPRESENTATION_CONTEXT('2D SPACE',''
  ) );
#11727 = PCURVE('',#3480,#11728);
#11728 = DEFINITIONAL_REPRESENTATION('',(#11729),#11733);
#11729 = LINE('',#11730,#11731);
#11730 = CARTESIAN_POINT('',(0.,0.));
#11731 = VECTOR('',#11732,1.);
#11732 = DIRECTION('',(0.,-1.));
#11733 = ( GEOMETRIC_REPRESENTATION_CONTEXT(2) 
PARAMETRIC_REPRESENTATION_CONTEXT() REPRESENTATION_CONTEXT('2D SPACE',''
  ) );
#11734 = ORIENTED_EDGE('',*,*,#3492,.F.);
#11735 = ADVANCED_FACE('',(#11736),#3480,.T.);
#11736 = FACE_BOUND('',#11737,.T.);
#11737 = EDGE_LOOP('',(#11738,#11739,#11762,#11783));
#11738 = ORIENTED_EDGE('',*,*,#11714,.T.);
#11739 = ORIENTED_EDGE('',*,*,#11740,.T.);
#11740 = EDGE_CURVE('',#11692,#11741,#11743,.T.);
#11741 = VERTEX_POINT('',#11742);
#11742 = CARTESIAN_POINT('',(-5.722295359904,-17.60389175022,0.6));
#11743 = SURFACE_CURVE('',#11744,(#11748,#11755),.PCURVE_S1.);
#11744 = LINE('',#11745,#11746);
#11745 = CARTESIAN_POINT('',(-6.411609325449,-17.60389175022,0.6));
#11746 = VECTOR('',#11747,1.);
#11747 = DIRECTION('',(1.,0.,0.));
#11748 = PCURVE('',#3480,#11749);
#11749 = DEFINITIONAL_REPRESENTATION('',(#11750),#11754);
#11750 = LINE('',#11751,#11752);
#11751 = CARTESIAN_POINT('',(0.,-0.6));
#11752 = VECTOR('',#11753,1.);
#11753 = DIRECTION('',(1.,0.));
#11754 = ( GEOMETRIC_REPRESENTATION_CONTEXT(2) 
PARAMETRIC_REPRESENTATION_CONTEXT() REPRESENTATION_CONTEXT('2D SPACE',''
  ) );
#11755 = PCURVE('',#11653,#11756);
#11756 = DEFINITIONAL_REPRESENTATION('',(#11757),#11761);
#11757 = LINE('',#11758,#11759);
#11758 = CARTESIAN_POINT('',(-1.846965649306,4.835092217648));
#11759 = VECTOR('',#11760,1.);
#11760 = DIRECTION('',(-1.,0.));
#11761 = ( GEOMETRIC_REPRESENTATION_CONTEXT(2) 
PARAMETRIC_REPRESENTATION_CONTEXT() REPRESENTATION_CONTEXT('2D SPACE',''
  ) );
#11762 = ORIENTED_EDGE('',*,*,#11763,.F.);
#11763 = EDGE_CURVE('',#3437,#11741,#11764,.T.);
#11764 = SURFACE_CURVE('',#11765,(#11769,#11776),.PCURVE_S1.);
#11765 = LINE('',#11766,#11767);
#11766 = CARTESIAN_POINT('',(-5.722295359904,-17.60389175022,0.));
#11767 = VECTOR('',#11768,1.);
#11768 = DIRECTION('',(-0.,-0.,1.));
#11769 = PCURVE('',#3480,#11770);
#11770 = DEFINITIONAL_REPRESENTATION('',(#11771),#11775);
#11771 = LINE('',#11772,#11773);
#11772 = CARTESIAN_POINT('',(0.689313965545,0.));
#11773 = VECTOR('',#11774,1.);
#11774 = DIRECTION('',(0.,-1.));
#11775 = ( GEOMETRIC_REPRESENTATION_CONTEXT(2) 
PARAMETRIC_REPRESENTATION_CONTEXT() REPRESENTATION_CONTEXT('2D SPACE',''
  ) );
#11776 = PCURVE('',#3452,#11777);
#11777 = DEFINITIONAL_REPRESENTATION('',(#11778),#11782);
#11778 = LINE('',#11779,#11780);
#11779 = CARTESIAN_POINT('',(0.,0.));
#11780 = VECTOR('',#11781,1.);
#11781 = DIRECTION('',(0.,-1.));
#11782 = ( GEOMETRIC_REPRESENTATION_CONTEXT(2) 
PARAMETRIC_REPRESENTATION_CONTEXT() REPRESENTATION_CONTEXT('2D SPACE',''
  ) );
#11783 = ORIENTED_EDGE('',*,*,#3464,.F.);
#11784 = ADVANCED_FACE('',(#11785),#3452,.T.);
#11785 = FACE_BOUND('',#11786,.T.);
#11786 = EDGE_LOOP('',(#11787,#11788,#11811,#11832));
#11787 = ORIENTED_EDGE('',*,*,#11763,.T.);
#11788 = ORIENTED_EDGE('',*,*,#11789,.T.);
#11789 = EDGE_CURVE('',#11741,#11790,#11792,.T.);
#11790 = VERTEX_POINT('',#11791);
#11791 = CARTESIAN_POINT('',(-3.74340359279,-12.76879953257,0.6));
#11792 = SURFACE_CURVE('',#11793,(#11797,#11804),.PCURVE_S1.);
#11793 = LINE('',#11794,#11795);
#11794 = CARTESIAN_POINT('',(-5.722295359904,-17.60389175022,0.6));
#11795 = VECTOR('',#11796,1.);
#11796 = DIRECTION('',(0.378780330599,0.925486607764,0.));
#11797 = PCURVE('',#3452,#11798);
#11798 = DEFINITIONAL_REPRESENTATION('',(#11799),#11803);
#11799 = LINE('',#11800,#11801);
#11800 = CARTESIAN_POINT('',(0.,-0.6));
#11801 = VECTOR('',#11802,1.);
#11802 = DIRECTION('',(1.,0.));
#11803 = ( GEOMETRIC_REPRESENTATION_CONTEXT(2) 
PARAMETRIC_REPRESENTATION_CONTEXT() REPRESENTATION_CONTEXT('2D SPACE',''
  ) );
#11804 = PCURVE('',#11653,#11805);
#11805 = DEFINITIONAL_REPRESENTATION('',(#11806),#11810);
#11806 = LINE('',#11807,#11808);
#11807 = CARTESIAN_POINT('',(-2.536279614851,4.835092217648));
#11808 = VECTOR('',#11809,1.);
#11809 = DIRECTION('',(-0.378780330599,-0.925486607764));
#11810 = ( GEOMETRIC_REPRESENTATION_CONTEXT(2) 
PARAMETRIC_REPRESENTATION_CONTEXT() REPRESENTATION_CONTEXT('2D SPACE',''
  ) );
#11811 = ORIENTED_EDGE('',*,*,#11812,.F.);
#11812 = EDGE_CURVE('',#3409,#11790,#11813,.T.);
#11813 = SURFACE_CURVE('',#11814,(#11818,#11825),.PCURVE_S1.);
#11814 = LINE('',#11815,#11816);
#11815 = CARTESIAN_POINT('',(-3.74340359279,-12.76879953257,0.));
#11816 = VECTOR('',#11817,1.);
#11817 = DIRECTION('',(-0.,-0.,1.));
#11818 = PCURVE('',#3452,#11819);
#11819 = DEFINITIONAL_REPRESENTATION('',(#11820),#11824);
#11820 = LINE('',#11821,#11822);
#11821 = CARTESIAN_POINT('',(5.224378372506,0.));
#11822 = VECTOR('',#11823,1.);
#11823 = DIRECTION('',(0.,-1.));
#11824 = ( GEOMETRIC_REPRESENTATION_CONTEXT(2) 
PARAMETRIC_REPRESENTATION_CONTEXT() REPRESENTATION_CONTEXT('2D SPACE',''
  ) );
#11825 = PCURVE('',#3424,#11826);
#11826 = DEFINITIONAL_REPRESENTATION('',(#11827),#11831);
#11827 = LINE('',#11828,#11829);
#11828 = CARTESIAN_POINT('',(0.,0.));
#11829 = VECTOR('',#11830,1.);
#11830 = DIRECTION('',(0.,-1.));
#11831 = ( GEOMETRIC_REPRESENTATION_CONTEXT(2) 
PARAMETRIC_REPRESENTATION_CONTEXT() REPRESENTATION_CONTEXT('2D SPACE',''
  ) );
#11832 = ORIENTED_EDGE('',*,*,#3436,.F.);
#11833 = ADVANCED_FACE('',(#11834),#3424,.T.);
#11834 = FACE_BOUND('',#11835,.T.);
#11835 = EDGE_LOOP('',(#11836,#11837,#11860,#11881));
#11836 = ORIENTED_EDGE('',*,*,#11812,.T.);
#11837 = ORIENTED_EDGE('',*,*,#11838,.T.);
#11838 = EDGE_CURVE('',#11790,#11839,#11841,.T.);
#11839 = VERTEX_POINT('',#11840);
#11840 = CARTESIAN_POINT('',(-4.472295393677,-12.76879953257,0.6));
#11841 = SURFACE_CURVE('',#11842,(#11846,#11853),.PCURVE_S1.);
#11842 = LINE('',#11843,#11844);
#11843 = CARTESIAN_POINT('',(-3.74340359279,-12.76879953257,0.6));
#11844 = VECTOR('',#11845,1.);
#11845 = DIRECTION('',(-1.,-0.,-0.));
#11846 = PCURVE('',#3424,#11847);
#11847 = DEFINITIONAL_REPRESENTATION('',(#11848),#11852);
#11848 = LINE('',#11849,#11850);
#11849 = CARTESIAN_POINT('',(0.,-0.6));
#11850 = VECTOR('',#11851,1.);
#11851 = DIRECTION('',(1.,0.));
#11852 = ( GEOMETRIC_REPRESENTATION_CONTEXT(2) 
PARAMETRIC_REPRESENTATION_CONTEXT() REPRESENTATION_CONTEXT('2D SPACE',''
  ) );
#11853 = PCURVE('',#11653,#11854);
#11854 = DEFINITIONAL_REPRESENTATION('',(#11855),#11859);
#11855 = LINE('',#11856,#11857);
#11856 = CARTESIAN_POINT('',(-4.515171381965,-0.));
#11857 = VECTOR('',#11858,1.);
#11858 = DIRECTION('',(1.,-0.));
#11859 = ( GEOMETRIC_REPRESENTATION_CONTEXT(2) 
PARAMETRIC_REPRESENTATION_CONTEXT() REPRESENTATION_CONTEXT('2D SPACE',''
  ) );
#11860 = ORIENTED_EDGE('',*,*,#11861,.F.);
#11861 = EDGE_CURVE('',#3381,#11839,#11862,.T.);
#11862 = SURFACE_CURVE('',#11863,(#11867,#11874),.PCURVE_S1.);
#11863 = LINE('',#11864,#11865);
#11864 = CARTESIAN_POINT('',(-4.472295393677,-12.76879953257,0.));
#11865 = VECTOR('',#11866,1.);
#11866 = DIRECTION('',(-0.,-0.,1.));
#11867 = PCURVE('',#3424,#11868);
#11868 = DEFINITIONAL_REPRESENTATION('',(#11869),#11873);
#11869 = LINE('',#11870,#11871);
#11870 = CARTESIAN_POINT('',(0.728891800887,-0.));
#11871 = VECTOR('',#11872,1.);
#11872 = DIRECTION('',(0.,-1.));
#11873 = ( GEOMETRIC_REPRESENTATION_CONTEXT(2) 
PARAMETRIC_REPRESENTATION_CONTEXT() REPRESENTATION_CONTEXT('2D SPACE',''
  ) );
#11874 = PCURVE('',#3396,#11875);
#11875 = DEFINITIONAL_REPRESENTATION('',(#11876),#11880);
#11876 = LINE('',#11877,#11878);
#11877 = CARTESIAN_POINT('',(0.,0.));
#11878 = VECTOR('',#11879,1.);
#11879 = DIRECTION('',(0.,-1.));
#11880 = ( GEOMETRIC_REPRESENTATION_CONTEXT(2) 
PARAMETRIC_REPRESENTATION_CONTEXT() REPRESENTATION_CONTEXT('2D SPACE',''
  ) );
#11881 = ORIENTED_EDGE('',*,*,#3408,.F.);
#11882 = ADVANCED_FACE('',(#11883),#3396,.T.);
#11883 = FACE_BOUND('',#11884,.T.);
#11884 = EDGE_LOOP('',(#11885,#11886,#11909,#11930));
#11885 = ORIENTED_EDGE('',*,*,#11861,.T.);
#11886 = ORIENTED_EDGE('',*,*,#11887,.T.);
#11887 = EDGE_CURVE('',#11839,#11888,#11890,.T.);
#11888 = VERTEX_POINT('',#11889);
#11889 = CARTESIAN_POINT('',(-5.036279547305,-14.23317944024,0.6));
#11890 = SURFACE_CURVE('',#11891,(#11895,#11902),.PCURVE_S1.);
#11891 = LINE('',#11892,#11893);
#11892 = CARTESIAN_POINT('',(-4.472295393677,-12.76879953257,0.6));
#11893 = VECTOR('',#11894,1.);
#11894 = DIRECTION('',(-0.359401561996,-0.933183003078,-0.));
#11895 = PCURVE('',#3396,#11896);
#11896 = DEFINITIONAL_REPRESENTATION('',(#11897),#11901);
#11897 = LINE('',#11898,#11899);
#11898 = CARTESIAN_POINT('',(0.,-0.6));
#11899 = VECTOR('',#11900,1.);
#11900 = DIRECTION('',(1.,0.));
#11901 = ( GEOMETRIC_REPRESENTATION_CONTEXT(2) 
PARAMETRIC_REPRESENTATION_CONTEXT() REPRESENTATION_CONTEXT('2D SPACE',''
  ) );
#11902 = PCURVE('',#11653,#11903);
#11903 = DEFINITIONAL_REPRESENTATION('',(#11904),#11908);
#11904 = LINE('',#11905,#11906);
#11905 = CARTESIAN_POINT('',(-3.786279581078,-0.));
#11906 = VECTOR('',#11907,1.);
#11907 = DIRECTION('',(0.359401561996,0.933183003078));
#11908 = ( GEOMETRIC_REPRESENTATION_CONTEXT(2) 
PARAMETRIC_REPRESENTATION_CONTEXT() REPRESENTATION_CONTEXT('2D SPACE',''
  ) );
#11909 = ORIENTED_EDGE('',*,*,#11910,.F.);
#11910 = EDGE_CURVE('',#3353,#11888,#11911,.T.);
#11911 = SURFACE_CURVE('',#11912,(#11916,#11923),.PCURVE_S1.);
#11912 = LINE('',#11913,#11914);
#11913 = CARTESIAN_POINT('',(-5.036279547305,-14.23317944024,0.));
#11914 = VECTOR('',#11915,1.);
#11915 = DIRECTION('',(-0.,-0.,1.));
#11916 = PCURVE('',#3396,#11917);
#11917 = DEFINITIONAL_REPRESENTATION('',(#11918),#11922);
#11918 = LINE('',#11919,#11920);
#11919 = CARTESIAN_POINT('',(1.569231225637,0.));
#11920 = VECTOR('',#11921,1.);
#11921 = DIRECTION('',(0.,-1.));
#11922 = ( GEOMETRIC_REPRESENTATION_CONTEXT(2) 
PARAMETRIC_REPRESENTATION_CONTEXT() REPRESENTATION_CONTEXT('2D SPACE',''
  ) );
#11923 = PCURVE('',#3368,#11924);
#11924 = DEFINITIONAL_REPRESENTATION('',(#11925),#11929);
#11925 = LINE('',#11926,#11927);
#11926 = CARTESIAN_POINT('',(0.,0.));
#11927 = VECTOR('',#11928,1.);
#11928 = DIRECTION('',(0.,-1.));
#11929 = ( GEOMETRIC_REPRESENTATION_CONTEXT(2) 
PARAMETRIC_REPRESENTATION_CONTEXT() REPRESENTATION_CONTEXT('2D SPACE',''
  ) );
#11930 = ORIENTED_EDGE('',*,*,#3380,.F.);
#11931 = ADVANCED_FACE('',(#11932),#3368,.T.);
#11932 = FACE_BOUND('',#11933,.T.);
#11933 = EDGE_LOOP('',(#11934,#11935,#11958,#11979));
#11934 = ORIENTED_EDGE('',*,*,#11910,.T.);
#11935 = ORIENTED_EDGE('',*,*,#11936,.T.);
#11936 = EDGE_CURVE('',#11888,#11937,#11939,.T.);
#11937 = VERTEX_POINT('',#11938);
#11938 = CARTESIAN_POINT('',(-7.058047302706,-14.23317944024,0.6));
#11939 = SURFACE_CURVE('',#11940,(#11944,#11951),.PCURVE_S1.);
#11940 = LINE('',#11941,#11942);
#11941 = CARTESIAN_POINT('',(-5.036279547305,-14.23317944024,0.6));
#11942 = VECTOR('',#11943,1.);
#11943 = DIRECTION('',(-1.,-0.,-0.));
#11944 = PCURVE('',#3368,#11945);
#11945 = DEFINITIONAL_REPRESENTATION('',(#11946),#11950);
#11946 = LINE('',#11947,#11948);
#11947 = CARTESIAN_POINT('',(0.,-0.6));
#11948 = VECTOR('',#11949,1.);
#11949 = DIRECTION('',(1.,0.));
#11950 = ( GEOMETRIC_REPRESENTATION_CONTEXT(2) 
PARAMETRIC_REPRESENTATION_CONTEXT() REPRESENTATION_CONTEXT('2D SPACE',''
  ) );
#11951 = PCURVE('',#11653,#11952);
#11952 = DEFINITIONAL_REPRESENTATION('',(#11953),#11957);
#11953 = LINE('',#11954,#11955);
#11954 = CARTESIAN_POINT('',(-3.22229542745,1.464379907664));
#11955 = VECTOR('',#11956,1.);
#11956 = DIRECTION('',(1.,-0.));
#11957 = ( GEOMETRIC_REPRESENTATION_CONTEXT(2) 
PARAMETRIC_REPRESENTATION_CONTEXT() REPRESENTATION_CONTEXT('2D SPACE',''
  ) );
#11958 = ORIENTED_EDGE('',*,*,#11959,.F.);
#11959 = EDGE_CURVE('',#3325,#11937,#11960,.T.);
#11960 = SURFACE_CURVE('',#11961,(#11965,#11972),.PCURVE_S1.);
#11961 = LINE('',#11962,#11963);
#11962 = CARTESIAN_POINT('',(-7.058047302706,-14.23317944024,0.));
#11963 = VECTOR('',#11964,1.);
#11964 = DIRECTION('',(-0.,-0.,1.));
#11965 = PCURVE('',#3368,#11966);
#11966 = DEFINITIONAL_REPRESENTATION('',(#11967),#11971);
#11967 = LINE('',#11968,#11969);
#11968 = CARTESIAN_POINT('',(2.021767755401,-0.));
#11969 = VECTOR('',#11970,1.);
#11970 = DIRECTION('',(0.,-1.));
#11971 = ( GEOMETRIC_REPRESENTATION_CONTEXT(2) 
PARAMETRIC_REPRESENTATION_CONTEXT() REPRESENTATION_CONTEXT('2D SPACE',''
  ) );
#11972 = PCURVE('',#3340,#11973);
#11973 = DEFINITIONAL_REPRESENTATION('',(#11974),#11978);
#11974 = LINE('',#11975,#11976);
#11975 = CARTESIAN_POINT('',(0.,0.));
#11976 = VECTOR('',#11977,1.);
#11977 = DIRECTION('',(0.,-1.));
#11978 = ( GEOMETRIC_REPRESENTATION_CONTEXT(2) 
PARAMETRIC_REPRESENTATION_CONTEXT() REPRESENTATION_CONTEXT('2D SPACE',''
  ) );
#11979 = ORIENTED_EDGE('',*,*,#3352,.F.);
#11980 = ADVANCED_FACE('',(#11981),#3340,.T.);
#11981 = FACE_BOUND('',#11982,.T.);
#11982 = EDGE_LOOP('',(#11983,#11984,#12005,#12006));
#11983 = ORIENTED_EDGE('',*,*,#11959,.T.);
#11984 = ORIENTED_EDGE('',*,*,#11985,.T.);
#11985 = EDGE_CURVE('',#11937,#11615,#11986,.T.);
#11986 = SURFACE_CURVE('',#11987,(#11991,#11998),.PCURVE_S1.);
#11987 = LINE('',#11988,#11989);
#11988 = CARTESIAN_POINT('',(-7.058047302706,-14.23317944024,0.6));
#11989 = VECTOR('',#11990,1.);
#11990 = DIRECTION('',(-0.340892893414,0.940102140844,0.));
#11991 = PCURVE('',#3340,#11992);
#11992 = DEFINITIONAL_REPRESENTATION('',(#11993),#11997);
#11993 = LINE('',#11994,#11995);
#11994 = CARTESIAN_POINT('',(0.,-0.6));
#11995 = VECTOR('',#11996,1.);
#11996 = DIRECTION('',(1.,0.));
#11997 = ( GEOMETRIC_REPRESENTATION_CONTEXT(2) 
PARAMETRIC_REPRESENTATION_CONTEXT() REPRESENTATION_CONTEXT('2D SPACE',''
  ) );
#11998 = PCURVE('',#11653,#11999);
#11999 = DEFINITIONAL_REPRESENTATION('',(#12000),#12004);
#12000 = LINE('',#12001,#12002);
#12001 = CARTESIAN_POINT('',(-1.200527672049,1.464379907664));
#12002 = VECTOR('',#12003,1.);
#12003 = DIRECTION('',(0.340892893414,-0.940102140844));
#12004 = ( GEOMETRIC_REPRESENTATION_CONTEXT(2) 
PARAMETRIC_REPRESENTATION_CONTEXT() REPRESENTATION_CONTEXT('2D SPACE',''
  ) );
#12005 = ORIENTED_EDGE('',*,*,#11614,.F.);
#12006 = ORIENTED_EDGE('',*,*,#3324,.F.);
#12007 = ADVANCED_FACE('',(#12008),#3538,.T.);
#12008 = FACE_BOUND('',#12009,.T.);
#12009 = EDGE_LOOP('',(#12010,#12033,#12061,#12082));
#12010 = ORIENTED_EDGE('',*,*,#12011,.T.);
#12011 = EDGE_CURVE('',#3521,#12012,#12014,.T.);
#12012 = VERTEX_POINT('',#12013);
#12013 = CARTESIAN_POINT('',(-2.635224203207,-12.76879953257,0.6));
#12014 = SURFACE_CURVE('',#12015,(#12019,#12026),.PCURVE_S1.);
#12015 = LINE('',#12016,#12017);
#12016 = CARTESIAN_POINT('',(-2.635224203207,-12.76879953257,0.));
#12017 = VECTOR('',#12018,1.);
#12018 = DIRECTION('',(-0.,-0.,1.));
#12019 = PCURVE('',#3538,#12020);
#12020 = DEFINITIONAL_REPRESENTATION('',(#12021),#12025);
#12021 = LINE('',#12022,#12023);
#12022 = CARTESIAN_POINT('',(0.,0.));
#12023 = VECTOR('',#12024,1.);
#12024 = DIRECTION('',(0.,-1.));
#12025 = ( GEOMETRIC_REPRESENTATION_CONTEXT(2) 
PARAMETRIC_REPRESENTATION_CONTEXT() REPRESENTATION_CONTEXT('2D SPACE',''
  ) );
#12026 = PCURVE('',#3566,#12027);
#12027 = DEFINITIONAL_REPRESENTATION('',(#12028),#12032);
#12028 = LINE('',#12029,#12030);
#12029 = CARTESIAN_POINT('',(4.116094875597,0.));
#12030 = VECTOR('',#12031,1.);
#12031 = DIRECTION('',(0.,-1.));
#12032 = ( GEOMETRIC_REPRESENTATION_CONTEXT(2) 
PARAMETRIC_REPRESENTATION_CONTEXT() REPRESENTATION_CONTEXT('2D SPACE',''
  ) );
#12033 = ORIENTED_EDGE('',*,*,#12034,.T.);
#12034 = EDGE_CURVE('',#12012,#12035,#12037,.T.);
#12035 = VERTEX_POINT('',#12036);
#12036 = CARTESIAN_POINT('',(-3.251978803957,-12.76879953257,0.6));
#12037 = SURFACE_CURVE('',#12038,(#12042,#12049),.PCURVE_S1.);
#12038 = LINE('',#12039,#12040);
#12039 = CARTESIAN_POINT('',(-2.635224203207,-12.76879953257,0.6));
#12040 = VECTOR('',#12041,1.);
#12041 = DIRECTION('',(-1.,-0.,-0.));
#12042 = PCURVE('',#3538,#12043);
#12043 = DEFINITIONAL_REPRESENTATION('',(#12044),#12048);
#12044 = LINE('',#12045,#12046);
#12045 = CARTESIAN_POINT('',(0.,-0.6));
#12046 = VECTOR('',#12047,1.);
#12047 = DIRECTION('',(1.,0.));
#12048 = ( GEOMETRIC_REPRESENTATION_CONTEXT(2) 
PARAMETRIC_REPRESENTATION_CONTEXT() REPRESENTATION_CONTEXT('2D SPACE',''
  ) );
#12049 = PCURVE('',#12050,#12055);
#12050 = PLANE('',#12051);
#12051 = AXIS2_PLACEMENT_3D('',#12052,#12053,#12054);
#12052 = CARTESIAN_POINT('',(-3.753298051626,-12.76879953257,0.6));
#12053 = DIRECTION('',(0.,0.,1.));
#12054 = DIRECTION('',(-1.,0.,0.));
#12055 = DEFINITIONAL_REPRESENTATION('',(#12056),#12060);
#12056 = LINE('',#12057,#12058);
#12057 = CARTESIAN_POINT('',(-1.118073848419,-0.));
#12058 = VECTOR('',#12059,1.);
#12059 = DIRECTION('',(1.,-0.));
#12060 = ( GEOMETRIC_REPRESENTATION_CONTEXT(2) 
PARAMETRIC_REPRESENTATION_CONTEXT() REPRESENTATION_CONTEXT('2D SPACE',''
  ) );
#12061 = ORIENTED_EDGE('',*,*,#12062,.F.);
#12062 = EDGE_CURVE('',#3523,#12035,#12063,.T.);
#12063 = SURFACE_CURVE('',#12064,(#12068,#12075),.PCURVE_S1.);
#12064 = LINE('',#12065,#12066);
#12065 = CARTESIAN_POINT('',(-3.251978803957,-12.76879953257,0.));
#12066 = VECTOR('',#12067,1.);
#12067 = DIRECTION('',(-0.,-0.,1.));
#12068 = PCURVE('',#3538,#12069);
#12069 = DEFINITIONAL_REPRESENTATION('',(#12070),#12074);
#12070 = LINE('',#12071,#12072);
#12071 = CARTESIAN_POINT('',(0.61675460075,-0.));
#12072 = VECTOR('',#12073,1.);
#12073 = DIRECTION('',(0.,-1.));
#12074 = ( GEOMETRIC_REPRESENTATION_CONTEXT(2) 
PARAMETRIC_REPRESENTATION_CONTEXT() REPRESENTATION_CONTEXT('2D SPACE',''
  ) );
#12075 = PCURVE('',#3932,#12076);
#12076 = DEFINITIONAL_REPRESENTATION('',(#12077),#12081);
#12077 = LINE('',#12078,#12079);
#12078 = CARTESIAN_POINT('',(0.,0.));
#12079 = VECTOR('',#12080,1.);
#12080 = DIRECTION('',(0.,-1.));
#12081 = ( GEOMETRIC_REPRESENTATION_CONTEXT(2) 
PARAMETRIC_REPRESENTATION_CONTEXT() REPRESENTATION_CONTEXT('2D SPACE',''
  ) );
#12082 = ORIENTED_EDGE('',*,*,#3520,.F.);
#12083 = ADVANCED_FACE('',(#12084),#3932,.T.);
#12084 = FACE_BOUND('',#12085,.T.);
#12085 = EDGE_LOOP('',(#12086,#12087,#12110,#12131));
#12086 = ORIENTED_EDGE('',*,*,#12062,.T.);
#12087 = ORIENTED_EDGE('',*,*,#12088,.T.);
#12088 = EDGE_CURVE('',#12035,#12089,#12091,.T.);
#12089 = VERTEX_POINT('',#12090);
#12090 = CARTESIAN_POINT('',(-3.251978803957,-17.60389175022,0.6));
#12091 = SURFACE_CURVE('',#12092,(#12096,#12103),.PCURVE_S1.);
#12092 = LINE('',#12093,#12094);
#12093 = CARTESIAN_POINT('',(-3.251978803957,-12.76879953257,0.6));
#12094 = VECTOR('',#12095,1.);
#12095 = DIRECTION('',(-0.,-1.,-0.));
#12096 = PCURVE('',#3932,#12097);
#12097 = DEFINITIONAL_REPRESENTATION('',(#12098),#12102);
#12098 = LINE('',#12099,#12100);
#12099 = CARTESIAN_POINT('',(0.,-0.6));
#12100 = VECTOR('',#12101,1.);
#12101 = DIRECTION('',(1.,0.));
#12102 = ( GEOMETRIC_REPRESENTATION_CONTEXT(2) 
PARAMETRIC_REPRESENTATION_CONTEXT() REPRESENTATION_CONTEXT('2D SPACE',''
  ) );
#12103 = PCURVE('',#12050,#12104);
#12104 = DEFINITIONAL_REPRESENTATION('',(#12105),#12109);
#12105 = LINE('',#12106,#12107);
#12106 = CARTESIAN_POINT('',(-0.501319247669,-0.));
#12107 = VECTOR('',#12108,1.);
#12108 = DIRECTION('',(-0.,1.));
#12109 = ( GEOMETRIC_REPRESENTATION_CONTEXT(2) 
PARAMETRIC_REPRESENTATION_CONTEXT() REPRESENTATION_CONTEXT('2D SPACE',''
  ) );
#12110 = ORIENTED_EDGE('',*,*,#12111,.F.);
#12111 = EDGE_CURVE('',#3891,#12089,#12112,.T.);
#12112 = SURFACE_CURVE('',#12113,(#12117,#12124),.PCURVE_S1.);
#12113 = LINE('',#12114,#12115);
#12114 = CARTESIAN_POINT('',(-3.251978803957,-17.60389175022,0.));
#12115 = VECTOR('',#12116,1.);
#12116 = DIRECTION('',(-0.,-0.,1.));
#12117 = PCURVE('',#3932,#12118);
#12118 = DEFINITIONAL_REPRESENTATION('',(#12119),#12123);
#12119 = LINE('',#12120,#12121);
#12120 = CARTESIAN_POINT('',(4.835092217648,0.));
#12121 = VECTOR('',#12122,1.);
#12122 = DIRECTION('',(0.,-1.));
#12123 = ( GEOMETRIC_REPRESENTATION_CONTEXT(2) 
PARAMETRIC_REPRESENTATION_CONTEXT() REPRESENTATION_CONTEXT('2D SPACE',''
  ) );
#12124 = PCURVE('',#3906,#12125);
#12125 = DEFINITIONAL_REPRESENTATION('',(#12126),#12130);
#12126 = LINE('',#12127,#12128);
#12127 = CARTESIAN_POINT('',(0.,0.));
#12128 = VECTOR('',#12129,1.);
#12129 = DIRECTION('',(0.,-1.));
#12130 = ( GEOMETRIC_REPRESENTATION_CONTEXT(2) 
PARAMETRIC_REPRESENTATION_CONTEXT() REPRESENTATION_CONTEXT('2D SPACE',''
  ) );
#12131 = ORIENTED_EDGE('',*,*,#3918,.F.);
#12132 = ADVANCED_FACE('',(#12133),#3906,.T.);
#12133 = FACE_BOUND('',#12134,.T.);
#12134 = EDGE_LOOP('',(#12135,#12136,#12159,#12180));
#12135 = ORIENTED_EDGE('',*,*,#12111,.T.);
#12136 = ORIENTED_EDGE('',*,*,#12137,.T.);
#12137 = EDGE_CURVE('',#12089,#12138,#12140,.T.);
#12138 = VERTEX_POINT('',#12139);
#12139 = CARTESIAN_POINT('',(-2.288918143962,-17.60389175022,0.6));
#12140 = SURFACE_CURVE('',#12141,(#12145,#12152),.PCURVE_S1.);
#12141 = LINE('',#12142,#12143);
#12142 = CARTESIAN_POINT('',(-3.251978803957,-17.60389175022,0.6));
#12143 = VECTOR('',#12144,1.);
#12144 = DIRECTION('',(1.,0.,0.));
#12145 = PCURVE('',#3906,#12146);
#12146 = DEFINITIONAL_REPRESENTATION('',(#12147),#12151);
#12147 = LINE('',#12148,#12149);
#12148 = CARTESIAN_POINT('',(0.,-0.6));
#12149 = VECTOR('',#12150,1.);
#12150 = DIRECTION('',(1.,0.));
#12151 = ( GEOMETRIC_REPRESENTATION_CONTEXT(2) 
PARAMETRIC_REPRESENTATION_CONTEXT() REPRESENTATION_CONTEXT('2D SPACE',''
  ) );
#12152 = PCURVE('',#12050,#12153);
#12153 = DEFINITIONAL_REPRESENTATION('',(#12154),#12158);
#12154 = LINE('',#12155,#12156);
#12155 = CARTESIAN_POINT('',(-0.501319247669,4.835092217648));
#12156 = VECTOR('',#12157,1.);
#12157 = DIRECTION('',(-1.,0.));
#12158 = ( GEOMETRIC_REPRESENTATION_CONTEXT(2) 
PARAMETRIC_REPRESENTATION_CONTEXT() REPRESENTATION_CONTEXT('2D SPACE',''
  ) );
#12159 = ORIENTED_EDGE('',*,*,#12160,.F.);
#12160 = EDGE_CURVE('',#3863,#12138,#12161,.T.);
#12161 = SURFACE_CURVE('',#12162,(#12166,#12173),.PCURVE_S1.);
#12162 = LINE('',#12163,#12164);
#12163 = CARTESIAN_POINT('',(-2.288918143962,-17.60389175022,0.));
#12164 = VECTOR('',#12165,1.);
#12165 = DIRECTION('',(-0.,-0.,1.));
#12166 = PCURVE('',#3906,#12167);
#12167 = DEFINITIONAL_REPRESENTATION('',(#12168),#12172);
#12168 = LINE('',#12169,#12170);
#12169 = CARTESIAN_POINT('',(0.963060659995,0.));
#12170 = VECTOR('',#12171,1.);
#12171 = DIRECTION('',(0.,-1.));
#12172 = ( GEOMETRIC_REPRESENTATION_CONTEXT(2) 
PARAMETRIC_REPRESENTATION_CONTEXT() REPRESENTATION_CONTEXT('2D SPACE',''
  ) );
#12173 = PCURVE('',#3878,#12174);
#12174 = DEFINITIONAL_REPRESENTATION('',(#12175),#12179);
#12175 = LINE('',#12176,#12177);
#12176 = CARTESIAN_POINT('',(0.,0.));
#12177 = VECTOR('',#12178,1.);
#12178 = DIRECTION('',(0.,-1.));
#12179 = ( GEOMETRIC_REPRESENTATION_CONTEXT(2) 
PARAMETRIC_REPRESENTATION_CONTEXT() REPRESENTATION_CONTEXT('2D SPACE',''
  ) );
#12180 = ORIENTED_EDGE('',*,*,#3890,.F.);
#12181 = ADVANCED_FACE('',(#12182),#3878,.T.);
#12182 = FACE_BOUND('',#12183,.T.);
#12183 = EDGE_LOOP('',(#12184,#12185,#12208,#12229));
#12184 = ORIENTED_EDGE('',*,*,#12160,.T.);
#12185 = ORIENTED_EDGE('',*,*,#12186,.T.);
#12186 = EDGE_CURVE('',#12138,#12187,#12189,.T.);
#12187 = VERTEX_POINT('',#12188);
#12188 = CARTESIAN_POINT('',(-1.144459071981,-14.18040899312,0.6));
#12189 = SURFACE_CURVE('',#12190,(#12194,#12201),.PCURVE_S1.);
#12190 = LINE('',#12191,#12192);
#12191 = CARTESIAN_POINT('',(-2.288918143962,-17.60389175022,0.6));
#12192 = VECTOR('',#12193,1.);
#12193 = DIRECTION('',(0.317049967018,0.948408835057,0.));
#12194 = PCURVE('',#3878,#12195);
#12195 = DEFINITIONAL_REPRESENTATION('',(#12196),#12200);
#12196 = LINE('',#12197,#12198);
#12197 = CARTESIAN_POINT('',(0.,-0.6));
#12198 = VECTOR('',#12199,1.);
#12199 = DIRECTION('',(1.,0.));
#12200 = ( GEOMETRIC_REPRESENTATION_CONTEXT(2) 
PARAMETRIC_REPRESENTATION_CONTEXT() REPRESENTATION_CONTEXT('2D SPACE',''
  ) );
#12201 = PCURVE('',#12050,#12202);
#12202 = DEFINITIONAL_REPRESENTATION('',(#12203),#12207);
#12203 = LINE('',#12204,#12205);
#12204 = CARTESIAN_POINT('',(-1.464379907664,4.835092217648));
#12205 = VECTOR('',#12206,1.);
#12206 = DIRECTION('',(-0.317049967018,-0.948408835057));
#12207 = ( GEOMETRIC_REPRESENTATION_CONTEXT(2) 
PARAMETRIC_REPRESENTATION_CONTEXT() REPRESENTATION_CONTEXT('2D SPACE',''
  ) );
#12208 = ORIENTED_EDGE('',*,*,#12209,.F.);
#12209 = EDGE_CURVE('',#3833,#12187,#12210,.T.);
#12210 = SURFACE_CURVE('',#12211,(#12215,#12222),.PCURVE_S1.);
#12211 = LINE('',#12212,#12213);
#12212 = CARTESIAN_POINT('',(-1.144459071981,-14.18040899312,0.));
#12213 = VECTOR('',#12214,1.);
#12214 = DIRECTION('',(-0.,-0.,1.));
#12215 = PCURVE('',#3878,#12216);
#12216 = DEFINITIONAL_REPRESENTATION('',(#12217),#12221);
#12217 = LINE('',#12218,#12219);
#12218 = CARTESIAN_POINT('',(3.60971200453,0.));
#12219 = VECTOR('',#12220,1.);
#12220 = DIRECTION('',(0.,-1.));
#12221 = ( GEOMETRIC_REPRESENTATION_CONTEXT(2) 
PARAMETRIC_REPRESENTATION_CONTEXT() REPRESENTATION_CONTEXT('2D SPACE',''
  ) );
#12222 = PCURVE('',#3848,#12223);
#12223 = DEFINITIONAL_REPRESENTATION('',(#12224),#12228);
#12224 = LINE('',#12225,#12226);
#12225 = CARTESIAN_POINT('',(0.,0.));
#12226 = VECTOR('',#12227,1.);
#12227 = DIRECTION('',(0.,-1.));
#12228 = ( GEOMETRIC_REPRESENTATION_CONTEXT(2) 
PARAMETRIC_REPRESENTATION_CONTEXT() REPRESENTATION_CONTEXT('2D SPACE',''
  ) );
#12229 = ORIENTED_EDGE('',*,*,#3862,.F.);
#12230 = ADVANCED_FACE('',(#12231),#3848,.T.);
#12231 = FACE_BOUND('',#12232,.T.);
#12232 = EDGE_LOOP('',(#12233,#12234,#12257,#12278));
#12233 = ORIENTED_EDGE('',*,*,#12209,.T.);
#12234 = ORIENTED_EDGE('',*,*,#12235,.T.);
#12235 = EDGE_CURVE('',#12187,#12236,#12238,.T.);
#12236 = VERTEX_POINT('',#12237);
#12237 = CARTESIAN_POINT('',(-0.913588365818,-13.46470980401,0.6));
#12238 = SURFACE_CURVE('',#12239,(#12243,#12250),.PCURVE_S1.);
#12239 = B_SPLINE_CURVE_WITH_KNOTS('',2,(#12240,#12241,#12242),
  .UNSPECIFIED.,.F.,.F.,(3,3),(0.,1.),.PIECEWISE_BEZIER_KNOTS.);
#12240 = CARTESIAN_POINT('',(-1.144459071981,-14.18040899312,0.6));
#12241 = CARTESIAN_POINT('',(-0.986147730612,-13.70217681606,0.6));
#12242 = CARTESIAN_POINT('',(-0.913588365818,-13.46470980401,0.6));
#12243 = PCURVE('',#3848,#12244);
#12244 = DEFINITIONAL_REPRESENTATION('',(#12245),#12249);
#12245 = LINE('',#12246,#12247);
#12246 = CARTESIAN_POINT('',(0.,-0.6));
#12247 = VECTOR('',#12248,1.);
#12248 = DIRECTION('',(1.,0.));
#12249 = ( GEOMETRIC_REPRESENTATION_CONTEXT(2) 
PARAMETRIC_REPRESENTATION_CONTEXT() REPRESENTATION_CONTEXT('2D SPACE',''
  ) );
#12250 = PCURVE('',#12050,#12251);
#12251 = DEFINITIONAL_REPRESENTATION('',(#12252),#12256);
#12252 = B_SPLINE_CURVE_WITH_KNOTS('',2,(#12253,#12254,#12255),
  .UNSPECIFIED.,.F.,.F.,(3,3),(0.,1.),.PIECEWISE_BEZIER_KNOTS.);
#12253 = CARTESIAN_POINT('',(-2.608838979645,1.411609460541));
#12254 = CARTESIAN_POINT('',(-2.767150321014,0.933377283489));
#12255 = CARTESIAN_POINT('',(-2.839709685808,0.695910271435));
#12256 = ( GEOMETRIC_REPRESENTATION_CONTEXT(2) 
PARAMETRIC_REPRESENTATION_CONTEXT() REPRESENTATION_CONTEXT('2D SPACE',''
  ) );
#12257 = ORIENTED_EDGE('',*,*,#12258,.F.);
#12258 = EDGE_CURVE('',#3803,#12236,#12259,.T.);
#12259 = SURFACE_CURVE('',#12260,(#12264,#12271),.PCURVE_S1.);
#12260 = LINE('',#12261,#12262);
#12261 = CARTESIAN_POINT('',(-0.913588365818,-13.46470980401,0.));
#12262 = VECTOR('',#12263,1.);
#12263 = DIRECTION('',(-0.,-0.,1.));
#12264 = PCURVE('',#3848,#12265);
#12265 = DEFINITIONAL_REPRESENTATION('',(#12266),#12270);
#12266 = LINE('',#12267,#12268);
#12267 = CARTESIAN_POINT('',(1.,0.));
#12268 = VECTOR('',#12269,1.);
#12269 = DIRECTION('',(0.,-1.));
#12270 = ( GEOMETRIC_REPRESENTATION_CONTEXT(2) 
PARAMETRIC_REPRESENTATION_CONTEXT() REPRESENTATION_CONTEXT('2D SPACE',''
  ) );
#12271 = PCURVE('',#3818,#12272);
#12272 = DEFINITIONAL_REPRESENTATION('',(#12273),#12277);
#12273 = LINE('',#12274,#12275);
#12274 = CARTESIAN_POINT('',(0.,0.));
#12275 = VECTOR('',#12276,1.);
#12276 = DIRECTION('',(0.,-1.));
#12277 = ( GEOMETRIC_REPRESENTATION_CONTEXT(2) 
PARAMETRIC_REPRESENTATION_CONTEXT() REPRESENTATION_CONTEXT('2D SPACE',''
  ) );
#12278 = ORIENTED_EDGE('',*,*,#3832,.F.);
#12279 = ADVANCED_FACE('',(#12280),#3818,.T.);
#12280 = FACE_BOUND('',#12281,.T.);
#12281 = EDGE_LOOP('',(#12282,#12283,#12306,#12327));
#12282 = ORIENTED_EDGE('',*,*,#12258,.T.);
#12283 = ORIENTED_EDGE('',*,*,#12284,.T.);
#12284 = EDGE_CURVE('',#12236,#12285,#12287,.T.);
#12285 = VERTEX_POINT('',#12286);
#12286 = CARTESIAN_POINT('',(-0.656332436093,-14.23977574613,0.6));
#12287 = SURFACE_CURVE('',#12288,(#12292,#12299),.PCURVE_S1.);
#12288 = B_SPLINE_CURVE_WITH_KNOTS('',2,(#12289,#12290,#12291),
  .UNSPECIFIED.,.F.,.F.,(3,3),(0.,1.),.PIECEWISE_BEZIER_KNOTS.);
#12289 = CARTESIAN_POINT('',(-0.913588365818,-13.46470980401,0.6));
#12290 = CARTESIAN_POINT('',(-0.831134542188,-13.72856203962,0.6));
#12291 = CARTESIAN_POINT('',(-0.656332436093,-14.23977574613,0.6));
#12292 = PCURVE('',#3818,#12293);
#12293 = DEFINITIONAL_REPRESENTATION('',(#12294),#12298);
#12294 = LINE('',#12295,#12296);
#12295 = CARTESIAN_POINT('',(0.,-0.6));
#12296 = VECTOR('',#12297,1.);
#12297 = DIRECTION('',(1.,0.));
#12298 = ( GEOMETRIC_REPRESENTATION_CONTEXT(2) 
PARAMETRIC_REPRESENTATION_CONTEXT() REPRESENTATION_CONTEXT('2D SPACE',''
  ) );
#12299 = PCURVE('',#12050,#12300);
#12300 = DEFINITIONAL_REPRESENTATION('',(#12301),#12305);
#12301 = B_SPLINE_CURVE_WITH_KNOTS('',2,(#12302,#12303,#12304),
  .UNSPECIFIED.,.F.,.F.,(3,3),(0.,1.),.PIECEWISE_BEZIER_KNOTS.);
#12302 = CARTESIAN_POINT('',(-2.839709685808,0.695910271435));
#12303 = CARTESIAN_POINT('',(-2.922163509438,0.95976250705));
#12304 = CARTESIAN_POINT('',(-3.096965615533,1.470976213555));
#12305 = ( GEOMETRIC_REPRESENTATION_CONTEXT(2) 
PARAMETRIC_REPRESENTATION_CONTEXT() REPRESENTATION_CONTEXT('2D SPACE',''
  ) );
#12306 = ORIENTED_EDGE('',*,*,#12307,.F.);
#12307 = EDGE_CURVE('',#3775,#12285,#12308,.T.);
#12308 = SURFACE_CURVE('',#12309,(#12313,#12320),.PCURVE_S1.);
#12309 = LINE('',#12310,#12311);
#12310 = CARTESIAN_POINT('',(-0.656332436093,-14.23977574613,0.));
#12311 = VECTOR('',#12312,1.);
#12312 = DIRECTION('',(-0.,-0.,1.));
#12313 = PCURVE('',#3818,#12314);
#12314 = DEFINITIONAL_REPRESENTATION('',(#12315),#12319);
#12315 = LINE('',#12316,#12317);
#12316 = CARTESIAN_POINT('',(1.,0.));
#12317 = VECTOR('',#12318,1.);
#12318 = DIRECTION('',(0.,-1.));
#12319 = ( GEOMETRIC_REPRESENTATION_CONTEXT(2) 
PARAMETRIC_REPRESENTATION_CONTEXT() REPRESENTATION_CONTEXT('2D SPACE',''
  ) );
#12320 = PCURVE('',#3790,#12321);
#12321 = DEFINITIONAL_REPRESENTATION('',(#12322),#12326);
#12322 = LINE('',#12323,#12324);
#12323 = CARTESIAN_POINT('',(2.460864849959E-16,0.));
#12324 = VECTOR('',#12325,1.);
#12325 = DIRECTION('',(0.,-1.));
#12326 = ( GEOMETRIC_REPRESENTATION_CONTEXT(2) 
PARAMETRIC_REPRESENTATION_CONTEXT() REPRESENTATION_CONTEXT('2D SPACE',''
  ) );
#12327 = ORIENTED_EDGE('',*,*,#3802,.F.);
#12328 = ADVANCED_FACE('',(#12329),#3790,.T.);
#12329 = FACE_BOUND('',#12330,.T.);
#12330 = EDGE_LOOP('',(#12331,#12332,#12355,#12376));
#12331 = ORIENTED_EDGE('',*,*,#12307,.T.);
#12332 = ORIENTED_EDGE('',*,*,#12333,.T.);
#12333 = EDGE_CURVE('',#12285,#12334,#12336,.T.);
#12334 = VERTEX_POINT('',#12335);
#12335 = CARTESIAN_POINT('',(0.501319247669,-17.60389175022,0.6));
#12336 = SURFACE_CURVE('',#12337,(#12341,#12348),.PCURVE_S1.);
#12337 = LINE('',#12338,#12339);
#12338 = CARTESIAN_POINT('',(-0.656332436093,-14.23977574613,0.6));
#12339 = VECTOR('',#12340,1.);
#12340 = DIRECTION('',(0.325390653072,-0.945579675593,0.));
#12341 = PCURVE('',#3790,#12342);
#12342 = DEFINITIONAL_REPRESENTATION('',(#12343),#12347);
#12343 = LINE('',#12344,#12345);
#12344 = CARTESIAN_POINT('',(0.,-0.6));
#12345 = VECTOR('',#12346,1.);
#12346 = DIRECTION('',(1.,0.));
#12347 = ( GEOMETRIC_REPRESENTATION_CONTEXT(2) 
PARAMETRIC_REPRESENTATION_CONTEXT() REPRESENTATION_CONTEXT('2D SPACE',''
  ) );
#12348 = PCURVE('',#12050,#12349);
#12349 = DEFINITIONAL_REPRESENTATION('',(#12350),#12354);
#12350 = LINE('',#12351,#12352);
#12351 = CARTESIAN_POINT('',(-3.096965615533,1.470976213555));
#12352 = VECTOR('',#12353,1.);
#12353 = DIRECTION('',(-0.325390653072,0.945579675593));
#12354 = ( GEOMETRIC_REPRESENTATION_CONTEXT(2) 
PARAMETRIC_REPRESENTATION_CONTEXT() REPRESENTATION_CONTEXT('2D SPACE',''
  ) );
#12355 = ORIENTED_EDGE('',*,*,#12356,.F.);
#12356 = EDGE_CURVE('',#3747,#12334,#12357,.T.);
#12357 = SURFACE_CURVE('',#12358,(#12362,#12369),.PCURVE_S1.);
#12358 = LINE('',#12359,#12360);
#12359 = CARTESIAN_POINT('',(0.501319247669,-17.60389175022,0.));
#12360 = VECTOR('',#12361,1.);
#12361 = DIRECTION('',(-0.,-0.,1.));
#12362 = PCURVE('',#3790,#12363);
#12363 = DEFINITIONAL_REPRESENTATION('',(#12364),#12368);
#12364 = LINE('',#12365,#12366);
#12365 = CARTESIAN_POINT('',(3.557728757215,0.));
#12366 = VECTOR('',#12367,1.);
#12367 = DIRECTION('',(0.,-1.));
#12368 = ( GEOMETRIC_REPRESENTATION_CONTEXT(2) 
PARAMETRIC_REPRESENTATION_CONTEXT() REPRESENTATION_CONTEXT('2D SPACE',''
  ) );
#12369 = PCURVE('',#3762,#12370);
#12370 = DEFINITIONAL_REPRESENTATION('',(#12371),#12375);
#12371 = LINE('',#12372,#12373);
#12372 = CARTESIAN_POINT('',(0.,0.));
#12373 = VECTOR('',#12374,1.);
#12374 = DIRECTION('',(0.,-1.));
#12375 = ( GEOMETRIC_REPRESENTATION_CONTEXT(2) 
PARAMETRIC_REPRESENTATION_CONTEXT() REPRESENTATION_CONTEXT('2D SPACE',''
  ) );
#12376 = ORIENTED_EDGE('',*,*,#3774,.F.);
#12377 = ADVANCED_FACE('',(#12378),#3762,.T.);
#12378 = FACE_BOUND('',#12379,.T.);
#12379 = EDGE_LOOP('',(#12380,#12381,#12404,#12425));
#12380 = ORIENTED_EDGE('',*,*,#12356,.T.);
#12381 = ORIENTED_EDGE('',*,*,#12382,.T.);
#12382 = EDGE_CURVE('',#12334,#12383,#12385,.T.);
#12383 = VERTEX_POINT('',#12384);
#12384 = CARTESIAN_POINT('',(1.362137166363,-17.60389175022,0.6));
#12385 = SURFACE_CURVE('',#12386,(#12390,#12397),.PCURVE_S1.);
#12386 = LINE('',#12387,#12388);
#12387 = CARTESIAN_POINT('',(0.501319247669,-17.60389175022,0.6));
#12388 = VECTOR('',#12389,1.);
#12389 = DIRECTION('',(1.,0.,0.));
#12390 = PCURVE('',#3762,#12391);
#12391 = DEFINITIONAL_REPRESENTATION('',(#12392),#12396);
#12392 = LINE('',#12393,#12394);
#12393 = CARTESIAN_POINT('',(0.,-0.6));
#12394 = VECTOR('',#12395,1.);
#12395 = DIRECTION('',(1.,0.));
#12396 = ( GEOMETRIC_REPRESENTATION_CONTEXT(2) 
PARAMETRIC_REPRESENTATION_CONTEXT() REPRESENTATION_CONTEXT('2D SPACE',''
  ) );
#12397 = PCURVE('',#12050,#12398);
#12398 = DEFINITIONAL_REPRESENTATION('',(#12399),#12403);
#12399 = LINE('',#12400,#12401);
#12400 = CARTESIAN_POINT('',(-4.254617299295,4.835092217648));
#12401 = VECTOR('',#12402,1.);
#12402 = DIRECTION('',(-1.,0.));
#12403 = ( GEOMETRIC_REPRESENTATION_CONTEXT(2) 
PARAMETRIC_REPRESENTATION_CONTEXT() REPRESENTATION_CONTEXT('2D SPACE',''
  ) );
#12404 = ORIENTED_EDGE('',*,*,#12405,.F.);
#12405 = EDGE_CURVE('',#3719,#12383,#12406,.T.);
#12406 = SURFACE_CURVE('',#12407,(#12411,#12418),.PCURVE_S1.);
#12407 = LINE('',#12408,#12409);
#12408 = CARTESIAN_POINT('',(1.362137166363,-17.60389175022,0.));
#12409 = VECTOR('',#12410,1.);
#12410 = DIRECTION('',(-0.,-0.,1.));
#12411 = PCURVE('',#3762,#12412);
#12412 = DEFINITIONAL_REPRESENTATION('',(#12413),#12417);
#12413 = LINE('',#12414,#12415);
#12414 = CARTESIAN_POINT('',(0.860817918695,0.));
#12415 = VECTOR('',#12416,1.);
#12416 = DIRECTION('',(0.,-1.));
#12417 = ( GEOMETRIC_REPRESENTATION_CONTEXT(2) 
PARAMETRIC_REPRESENTATION_CONTEXT() REPRESENTATION_CONTEXT('2D SPACE',''
  ) );
#12418 = PCURVE('',#3734,#12419);
#12419 = DEFINITIONAL_REPRESENTATION('',(#12420),#12424);
#12420 = LINE('',#12421,#12422);
#12421 = CARTESIAN_POINT('',(0.,0.));
#12422 = VECTOR('',#12423,1.);
#12423 = DIRECTION('',(0.,-1.));
#12424 = ( GEOMETRIC_REPRESENTATION_CONTEXT(2) 
PARAMETRIC_REPRESENTATION_CONTEXT() REPRESENTATION_CONTEXT('2D SPACE',''
  ) );
#12425 = ORIENTED_EDGE('',*,*,#3746,.F.);
#12426 = ADVANCED_FACE('',(#12427),#3734,.T.);
#12427 = FACE_BOUND('',#12428,.T.);
#12428 = EDGE_LOOP('',(#12429,#12430,#12453,#12474));
#12429 = ORIENTED_EDGE('',*,*,#12405,.T.);
#12430 = ORIENTED_EDGE('',*,*,#12431,.T.);
#12431 = EDGE_CURVE('',#12383,#12432,#12434,.T.);
#12432 = VERTEX_POINT('',#12433);
#12433 = CARTESIAN_POINT('',(1.362137166363,-12.76879953257,0.6));
#12434 = SURFACE_CURVE('',#12435,(#12439,#12446),.PCURVE_S1.);
#12435 = LINE('',#12436,#12437);
#12436 = CARTESIAN_POINT('',(1.362137166363,-17.60389175022,0.6));
#12437 = VECTOR('',#12438,1.);
#12438 = DIRECTION('',(0.,1.,0.));
#12439 = PCURVE('',#3734,#12440);
#12440 = DEFINITIONAL_REPRESENTATION('',(#12441),#12445);
#12441 = LINE('',#12442,#12443);
#12442 = CARTESIAN_POINT('',(0.,-0.6));
#12443 = VECTOR('',#12444,1.);
#12444 = DIRECTION('',(1.,0.));
#12445 = ( GEOMETRIC_REPRESENTATION_CONTEXT(2) 
PARAMETRIC_REPRESENTATION_CONTEXT() REPRESENTATION_CONTEXT('2D SPACE',''
  ) );
#12446 = PCURVE('',#12050,#12447);
#12447 = DEFINITIONAL_REPRESENTATION('',(#12448),#12452);
#12448 = LINE('',#12449,#12450);
#12449 = CARTESIAN_POINT('',(-5.115435217989,4.835092217648));
#12450 = VECTOR('',#12451,1.);
#12451 = DIRECTION('',(-0.,-1.));
#12452 = ( GEOMETRIC_REPRESENTATION_CONTEXT(2) 
PARAMETRIC_REPRESENTATION_CONTEXT() REPRESENTATION_CONTEXT('2D SPACE',''
  ) );
#12453 = ORIENTED_EDGE('',*,*,#12454,.F.);
#12454 = EDGE_CURVE('',#3691,#12432,#12455,.T.);
#12455 = SURFACE_CURVE('',#12456,(#12460,#12467),.PCURVE_S1.);
#12456 = LINE('',#12457,#12458);
#12457 = CARTESIAN_POINT('',(1.362137166363,-12.76879953257,0.));
#12458 = VECTOR('',#12459,1.);
#12459 = DIRECTION('',(-0.,-0.,1.));
#12460 = PCURVE('',#3734,#12461);
#12461 = DEFINITIONAL_REPRESENTATION('',(#12462),#12466);
#12462 = LINE('',#12463,#12464);
#12463 = CARTESIAN_POINT('',(4.835092217648,0.));
#12464 = VECTOR('',#12465,1.);
#12465 = DIRECTION('',(0.,-1.));
#12466 = ( GEOMETRIC_REPRESENTATION_CONTEXT(2) 
PARAMETRIC_REPRESENTATION_CONTEXT() REPRESENTATION_CONTEXT('2D SPACE',''
  ) );
#12467 = PCURVE('',#3706,#12468);
#12468 = DEFINITIONAL_REPRESENTATION('',(#12469),#12473);
#12469 = LINE('',#12470,#12471);
#12470 = CARTESIAN_POINT('',(0.,0.));
#12471 = VECTOR('',#12472,1.);
#12472 = DIRECTION('',(0.,-1.));
#12473 = ( GEOMETRIC_REPRESENTATION_CONTEXT(2) 
PARAMETRIC_REPRESENTATION_CONTEXT() REPRESENTATION_CONTEXT('2D SPACE',''
  ) );
#12474 = ORIENTED_EDGE('',*,*,#3718,.F.);
#12475 = ADVANCED_FACE('',(#12476),#3706,.T.);
#12476 = FACE_BOUND('',#12477,.T.);
#12477 = EDGE_LOOP('',(#12478,#12479,#12502,#12523));
#12478 = ORIENTED_EDGE('',*,*,#12454,.T.);
#12479 = ORIENTED_EDGE('',*,*,#12480,.T.);
#12480 = EDGE_CURVE('',#12432,#12481,#12483,.T.);
#12481 = VERTEX_POINT('',#12482);
#12482 = CARTESIAN_POINT('',(0.745382565613,-12.76879953257,0.6));
#12483 = SURFACE_CURVE('',#12484,(#12488,#12495),.PCURVE_S1.);
#12484 = LINE('',#12485,#12486);
#12485 = CARTESIAN_POINT('',(1.362137166363,-12.76879953257,0.6));
#12486 = VECTOR('',#12487,1.);
#12487 = DIRECTION('',(-1.,-0.,-0.));
#12488 = PCURVE('',#3706,#12489);
#12489 = DEFINITIONAL_REPRESENTATION('',(#12490),#12494);
#12490 = LINE('',#12491,#12492);
#12491 = CARTESIAN_POINT('',(0.,-0.6));
#12492 = VECTOR('',#12493,1.);
#12493 = DIRECTION('',(1.,0.));
#12494 = ( GEOMETRIC_REPRESENTATION_CONTEXT(2) 
PARAMETRIC_REPRESENTATION_CONTEXT() REPRESENTATION_CONTEXT('2D SPACE',''
  ) );
#12495 = PCURVE('',#12050,#12496);
#12496 = DEFINITIONAL_REPRESENTATION('',(#12497),#12501);
#12497 = LINE('',#12498,#12499);
#12498 = CARTESIAN_POINT('',(-5.115435217989,-0.));
#12499 = VECTOR('',#12500,1.);
#12500 = DIRECTION('',(1.,-0.));
#12501 = ( GEOMETRIC_REPRESENTATION_CONTEXT(2) 
PARAMETRIC_REPRESENTATION_CONTEXT() REPRESENTATION_CONTEXT('2D SPACE',''
  ) );
#12502 = ORIENTED_EDGE('',*,*,#12503,.F.);
#12503 = EDGE_CURVE('',#3663,#12481,#12504,.T.);
#12504 = SURFACE_CURVE('',#12505,(#12509,#12516),.PCURVE_S1.);
#12505 = LINE('',#12506,#12507);
#12506 = CARTESIAN_POINT('',(0.745382565613,-12.76879953257,0.));
#12507 = VECTOR('',#12508,1.);
#12508 = DIRECTION('',(-0.,-0.,1.));
#12509 = PCURVE('',#3706,#12510);
#12510 = DEFINITIONAL_REPRESENTATION('',(#12511),#12515);
#12511 = LINE('',#12512,#12513);
#12512 = CARTESIAN_POINT('',(0.61675460075,-0.));
#12513 = VECTOR('',#12514,1.);
#12514 = DIRECTION('',(0.,-1.));
#12515 = ( GEOMETRIC_REPRESENTATION_CONTEXT(2) 
PARAMETRIC_REPRESENTATION_CONTEXT() REPRESENTATION_CONTEXT('2D SPACE',''
  ) );
#12516 = PCURVE('',#3678,#12517);
#12517 = DEFINITIONAL_REPRESENTATION('',(#12518),#12522);
#12518 = LINE('',#12519,#12520);
#12519 = CARTESIAN_POINT('',(0.,0.));
#12520 = VECTOR('',#12521,1.);
#12521 = DIRECTION('',(0.,-1.));
#12522 = ( GEOMETRIC_REPRESENTATION_CONTEXT(2) 
PARAMETRIC_REPRESENTATION_CONTEXT() REPRESENTATION_CONTEXT('2D SPACE',''
  ) );
#12523 = ORIENTED_EDGE('',*,*,#3690,.F.);
#12524 = ADVANCED_FACE('',(#12525),#3678,.T.);
#12525 = FACE_BOUND('',#12526,.T.);
#12526 = EDGE_LOOP('',(#12527,#12528,#12551,#12572));
#12527 = ORIENTED_EDGE('',*,*,#12503,.T.);
#12528 = ORIENTED_EDGE('',*,*,#12529,.T.);
#12529 = EDGE_CURVE('',#12481,#12530,#12532,.T.);
#12530 = VERTEX_POINT('',#12531);
#12531 = CARTESIAN_POINT('',(0.745382565613,-16.81563319632,0.6));
#12532 = SURFACE_CURVE('',#12533,(#12537,#12544),.PCURVE_S1.);
#12533 = LINE('',#12534,#12535);
#12534 = CARTESIAN_POINT('',(0.745382565613,-12.76879953257,0.6));
#12535 = VECTOR('',#12536,1.);
#12536 = DIRECTION('',(-0.,-1.,-0.));
#12537 = PCURVE('',#3678,#12538);
#12538 = DEFINITIONAL_REPRESENTATION('',(#12539),#12543);
#12539 = LINE('',#12540,#12541);
#12540 = CARTESIAN_POINT('',(0.,-0.6));
#12541 = VECTOR('',#12542,1.);
#12542 = DIRECTION('',(1.,0.));
#12543 = ( GEOMETRIC_REPRESENTATION_CONTEXT(2) 
PARAMETRIC_REPRESENTATION_CONTEXT() REPRESENTATION_CONTEXT('2D SPACE',''
  ) );
#12544 = PCURVE('',#12050,#12545);
#12545 = DEFINITIONAL_REPRESENTATION('',(#12546),#12550);
#12546 = LINE('',#12547,#12548);
#12547 = CARTESIAN_POINT('',(-4.498680617239,-0.));
#12548 = VECTOR('',#12549,1.);
#12549 = DIRECTION('',(-0.,1.));
#12550 = ( GEOMETRIC_REPRESENTATION_CONTEXT(2) 
PARAMETRIC_REPRESENTATION_CONTEXT() REPRESENTATION_CONTEXT('2D SPACE',''
  ) );
#12551 = ORIENTED_EDGE('',*,*,#12552,.F.);
#12552 = EDGE_CURVE('',#3635,#12530,#12553,.T.);
#12553 = SURFACE_CURVE('',#12554,(#12558,#12565),.PCURVE_S1.);
#12554 = LINE('',#12555,#12556);
#12555 = CARTESIAN_POINT('',(0.745382565613,-16.81563319632,0.));
#12556 = VECTOR('',#12557,1.);
#12557 = DIRECTION('',(-0.,-0.,1.));
#12558 = PCURVE('',#3678,#12559);
#12559 = DEFINITIONAL_REPRESENTATION('',(#12560),#12564);
#12560 = LINE('',#12561,#12562);
#12561 = CARTESIAN_POINT('',(4.046833663748,0.));
#12562 = VECTOR('',#12563,1.);
#12563 = DIRECTION('',(0.,-1.));
#12564 = ( GEOMETRIC_REPRESENTATION_CONTEXT(2) 
PARAMETRIC_REPRESENTATION_CONTEXT() REPRESENTATION_CONTEXT('2D SPACE',''
  ) );
#12565 = PCURVE('',#3650,#12566);
#12566 = DEFINITIONAL_REPRESENTATION('',(#12567),#12571);
#12567 = LINE('',#12568,#12569);
#12568 = CARTESIAN_POINT('',(0.,0.));
#12569 = VECTOR('',#12570,1.);
#12570 = DIRECTION('',(0.,-1.));
#12571 = ( GEOMETRIC_REPRESENTATION_CONTEXT(2) 
PARAMETRIC_REPRESENTATION_CONTEXT() REPRESENTATION_CONTEXT('2D SPACE',''
  ) );
#12572 = ORIENTED_EDGE('',*,*,#3662,.F.);
#12573 = ADVANCED_FACE('',(#12574),#3650,.T.);
#12574 = FACE_BOUND('',#12575,.T.);
#12575 = EDGE_LOOP('',(#12576,#12577,#12600,#12621));
#12576 = ORIENTED_EDGE('',*,*,#12552,.T.);
#12577 = ORIENTED_EDGE('',*,*,#12578,.T.);
#12578 = EDGE_CURVE('',#12530,#12579,#12581,.T.);
#12579 = VERTEX_POINT('',#12580);
#12580 = CARTESIAN_POINT('',(-0.659630589038,-12.76879953257,0.6));
#12581 = SURFACE_CURVE('',#12582,(#12586,#12593),.PCURVE_S1.);
#12582 = LINE('',#12583,#12584);
#12583 = CARTESIAN_POINT('',(0.745382565613,-16.81563319632,0.6));
#12584 = VECTOR('',#12585,1.);
#12585 = DIRECTION('',(-0.32798306061,0.944683604152,0.));
#12586 = PCURVE('',#3650,#12587);
#12587 = DEFINITIONAL_REPRESENTATION('',(#12588),#12592);
#12588 = LINE('',#12589,#12590);
#12589 = CARTESIAN_POINT('',(0.,-0.6));
#12590 = VECTOR('',#12591,1.);
#12591 = DIRECTION('',(1.,0.));
#12592 = ( GEOMETRIC_REPRESENTATION_CONTEXT(2) 
PARAMETRIC_REPRESENTATION_CONTEXT() REPRESENTATION_CONTEXT('2D SPACE',''
  ) );
#12593 = PCURVE('',#12050,#12594);
#12594 = DEFINITIONAL_REPRESENTATION('',(#12595),#12599);
#12595 = LINE('',#12596,#12597);
#12596 = CARTESIAN_POINT('',(-4.498680617239,4.046833663748));
#12597 = VECTOR('',#12598,1.);
#12598 = DIRECTION('',(0.32798306061,-0.944683604152));
#12599 = ( GEOMETRIC_REPRESENTATION_CONTEXT(2) 
PARAMETRIC_REPRESENTATION_CONTEXT() REPRESENTATION_CONTEXT('2D SPACE',''
  ) );
#12600 = ORIENTED_EDGE('',*,*,#12601,.F.);
#12601 = EDGE_CURVE('',#3607,#12579,#12602,.T.);
#12602 = SURFACE_CURVE('',#12603,(#12607,#12614),.PCURVE_S1.);
#12603 = LINE('',#12604,#12605);
#12604 = CARTESIAN_POINT('',(-0.659630589038,-12.76879953257,0.));
#12605 = VECTOR('',#12606,1.);
#12606 = DIRECTION('',(-0.,-0.,1.));
#12607 = PCURVE('',#3650,#12608);
#12608 = DEFINITIONAL_REPRESENTATION('',(#12609),#12613);
#12609 = LINE('',#12610,#12611);
#12610 = CARTESIAN_POINT('',(4.283797925531,0.));
#12611 = VECTOR('',#12612,1.);
#12612 = DIRECTION('',(0.,-1.));
#12613 = ( GEOMETRIC_REPRESENTATION_CONTEXT(2) 
PARAMETRIC_REPRESENTATION_CONTEXT() REPRESENTATION_CONTEXT('2D SPACE',''
  ) );
#12614 = PCURVE('',#3622,#12615);
#12615 = DEFINITIONAL_REPRESENTATION('',(#12616),#12620);
#12616 = LINE('',#12617,#12618);
#12617 = CARTESIAN_POINT('',(0.,0.));
#12618 = VECTOR('',#12619,1.);
#12619 = DIRECTION('',(0.,-1.));
#12620 = ( GEOMETRIC_REPRESENTATION_CONTEXT(2) 
PARAMETRIC_REPRESENTATION_CONTEXT() REPRESENTATION_CONTEXT('2D SPACE',''
  ) );
#12621 = ORIENTED_EDGE('',*,*,#3634,.F.);
#12622 = ADVANCED_FACE('',(#12623),#3622,.T.);
#12623 = FACE_BOUND('',#12624,.T.);
#12624 = EDGE_LOOP('',(#12625,#12626,#12649,#12670));
#12625 = ORIENTED_EDGE('',*,*,#12601,.T.);
#12626 = ORIENTED_EDGE('',*,*,#12627,.T.);
#12627 = EDGE_CURVE('',#12579,#12628,#12630,.T.);
#12628 = VERTEX_POINT('',#12629);
#12629 = CARTESIAN_POINT('',(-1.236807354446,-12.76879953257,0.6));
#12630 = SURFACE_CURVE('',#12631,(#12635,#12642),.PCURVE_S1.);
#12631 = LINE('',#12632,#12633);
#12632 = CARTESIAN_POINT('',(-0.659630589038,-12.76879953257,0.6));
#12633 = VECTOR('',#12634,1.);
#12634 = DIRECTION('',(-1.,-0.,-0.));
#12635 = PCURVE('',#3622,#12636);
#12636 = DEFINITIONAL_REPRESENTATION('',(#12637),#12641);
#12637 = LINE('',#12638,#12639);
#12638 = CARTESIAN_POINT('',(0.,-0.6));
#12639 = VECTOR('',#12640,1.);
#12640 = DIRECTION('',(1.,0.));
#12641 = ( GEOMETRIC_REPRESENTATION_CONTEXT(2) 
PARAMETRIC_REPRESENTATION_CONTEXT() REPRESENTATION_CONTEXT('2D SPACE',''
  ) );
#12642 = PCURVE('',#12050,#12643);
#12643 = DEFINITIONAL_REPRESENTATION('',(#12644),#12648);
#12644 = LINE('',#12645,#12646);
#12645 = CARTESIAN_POINT('',(-3.093667462588,-0.));
#12646 = VECTOR('',#12647,1.);
#12647 = DIRECTION('',(1.,-0.));
#12648 = ( GEOMETRIC_REPRESENTATION_CONTEXT(2) 
PARAMETRIC_REPRESENTATION_CONTEXT() REPRESENTATION_CONTEXT('2D SPACE',''
  ) );
#12649 = ORIENTED_EDGE('',*,*,#12650,.F.);
#12650 = EDGE_CURVE('',#3579,#12628,#12651,.T.);
#12651 = SURFACE_CURVE('',#12652,(#12656,#12663),.PCURVE_S1.);
#12652 = LINE('',#12653,#12654);
#12653 = CARTESIAN_POINT('',(-1.236807354446,-12.76879953257,0.));
#12654 = VECTOR('',#12655,1.);
#12655 = DIRECTION('',(-0.,-0.,1.));
#12656 = PCURVE('',#3622,#12657);
#12657 = DEFINITIONAL_REPRESENTATION('',(#12658),#12662);
#12658 = LINE('',#12659,#12660);
#12659 = CARTESIAN_POINT('',(0.577176765408,-0.));
#12660 = VECTOR('',#12661,1.);
#12661 = DIRECTION('',(0.,-1.));
#12662 = ( GEOMETRIC_REPRESENTATION_CONTEXT(2) 
PARAMETRIC_REPRESENTATION_CONTEXT() REPRESENTATION_CONTEXT('2D SPACE',''
  ) );
#12663 = PCURVE('',#3594,#12664);
#12664 = DEFINITIONAL_REPRESENTATION('',(#12665),#12669);
#12665 = LINE('',#12666,#12667);
#12666 = CARTESIAN_POINT('',(0.,0.));
#12667 = VECTOR('',#12668,1.);
#12668 = DIRECTION('',(0.,-1.));
#12669 = ( GEOMETRIC_REPRESENTATION_CONTEXT(2) 
PARAMETRIC_REPRESENTATION_CONTEXT() REPRESENTATION_CONTEXT('2D SPACE',''
  ) );
#12670 = ORIENTED_EDGE('',*,*,#3606,.F.);
#12671 = ADVANCED_FACE('',(#12672),#3594,.T.);
#12672 = FACE_BOUND('',#12673,.T.);
#12673 = EDGE_LOOP('',(#12674,#12675,#12698,#12719));
#12674 = ORIENTED_EDGE('',*,*,#12650,.T.);
#12675 = ORIENTED_EDGE('',*,*,#12676,.T.);
#12676 = EDGE_CURVE('',#12628,#12677,#12679,.T.);
#12677 = VERTEX_POINT('',#12678);
#12678 = CARTESIAN_POINT('',(-2.635224203207,-16.88489440817,0.6));
#12679 = SURFACE_CURVE('',#12680,(#12684,#12691),.PCURVE_S1.);
#12680 = LINE('',#12681,#12682);
#12681 = CARTESIAN_POINT('',(-1.236807354446,-12.76879953257,0.6));
#12682 = VECTOR('',#12683,1.);
#12683 = DIRECTION('',(-0.321685100848,-0.94684671193,-0.));
#12684 = PCURVE('',#3594,#12685);
#12685 = DEFINITIONAL_REPRESENTATION('',(#12686),#12690);
#12686 = LINE('',#12687,#12688);
#12687 = CARTESIAN_POINT('',(0.,-0.6));
#12688 = VECTOR('',#12689,1.);
#12689 = DIRECTION('',(1.,0.));
#12690 = ( GEOMETRIC_REPRESENTATION_CONTEXT(2) 
PARAMETRIC_REPRESENTATION_CONTEXT() REPRESENTATION_CONTEXT('2D SPACE',''
  ) );
#12691 = PCURVE('',#12050,#12692);
#12692 = DEFINITIONAL_REPRESENTATION('',(#12693),#12697);
#12693 = LINE('',#12694,#12695);
#12694 = CARTESIAN_POINT('',(-2.51649069718,-0.));
#12695 = VECTOR('',#12696,1.);
#12696 = DIRECTION('',(0.321685100848,0.94684671193));
#12697 = ( GEOMETRIC_REPRESENTATION_CONTEXT(2) 
PARAMETRIC_REPRESENTATION_CONTEXT() REPRESENTATION_CONTEXT('2D SPACE',''
  ) );
#12698 = ORIENTED_EDGE('',*,*,#12699,.F.);
#12699 = EDGE_CURVE('',#3551,#12677,#12700,.T.);
#12700 = SURFACE_CURVE('',#12701,(#12705,#12712),.PCURVE_S1.);
#12701 = LINE('',#12702,#12703);
#12702 = CARTESIAN_POINT('',(-2.635224203207,-16.88489440817,0.));
#12703 = VECTOR('',#12704,1.);
#12704 = DIRECTION('',(-0.,-0.,1.));
#12705 = PCURVE('',#3594,#12706);
#12706 = DEFINITIONAL_REPRESENTATION('',(#12707),#12711);
#12707 = LINE('',#12708,#12709);
#12708 = CARTESIAN_POINT('',(4.347160763971,0.));
#12709 = VECTOR('',#12710,1.);
#12710 = DIRECTION('',(0.,-1.));
#12711 = ( GEOMETRIC_REPRESENTATION_CONTEXT(2) 
PARAMETRIC_REPRESENTATION_CONTEXT() REPRESENTATION_CONTEXT('2D SPACE',''
  ) );
#12712 = PCURVE('',#3566,#12713);
#12713 = DEFINITIONAL_REPRESENTATION('',(#12714),#12718);
#12714 = LINE('',#12715,#12716);
#12715 = CARTESIAN_POINT('',(0.,0.));
#12716 = VECTOR('',#12717,1.);
#12717 = DIRECTION('',(0.,-1.));
#12718 = ( GEOMETRIC_REPRESENTATION_CONTEXT(2) 
PARAMETRIC_REPRESENTATION_CONTEXT() REPRESENTATION_CONTEXT('2D SPACE',''
  ) );
#12719 = ORIENTED_EDGE('',*,*,#3578,.F.);
#12720 = ADVANCED_FACE('',(#12721),#3566,.T.);
#12721 = FACE_BOUND('',#12722,.T.);
#12722 = EDGE_LOOP('',(#12723,#12724,#12745,#12746));
#12723 = ORIENTED_EDGE('',*,*,#12699,.T.);
#12724 = ORIENTED_EDGE('',*,*,#12725,.T.);
#12725 = EDGE_CURVE('',#12677,#12012,#12726,.T.);
#12726 = SURFACE_CURVE('',#12727,(#12731,#12738),.PCURVE_S1.);
#12727 = LINE('',#12728,#12729);
#12728 = CARTESIAN_POINT('',(-2.635224203207,-16.88489440817,0.6));
#12729 = VECTOR('',#12730,1.);
#12730 = DIRECTION('',(0.,1.,0.));
#12731 = PCURVE('',#3566,#12732);
#12732 = DEFINITIONAL_REPRESENTATION('',(#12733),#12737);
#12733 = LINE('',#12734,#12735);
#12734 = CARTESIAN_POINT('',(0.,-0.6));
#12735 = VECTOR('',#12736,1.);
#12736 = DIRECTION('',(1.,0.));
#12737 = ( GEOMETRIC_REPRESENTATION_CONTEXT(2) 
PARAMETRIC_REPRESENTATION_CONTEXT() REPRESENTATION_CONTEXT('2D SPACE',''
  ) );
#12738 = PCURVE('',#12050,#12739);
#12739 = DEFINITIONAL_REPRESENTATION('',(#12740),#12744);
#12740 = LINE('',#12741,#12742);
#12741 = CARTESIAN_POINT('',(-1.118073848419,4.116094875597));
#12742 = VECTOR('',#12743,1.);
#12743 = DIRECTION('',(-0.,-1.));
#12744 = ( GEOMETRIC_REPRESENTATION_CONTEXT(2) 
PARAMETRIC_REPRESENTATION_CONTEXT() REPRESENTATION_CONTEXT('2D SPACE',''
  ) );
#12745 = ORIENTED_EDGE('',*,*,#12011,.F.);
#12746 = ORIENTED_EDGE('',*,*,#3550,.F.);
#12747 = ADVANCED_FACE('',(#12748),#3964,.T.);
#12748 = FACE_BOUND('',#12749,.T.);
#12749 = EDGE_LOOP('',(#12750,#12773,#12801,#12822));
#12750 = ORIENTED_EDGE('',*,*,#12751,.T.);
#12751 = EDGE_CURVE('',#3947,#12752,#12754,.T.);
#12752 = VERTEX_POINT('',#12753);
#12753 = CARTESIAN_POINT('',(4.26451175813,-12.76879953257,0.6));
#12754 = SURFACE_CURVE('',#12755,(#12759,#12766),.PCURVE_S1.);
#12755 = LINE('',#12756,#12757);
#12756 = CARTESIAN_POINT('',(4.26451175813,-12.76879953257,0.));
#12757 = VECTOR('',#12758,1.);
#12758 = DIRECTION('',(-0.,-0.,1.));
#12759 = PCURVE('',#3964,#12760);
#12760 = DEFINITIONAL_REPRESENTATION('',(#12761),#12765);
#12761 = LINE('',#12762,#12763);
#12762 = CARTESIAN_POINT('',(0.,0.));
#12763 = VECTOR('',#12764,1.);
#12764 = DIRECTION('',(0.,-1.));
#12765 = ( GEOMETRIC_REPRESENTATION_CONTEXT(2) 
PARAMETRIC_REPRESENTATION_CONTEXT() REPRESENTATION_CONTEXT('2D SPACE',''
  ) );
#12766 = PCURVE('',#3992,#12767);
#12767 = DEFINITIONAL_REPRESENTATION('',(#12768),#12772);
#12768 = LINE('',#12769,#12770);
#12769 = CARTESIAN_POINT('',(4.26451175813,0.));
#12770 = VECTOR('',#12771,1.);
#12771 = DIRECTION('',(0.,-1.));
#12772 = ( GEOMETRIC_REPRESENTATION_CONTEXT(2) 
PARAMETRIC_REPRESENTATION_CONTEXT() REPRESENTATION_CONTEXT('2D SPACE',''
  ) );
#12773 = ORIENTED_EDGE('',*,*,#12774,.T.);
#12774 = EDGE_CURVE('',#12752,#12775,#12777,.T.);
#12775 = VERTEX_POINT('',#12776);
#12776 = CARTESIAN_POINT('',(3.624670086764,-12.76879953257,0.6));
#12777 = SURFACE_CURVE('',#12778,(#12782,#12789),.PCURVE_S1.);
#12778 = LINE('',#12779,#12780);
#12779 = CARTESIAN_POINT('',(4.26451175813,-12.76879953257,0.6));
#12780 = VECTOR('',#12781,1.);
#12781 = DIRECTION('',(-1.,-0.,-0.));
#12782 = PCURVE('',#3964,#12783);
#12783 = DEFINITIONAL_REPRESENTATION('',(#12784),#12788);
#12784 = LINE('',#12785,#12786);
#12785 = CARTESIAN_POINT('',(0.,-0.6));
#12786 = VECTOR('',#12787,1.);
#12787 = DIRECTION('',(1.,0.));
#12788 = ( GEOMETRIC_REPRESENTATION_CONTEXT(2) 
PARAMETRIC_REPRESENTATION_CONTEXT() REPRESENTATION_CONTEXT('2D SPACE',''
  ) );
#12789 = PCURVE('',#12790,#12795);
#12790 = PLANE('',#12791);
#12791 = AXIS2_PLACEMENT_3D('',#12792,#12793,#12794);
#12792 = CARTESIAN_POINT('',(1.873350872868,-12.76879953257,0.6));
#12793 = DIRECTION('',(0.,0.,1.));
#12794 = DIRECTION('',(-1.,0.,0.));
#12795 = DEFINITIONAL_REPRESENTATION('',(#12796),#12800);
#12796 = LINE('',#12797,#12798);
#12797 = CARTESIAN_POINT('',(-2.391160885263,-0.));
#12798 = VECTOR('',#12799,1.);
#12799 = DIRECTION('',(1.,-0.));
#12800 = ( GEOMETRIC_REPRESENTATION_CONTEXT(2) 
PARAMETRIC_REPRESENTATION_CONTEXT() REPRESENTATION_CONTEXT('2D SPACE',''
  ) );
#12801 = ORIENTED_EDGE('',*,*,#12802,.F.);
#12802 = EDGE_CURVE('',#3949,#12775,#12803,.T.);
#12803 = SURFACE_CURVE('',#12804,(#12808,#12815),.PCURVE_S1.);
#12804 = LINE('',#12805,#12806);
#12805 = CARTESIAN_POINT('',(3.624670086764,-12.76879953257,0.));
#12806 = VECTOR('',#12807,1.);
#12807 = DIRECTION('',(-0.,-0.,1.));
#12808 = PCURVE('',#3964,#12809);
#12809 = DEFINITIONAL_REPRESENTATION('',(#12810),#12814);
#12810 = LINE('',#12811,#12812);
#12811 = CARTESIAN_POINT('',(0.639841671367,-0.));
#12812 = VECTOR('',#12813,1.);
#12813 = DIRECTION('',(0.,-1.));
#12814 = ( GEOMETRIC_REPRESENTATION_CONTEXT(2) 
PARAMETRIC_REPRESENTATION_CONTEXT() REPRESENTATION_CONTEXT('2D SPACE',''
  ) );
#12815 = PCURVE('',#4158,#12816);
#12816 = DEFINITIONAL_REPRESENTATION('',(#12817),#12821);
#12817 = LINE('',#12818,#12819);
#12818 = CARTESIAN_POINT('',(0.,0.));
#12819 = VECTOR('',#12820,1.);
#12820 = DIRECTION('',(0.,-1.));
#12821 = ( GEOMETRIC_REPRESENTATION_CONTEXT(2) 
PARAMETRIC_REPRESENTATION_CONTEXT() REPRESENTATION_CONTEXT('2D SPACE',''
  ) );
#12822 = ORIENTED_EDGE('',*,*,#3946,.F.);
#12823 = ADVANCED_FACE('',(#12824),#4158,.T.);
#12824 = FACE_BOUND('',#12825,.T.);
#12825 = EDGE_LOOP('',(#12826,#12827,#12850,#12871));
#12826 = ORIENTED_EDGE('',*,*,#12802,.T.);
#12827 = ORIENTED_EDGE('',*,*,#12828,.T.);
#12828 = EDGE_CURVE('',#12775,#12829,#12831,.T.);
#12829 = VERTEX_POINT('',#12830);
#12830 = CARTESIAN_POINT('',(3.624670086764,-17.0333112907,0.6));
#12831 = SURFACE_CURVE('',#12832,(#12836,#12843),.PCURVE_S1.);
#12832 = LINE('',#12833,#12834);
#12833 = CARTESIAN_POINT('',(3.624670086764,-12.76879953257,0.6));
#12834 = VECTOR('',#12835,1.);
#12835 = DIRECTION('',(-0.,-1.,-0.));
#12836 = PCURVE('',#4158,#12837);
#12837 = DEFINITIONAL_REPRESENTATION('',(#12838),#12842);
#12838 = LINE('',#12839,#12840);
#12839 = CARTESIAN_POINT('',(0.,-0.6));
#12840 = VECTOR('',#12841,1.);
#12841 = DIRECTION('',(1.,0.));
#12842 = ( GEOMETRIC_REPRESENTATION_CONTEXT(2) 
PARAMETRIC_REPRESENTATION_CONTEXT() REPRESENTATION_CONTEXT('2D SPACE',''
  ) );
#12843 = PCURVE('',#12790,#12844);
#12844 = DEFINITIONAL_REPRESENTATION('',(#12845),#12849);
#12845 = LINE('',#12846,#12847);
#12846 = CARTESIAN_POINT('',(-1.751319213896,-0.));
#12847 = VECTOR('',#12848,1.);
#12848 = DIRECTION('',(-0.,1.));
#12849 = ( GEOMETRIC_REPRESENTATION_CONTEXT(2) 
PARAMETRIC_REPRESENTATION_CONTEXT() REPRESENTATION_CONTEXT('2D SPACE',''
  ) );
#12850 = ORIENTED_EDGE('',*,*,#12851,.F.);
#12851 = EDGE_CURVE('',#4117,#12829,#12852,.T.);
#12852 = SURFACE_CURVE('',#12853,(#12857,#12864),.PCURVE_S1.);
#12853 = LINE('',#12854,#12855);
#12854 = CARTESIAN_POINT('',(3.624670086764,-17.0333112907,0.));
#12855 = VECTOR('',#12856,1.);
#12856 = DIRECTION('',(-0.,-0.,1.));
#12857 = PCURVE('',#4158,#12858);
#12858 = DEFINITIONAL_REPRESENTATION('',(#12859),#12863);
#12859 = LINE('',#12860,#12861);
#12860 = CARTESIAN_POINT('',(4.26451175813,0.));
#12861 = VECTOR('',#12862,1.);
#12862 = DIRECTION('',(0.,-1.));
#12863 = ( GEOMETRIC_REPRESENTATION_CONTEXT(2) 
PARAMETRIC_REPRESENTATION_CONTEXT() REPRESENTATION_CONTEXT('2D SPACE',''
  ) );
#12864 = PCURVE('',#4132,#12865);
#12865 = DEFINITIONAL_REPRESENTATION('',(#12866),#12870);
#12866 = LINE('',#12867,#12868);
#12867 = CARTESIAN_POINT('',(0.,0.));
#12868 = VECTOR('',#12869,1.);
#12869 = DIRECTION('',(0.,-1.));
#12870 = ( GEOMETRIC_REPRESENTATION_CONTEXT(2) 
PARAMETRIC_REPRESENTATION_CONTEXT() REPRESENTATION_CONTEXT('2D SPACE',''
  ) );
#12871 = ORIENTED_EDGE('',*,*,#4144,.F.);
#12872 = ADVANCED_FACE('',(#12873),#4132,.T.);
#12873 = FACE_BOUND('',#12874,.T.);
#12874 = EDGE_LOOP('',(#12875,#12876,#12899,#12920));
#12875 = ORIENTED_EDGE('',*,*,#12851,.T.);
#12876 = ORIENTED_EDGE('',*,*,#12877,.T.);
#12877 = EDGE_CURVE('',#12829,#12878,#12880,.T.);
#12878 = VERTEX_POINT('',#12879);
#12879 = CARTESIAN_POINT('',(2.031662214237,-17.0333112907,0.6));
#12880 = SURFACE_CURVE('',#12881,(#12885,#12892),.PCURVE_S1.);
#12881 = LINE('',#12882,#12883);
#12882 = CARTESIAN_POINT('',(3.624670086764,-17.0333112907,0.6));
#12883 = VECTOR('',#12884,1.);
#12884 = DIRECTION('',(-1.,-0.,-0.));
#12885 = PCURVE('',#4132,#12886);
#12886 = DEFINITIONAL_REPRESENTATION('',(#12887),#12891);
#12887 = LINE('',#12888,#12889);
#12888 = CARTESIAN_POINT('',(0.,-0.6));
#12889 = VECTOR('',#12890,1.);
#12890 = DIRECTION('',(1.,0.));
#12891 = ( GEOMETRIC_REPRESENTATION_CONTEXT(2) 
PARAMETRIC_REPRESENTATION_CONTEXT() REPRESENTATION_CONTEXT('2D SPACE',''
  ) );
#12892 = PCURVE('',#12790,#12893);
#12893 = DEFINITIONAL_REPRESENTATION('',(#12894),#12898);
#12894 = LINE('',#12895,#12896);
#12895 = CARTESIAN_POINT('',(-1.751319213896,4.26451175813));
#12896 = VECTOR('',#12897,1.);
#12897 = DIRECTION('',(1.,-0.));
#12898 = ( GEOMETRIC_REPRESENTATION_CONTEXT(2) 
PARAMETRIC_REPRESENTATION_CONTEXT() REPRESENTATION_CONTEXT('2D SPACE',''
  ) );
#12899 = ORIENTED_EDGE('',*,*,#12900,.F.);
#12900 = EDGE_CURVE('',#4089,#12878,#12901,.T.);
#12901 = SURFACE_CURVE('',#12902,(#12906,#12913),.PCURVE_S1.);
#12902 = LINE('',#12903,#12904);
#12903 = CARTESIAN_POINT('',(2.031662214237,-17.0333112907,0.));
#12904 = VECTOR('',#12905,1.);
#12905 = DIRECTION('',(-0.,-0.,1.));
#12906 = PCURVE('',#4132,#12907);
#12907 = DEFINITIONAL_REPRESENTATION('',(#12908),#12912);
#12908 = LINE('',#12909,#12910);
#12909 = CARTESIAN_POINT('',(1.593007872527,-0.));
#12910 = VECTOR('',#12911,1.);
#12911 = DIRECTION('',(0.,-1.));
#12912 = ( GEOMETRIC_REPRESENTATION_CONTEXT(2) 
PARAMETRIC_REPRESENTATION_CONTEXT() REPRESENTATION_CONTEXT('2D SPACE',''
  ) );
#12913 = PCURVE('',#4104,#12914);
#12914 = DEFINITIONAL_REPRESENTATION('',(#12915),#12919);
#12915 = LINE('',#12916,#12917);
#12916 = CARTESIAN_POINT('',(0.,0.));
#12917 = VECTOR('',#12918,1.);
#12918 = DIRECTION('',(0.,-1.));
#12919 = ( GEOMETRIC_REPRESENTATION_CONTEXT(2) 
PARAMETRIC_REPRESENTATION_CONTEXT() REPRESENTATION_CONTEXT('2D SPACE',''
  ) );
#12920 = ORIENTED_EDGE('',*,*,#4116,.F.);
#12921 = ADVANCED_FACE('',(#12922),#4104,.T.);
#12922 = FACE_BOUND('',#12923,.T.);
#12923 = EDGE_LOOP('',(#12924,#12925,#12948,#12969));
#12924 = ORIENTED_EDGE('',*,*,#12900,.T.);
#12925 = ORIENTED_EDGE('',*,*,#12926,.T.);
#12926 = EDGE_CURVE('',#12878,#12927,#12929,.T.);
#12927 = VERTEX_POINT('',#12928);
#12928 = CARTESIAN_POINT('',(2.031662214237,-17.60389175022,0.6));
#12929 = SURFACE_CURVE('',#12930,(#12934,#12941),.PCURVE_S1.);
#12930 = LINE('',#12931,#12932);
#12931 = CARTESIAN_POINT('',(2.031662214237,-17.0333112907,0.6));
#12932 = VECTOR('',#12933,1.);
#12933 = DIRECTION('',(-0.,-1.,-0.));
#12934 = PCURVE('',#4104,#12935);
#12935 = DEFINITIONAL_REPRESENTATION('',(#12936),#12940);
#12936 = LINE('',#12937,#12938);
#12937 = CARTESIAN_POINT('',(0.,-0.6));
#12938 = VECTOR('',#12939,1.);
#12939 = DIRECTION('',(1.,0.));
#12940 = ( GEOMETRIC_REPRESENTATION_CONTEXT(2) 
PARAMETRIC_REPRESENTATION_CONTEXT() REPRESENTATION_CONTEXT('2D SPACE',''
  ) );
#12941 = PCURVE('',#12790,#12942);
#12942 = DEFINITIONAL_REPRESENTATION('',(#12943),#12947);
#12943 = LINE('',#12944,#12945);
#12944 = CARTESIAN_POINT('',(-0.158311341369,4.26451175813));
#12945 = VECTOR('',#12946,1.);
#12946 = DIRECTION('',(-0.,1.));
#12947 = ( GEOMETRIC_REPRESENTATION_CONTEXT(2) 
PARAMETRIC_REPRESENTATION_CONTEXT() REPRESENTATION_CONTEXT('2D SPACE',''
  ) );
#12948 = ORIENTED_EDGE('',*,*,#12949,.F.);
#12949 = EDGE_CURVE('',#4061,#12927,#12950,.T.);
#12950 = SURFACE_CURVE('',#12951,(#12955,#12962),.PCURVE_S1.);
#12951 = LINE('',#12952,#12953);
#12952 = CARTESIAN_POINT('',(2.031662214237,-17.60389175022,0.));
#12953 = VECTOR('',#12954,1.);
#12954 = DIRECTION('',(-0.,-0.,1.));
#12955 = PCURVE('',#4104,#12956);
#12956 = DEFINITIONAL_REPRESENTATION('',(#12957),#12961);
#12957 = LINE('',#12958,#12959);
#12958 = CARTESIAN_POINT('',(0.570580459518,0.));
#12959 = VECTOR('',#12960,1.);
#12960 = DIRECTION('',(0.,-1.));
#12961 = ( GEOMETRIC_REPRESENTATION_CONTEXT(2) 
PARAMETRIC_REPRESENTATION_CONTEXT() REPRESENTATION_CONTEXT('2D SPACE',''
  ) );
#12962 = PCURVE('',#4076,#12963);
#12963 = DEFINITIONAL_REPRESENTATION('',(#12964),#12968);
#12964 = LINE('',#12965,#12966);
#12965 = CARTESIAN_POINT('',(0.,0.));
#12966 = VECTOR('',#12967,1.);
#12967 = DIRECTION('',(0.,-1.));
#12968 = ( GEOMETRIC_REPRESENTATION_CONTEXT(2) 
PARAMETRIC_REPRESENTATION_CONTEXT() REPRESENTATION_CONTEXT('2D SPACE',''
  ) );
#12969 = ORIENTED_EDGE('',*,*,#4088,.F.);
#12970 = ADVANCED_FACE('',(#12971),#4076,.T.);
#12971 = FACE_BOUND('',#12972,.T.);
#12972 = EDGE_LOOP('',(#12973,#12974,#12997,#13018));
#12973 = ORIENTED_EDGE('',*,*,#12949,.T.);
#12974 = ORIENTED_EDGE('',*,*,#12975,.T.);
#12975 = EDGE_CURVE('',#12927,#12976,#12978,.T.);
#12976 = VERTEX_POINT('',#12977);
#12977 = CARTESIAN_POINT('',(5.864115936547,-17.60389175022,0.6));
#12978 = SURFACE_CURVE('',#12979,(#12983,#12990),.PCURVE_S1.);
#12979 = LINE('',#12980,#12981);
#12980 = CARTESIAN_POINT('',(2.031662214237,-17.60389175022,0.6));
#12981 = VECTOR('',#12982,1.);
#12982 = DIRECTION('',(1.,0.,0.));
#12983 = PCURVE('',#4076,#12984);
#12984 = DEFINITIONAL_REPRESENTATION('',(#12985),#12989);
#12985 = LINE('',#12986,#12987);
#12986 = CARTESIAN_POINT('',(0.,-0.6));
#12987 = VECTOR('',#12988,1.);
#12988 = DIRECTION('',(1.,0.));
#12989 = ( GEOMETRIC_REPRESENTATION_CONTEXT(2) 
PARAMETRIC_REPRESENTATION_CONTEXT() REPRESENTATION_CONTEXT('2D SPACE',''
  ) );
#12990 = PCURVE('',#12790,#12991);
#12991 = DEFINITIONAL_REPRESENTATION('',(#12992),#12996);
#12992 = LINE('',#12993,#12994);
#12993 = CARTESIAN_POINT('',(-0.158311341369,4.835092217648));
#12994 = VECTOR('',#12995,1.);
#12995 = DIRECTION('',(-1.,0.));
#12996 = ( GEOMETRIC_REPRESENTATION_CONTEXT(2) 
PARAMETRIC_REPRESENTATION_CONTEXT() REPRESENTATION_CONTEXT('2D SPACE',''
  ) );
#12997 = ORIENTED_EDGE('',*,*,#12998,.F.);
#12998 = EDGE_CURVE('',#4033,#12976,#12999,.T.);
#12999 = SURFACE_CURVE('',#13000,(#13004,#13011),.PCURVE_S1.);
#13000 = LINE('',#13001,#13002);
#13001 = CARTESIAN_POINT('',(5.864115936547,-17.60389175022,0.));
#13002 = VECTOR('',#13003,1.);
#13003 = DIRECTION('',(-0.,-0.,1.));
#13004 = PCURVE('',#4076,#13005);
#13005 = DEFINITIONAL_REPRESENTATION('',(#13006),#13010);
#13006 = LINE('',#13007,#13008);
#13007 = CARTESIAN_POINT('',(3.83245372231,0.));
#13008 = VECTOR('',#13009,1.);
#13009 = DIRECTION('',(0.,-1.));
#13010 = ( GEOMETRIC_REPRESENTATION_CONTEXT(2) 
PARAMETRIC_REPRESENTATION_CONTEXT() REPRESENTATION_CONTEXT('2D SPACE',''
  ) );
#13011 = PCURVE('',#4048,#13012);
#13012 = DEFINITIONAL_REPRESENTATION('',(#13013),#13017);
#13013 = LINE('',#13014,#13015);
#13014 = CARTESIAN_POINT('',(0.,0.));
#13015 = VECTOR('',#13016,1.);
#13016 = DIRECTION('',(0.,-1.));
#13017 = ( GEOMETRIC_REPRESENTATION_CONTEXT(2) 
PARAMETRIC_REPRESENTATION_CONTEXT() REPRESENTATION_CONTEXT('2D SPACE',''
  ) );
#13018 = ORIENTED_EDGE('',*,*,#4060,.F.);
#13019 = ADVANCED_FACE('',(#13020),#4048,.T.);
#13020 = FACE_BOUND('',#13021,.T.);
#13021 = EDGE_LOOP('',(#13022,#13023,#13046,#13067));
#13022 = ORIENTED_EDGE('',*,*,#12998,.T.);
#13023 = ORIENTED_EDGE('',*,*,#13024,.T.);
#13024 = EDGE_CURVE('',#12976,#13025,#13027,.T.);
#13025 = VERTEX_POINT('',#13026);
#13026 = CARTESIAN_POINT('',(5.864115936547,-17.0333112907,0.6));
#13027 = SURFACE_CURVE('',#13028,(#13032,#13039),.PCURVE_S1.);
#13028 = LINE('',#13029,#13030);
#13029 = CARTESIAN_POINT('',(5.864115936547,-17.60389175022,0.6));
#13030 = VECTOR('',#13031,1.);
#13031 = DIRECTION('',(0.,1.,0.));
#13032 = PCURVE('',#4048,#13033);
#13033 = DEFINITIONAL_REPRESENTATION('',(#13034),#13038);
#13034 = LINE('',#13035,#13036);
#13035 = CARTESIAN_POINT('',(0.,-0.6));
#13036 = VECTOR('',#13037,1.);
#13037 = DIRECTION('',(1.,0.));
#13038 = ( GEOMETRIC_REPRESENTATION_CONTEXT(2) 
PARAMETRIC_REPRESENTATION_CONTEXT() REPRESENTATION_CONTEXT('2D SPACE',''
  ) );
#13039 = PCURVE('',#12790,#13040);
#13040 = DEFINITIONAL_REPRESENTATION('',(#13041),#13045);
#13041 = LINE('',#13042,#13043);
#13042 = CARTESIAN_POINT('',(-3.99076506368,4.835092217648));
#13043 = VECTOR('',#13044,1.);
#13044 = DIRECTION('',(-0.,-1.));
#13045 = ( GEOMETRIC_REPRESENTATION_CONTEXT(2) 
PARAMETRIC_REPRESENTATION_CONTEXT() REPRESENTATION_CONTEXT('2D SPACE',''
  ) );
#13046 = ORIENTED_EDGE('',*,*,#13047,.F.);
#13047 = EDGE_CURVE('',#4005,#13025,#13048,.T.);
#13048 = SURFACE_CURVE('',#13049,(#13053,#13060),.PCURVE_S1.);
#13049 = LINE('',#13050,#13051);
#13050 = CARTESIAN_POINT('',(5.864115936547,-17.0333112907,0.));
#13051 = VECTOR('',#13052,1.);
#13052 = DIRECTION('',(-0.,-0.,1.));
#13053 = PCURVE('',#4048,#13054);
#13054 = DEFINITIONAL_REPRESENTATION('',(#13055),#13059);
#13055 = LINE('',#13056,#13057);
#13056 = CARTESIAN_POINT('',(0.570580459518,0.));
#13057 = VECTOR('',#13058,1.);
#13058 = DIRECTION('',(0.,-1.));
#13059 = ( GEOMETRIC_REPRESENTATION_CONTEXT(2) 
PARAMETRIC_REPRESENTATION_CONTEXT() REPRESENTATION_CONTEXT('2D SPACE',''
  ) );
#13060 = PCURVE('',#4020,#13061);
#13061 = DEFINITIONAL_REPRESENTATION('',(#13062),#13066);
#13062 = LINE('',#13063,#13064);
#13063 = CARTESIAN_POINT('',(0.,0.));
#13064 = VECTOR('',#13065,1.);
#13065 = DIRECTION('',(0.,-1.));
#13066 = ( GEOMETRIC_REPRESENTATION_CONTEXT(2) 
PARAMETRIC_REPRESENTATION_CONTEXT() REPRESENTATION_CONTEXT('2D SPACE',''
  ) );
#13067 = ORIENTED_EDGE('',*,*,#4032,.F.);
#13068 = ADVANCED_FACE('',(#13069),#4020,.T.);
#13069 = FACE_BOUND('',#13070,.T.);
#13070 = EDGE_LOOP('',(#13071,#13072,#13095,#13116));
#13071 = ORIENTED_EDGE('',*,*,#13047,.T.);
#13072 = ORIENTED_EDGE('',*,*,#13073,.T.);
#13073 = EDGE_CURVE('',#13025,#13074,#13076,.T.);
#13074 = VERTEX_POINT('',#13075);
#13075 = CARTESIAN_POINT('',(4.26451175813,-17.0333112907,0.6));
#13076 = SURFACE_CURVE('',#13077,(#13081,#13088),.PCURVE_S1.);
#13077 = LINE('',#13078,#13079);
#13078 = CARTESIAN_POINT('',(5.864115936547,-17.0333112907,0.6));
#13079 = VECTOR('',#13080,1.);
#13080 = DIRECTION('',(-1.,-0.,-0.));
#13081 = PCURVE('',#4020,#13082);
#13082 = DEFINITIONAL_REPRESENTATION('',(#13083),#13087);
#13083 = LINE('',#13084,#13085);
#13084 = CARTESIAN_POINT('',(0.,-0.6));
#13085 = VECTOR('',#13086,1.);
#13086 = DIRECTION('',(1.,0.));
#13087 = ( GEOMETRIC_REPRESENTATION_CONTEXT(2) 
PARAMETRIC_REPRESENTATION_CONTEXT() REPRESENTATION_CONTEXT('2D SPACE',''
  ) );
#13088 = PCURVE('',#12790,#13089);
#13089 = DEFINITIONAL_REPRESENTATION('',(#13090),#13094);
#13090 = LINE('',#13091,#13092);
#13091 = CARTESIAN_POINT('',(-3.99076506368,4.26451175813));
#13092 = VECTOR('',#13093,1.);
#13093 = DIRECTION('',(1.,-0.));
#13094 = ( GEOMETRIC_REPRESENTATION_CONTEXT(2) 
PARAMETRIC_REPRESENTATION_CONTEXT() REPRESENTATION_CONTEXT('2D SPACE',''
  ) );
#13095 = ORIENTED_EDGE('',*,*,#13096,.F.);
#13096 = EDGE_CURVE('',#3977,#13074,#13097,.T.);
#13097 = SURFACE_CURVE('',#13098,(#13102,#13109),.PCURVE_S1.);
#13098 = LINE('',#13099,#13100);
#13099 = CARTESIAN_POINT('',(4.26451175813,-17.0333112907,0.));
#13100 = VECTOR('',#13101,1.);
#13101 = DIRECTION('',(-0.,-0.,1.));
#13102 = PCURVE('',#4020,#13103);
#13103 = DEFINITIONAL_REPRESENTATION('',(#13104),#13108);
#13104 = LINE('',#13105,#13106);
#13105 = CARTESIAN_POINT('',(1.599604178417,-0.));
#13106 = VECTOR('',#13107,1.);
#13107 = DIRECTION('',(0.,-1.));
#13108 = ( GEOMETRIC_REPRESENTATION_CONTEXT(2) 
PARAMETRIC_REPRESENTATION_CONTEXT() REPRESENTATION_CONTEXT('2D SPACE',''
  ) );
#13109 = PCURVE('',#3992,#13110);
#13110 = DEFINITIONAL_REPRESENTATION('',(#13111),#13115);
#13111 = LINE('',#13112,#13113);
#13112 = CARTESIAN_POINT('',(0.,0.));
#13113 = VECTOR('',#13114,1.);
#13114 = DIRECTION('',(0.,-1.));
#13115 = ( GEOMETRIC_REPRESENTATION_CONTEXT(2) 
PARAMETRIC_REPRESENTATION_CONTEXT() REPRESENTATION_CONTEXT('2D SPACE',''
  ) );
#13116 = ORIENTED_EDGE('',*,*,#4004,.F.);
#13117 = ADVANCED_FACE('',(#13118),#3992,.T.);
#13118 = FACE_BOUND('',#13119,.T.);
#13119 = EDGE_LOOP('',(#13120,#13121,#13142,#13143));
#13120 = ORIENTED_EDGE('',*,*,#13096,.T.);
#13121 = ORIENTED_EDGE('',*,*,#13122,.T.);
#13122 = EDGE_CURVE('',#13074,#12752,#13123,.T.);
#13123 = SURFACE_CURVE('',#13124,(#13128,#13135),.PCURVE_S1.);
#13124 = LINE('',#13125,#13126);
#13125 = CARTESIAN_POINT('',(4.26451175813,-17.0333112907,0.6));
#13126 = VECTOR('',#13127,1.);
#13127 = DIRECTION('',(0.,1.,0.));
#13128 = PCURVE('',#3992,#13129);
#13129 = DEFINITIONAL_REPRESENTATION('',(#13130),#13134);
#13130 = LINE('',#13131,#13132);
#13131 = CARTESIAN_POINT('',(0.,-0.6));
#13132 = VECTOR('',#13133,1.);
#13133 = DIRECTION('',(1.,0.));
#13134 = ( GEOMETRIC_REPRESENTATION_CONTEXT(2) 
PARAMETRIC_REPRESENTATION_CONTEXT() REPRESENTATION_CONTEXT('2D SPACE',''
  ) );
#13135 = PCURVE('',#12790,#13136);
#13136 = DEFINITIONAL_REPRESENTATION('',(#13137),#13141);
#13137 = LINE('',#13138,#13139);
#13138 = CARTESIAN_POINT('',(-2.391160885263,4.26451175813));
#13139 = VECTOR('',#13140,1.);
#13140 = DIRECTION('',(-0.,-1.));
#13141 = ( GEOMETRIC_REPRESENTATION_CONTEXT(2) 
PARAMETRIC_REPRESENTATION_CONTEXT() REPRESENTATION_CONTEXT('2D SPACE',''
  ) );
#13142 = ORIENTED_EDGE('',*,*,#12751,.F.);
#13143 = ORIENTED_EDGE('',*,*,#3976,.F.);
#13144 = ADVANCED_FACE('',(#13145),#4190,.T.);
#13145 = FACE_BOUND('',#13146,.T.);
#13146 = EDGE_LOOP('',(#13147,#13170,#13198,#13219));
#13147 = ORIENTED_EDGE('',*,*,#13148,.T.);
#13148 = EDGE_CURVE('',#4173,#13149,#13151,.T.);
#13149 = VERTEX_POINT('',#13150);
#13150 = CARTESIAN_POINT('',(6.797493220036,-12.76879953257,0.6));
#13151 = SURFACE_CURVE('',#13152,(#13156,#13163),.PCURVE_S1.);
#13152 = LINE('',#13153,#13154);
#13153 = CARTESIAN_POINT('',(6.797493220036,-12.76879953257,0.));
#13154 = VECTOR('',#13155,1.);
#13155 = DIRECTION('',(-0.,-0.,1.));
#13156 = PCURVE('',#4190,#13157);
#13157 = DEFINITIONAL_REPRESENTATION('',(#13158),#13162);
#13158 = LINE('',#13159,#13160);
#13159 = CARTESIAN_POINT('',(0.,0.));
#13160 = VECTOR('',#13161,1.);
#13161 = DIRECTION('',(0.,-1.));
#13162 = ( GEOMETRIC_REPRESENTATION_CONTEXT(2) 
PARAMETRIC_REPRESENTATION_CONTEXT() REPRESENTATION_CONTEXT('2D SPACE',''
  ) );
#13163 = PCURVE('',#4218,#13164);
#13164 = DEFINITIONAL_REPRESENTATION('',(#13165),#13169);
#13165 = LINE('',#13166,#13167);
#13166 = CARTESIAN_POINT('',(2.076906906086,0.));
#13167 = VECTOR('',#13168,1.);
#13168 = DIRECTION('',(0.,-1.));
#13169 = ( GEOMETRIC_REPRESENTATION_CONTEXT(2) 
PARAMETRIC_REPRESENTATION_CONTEXT() REPRESENTATION_CONTEXT('2D SPACE',''
  ) );
#13170 = ORIENTED_EDGE('',*,*,#13171,.T.);
#13171 = EDGE_CURVE('',#13149,#13172,#13174,.T.);
#13172 = VERTEX_POINT('',#13173);
#13173 = CARTESIAN_POINT('',(6.029023583807,-12.76879953257,0.6));
#13174 = SURFACE_CURVE('',#13175,(#13179,#13186),.PCURVE_S1.);
#13175 = LINE('',#13176,#13177);
#13176 = CARTESIAN_POINT('',(6.797493220036,-12.76879953257,0.6));
#13177 = VECTOR('',#13178,1.);
#13178 = DIRECTION('',(-1.,-0.,-0.));
#13179 = PCURVE('',#4190,#13180);
#13180 = DEFINITIONAL_REPRESENTATION('',(#13181),#13185);
#13181 = LINE('',#13182,#13183);
#13182 = CARTESIAN_POINT('',(0.,-0.6));
#13183 = VECTOR('',#13184,1.);
#13184 = DIRECTION('',(1.,0.));
#13185 = ( GEOMETRIC_REPRESENTATION_CONTEXT(2) 
PARAMETRIC_REPRESENTATION_CONTEXT() REPRESENTATION_CONTEXT('2D SPACE',''
  ) );
#13186 = PCURVE('',#13187,#13192);
#13187 = PLANE('',#13188);
#13188 = AXIS2_PLACEMENT_3D('',#13189,#13190,#13191);
#13189 = CARTESIAN_POINT('',(5.9993402073,-12.76879953257,0.6));
#13190 = DIRECTION('',(0.,0.,1.));
#13191 = DIRECTION('',(-1.,0.,0.));
#13192 = DEFINITIONAL_REPRESENTATION('',(#13193),#13197);
#13193 = LINE('',#13194,#13195);
#13194 = CARTESIAN_POINT('',(-0.798153012736,-0.));
#13195 = VECTOR('',#13196,1.);
#13196 = DIRECTION('',(1.,-0.));
#13197 = ( GEOMETRIC_REPRESENTATION_CONTEXT(2) 
PARAMETRIC_REPRESENTATION_CONTEXT() REPRESENTATION_CONTEXT('2D SPACE',''
  ) );
#13198 = ORIENTED_EDGE('',*,*,#13199,.F.);
#13199 = EDGE_CURVE('',#4175,#13172,#13200,.T.);
#13200 = SURFACE_CURVE('',#13201,(#13205,#13212),.PCURVE_S1.);
#13201 = LINE('',#13202,#13203);
#13202 = CARTESIAN_POINT('',(6.029023583807,-12.76879953257,0.));
#13203 = VECTOR('',#13204,1.);
#13204 = DIRECTION('',(-0.,-0.,1.));
#13205 = PCURVE('',#4190,#13206);
#13206 = DEFINITIONAL_REPRESENTATION('',(#13207),#13211);
#13207 = LINE('',#13208,#13209);
#13208 = CARTESIAN_POINT('',(0.768469636229,-0.));
#13209 = VECTOR('',#13210,1.);
#13210 = DIRECTION('',(0.,-1.));
#13211 = ( GEOMETRIC_REPRESENTATION_CONTEXT(2) 
PARAMETRIC_REPRESENTATION_CONTEXT() REPRESENTATION_CONTEXT('2D SPACE',''
  ) );
#13212 = PCURVE('',#4616,#13213);
#13213 = DEFINITIONAL_REPRESENTATION('',(#13214),#13218);
#13214 = LINE('',#13215,#13216);
#13215 = CARTESIAN_POINT('',(0.,0.));
#13216 = VECTOR('',#13217,1.);
#13217 = DIRECTION('',(0.,-1.));
#13218 = ( GEOMETRIC_REPRESENTATION_CONTEXT(2) 
PARAMETRIC_REPRESENTATION_CONTEXT() REPRESENTATION_CONTEXT('2D SPACE',''
  ) );
#13219 = ORIENTED_EDGE('',*,*,#4172,.F.);
#13220 = ADVANCED_FACE('',(#13221),#4616,.T.);
#13221 = FACE_BOUND('',#13222,.T.);
#13222 = EDGE_LOOP('',(#13223,#13224,#13247,#13268));
#13223 = ORIENTED_EDGE('',*,*,#13199,.T.);
#13224 = ORIENTED_EDGE('',*,*,#13225,.T.);
#13225 = EDGE_CURVE('',#13172,#13226,#13228,.T.);
#13226 = VERTEX_POINT('',#13227);
#13227 = CARTESIAN_POINT('',(7.899076303729,-15.2885883827,0.6));
#13228 = SURFACE_CURVE('',#13229,(#13233,#13240),.PCURVE_S1.);
#13229 = LINE('',#13230,#13231);
#13230 = CARTESIAN_POINT('',(6.029023583807,-12.76879953257,0.6));
#13231 = VECTOR('',#13232,1.);
#13232 = DIRECTION('',(0.595956258069,-0.803016897997,0.));
#13233 = PCURVE('',#4616,#13234);
#13234 = DEFINITIONAL_REPRESENTATION('',(#13235),#13239);
#13235 = LINE('',#13236,#13237);
#13236 = CARTESIAN_POINT('',(0.,-0.6));
#13237 = VECTOR('',#13238,1.);
#13238 = DIRECTION('',(1.,0.));
#13239 = ( GEOMETRIC_REPRESENTATION_CONTEXT(2) 
PARAMETRIC_REPRESENTATION_CONTEXT() REPRESENTATION_CONTEXT('2D SPACE',''
  ) );
#13240 = PCURVE('',#13187,#13241);
#13241 = DEFINITIONAL_REPRESENTATION('',(#13242),#13246);
#13242 = LINE('',#13243,#13244);
#13243 = CARTESIAN_POINT('',(-2.968337650671E-02,-0.));
#13244 = VECTOR('',#13245,1.);
#13245 = DIRECTION('',(-0.595956258069,0.803016897997));
#13246 = ( GEOMETRIC_REPRESENTATION_CONTEXT(2) 
PARAMETRIC_REPRESENTATION_CONTEXT() REPRESENTATION_CONTEXT('2D SPACE',''
  ) );
#13247 = ORIENTED_EDGE('',*,*,#13248,.F.);
#13248 = EDGE_CURVE('',#4575,#13226,#13249,.T.);
#13249 = SURFACE_CURVE('',#13250,(#13254,#13261),.PCURVE_S1.);
#13250 = LINE('',#13251,#13252);
#13251 = CARTESIAN_POINT('',(7.899076303729,-15.2885883827,0.));
#13252 = VECTOR('',#13253,1.);
#13253 = DIRECTION('',(-0.,-0.,1.));
#13254 = PCURVE('',#4616,#13255);
#13255 = DEFINITIONAL_REPRESENTATION('',(#13256),#13260);
#13256 = LINE('',#13257,#13258);
#13257 = CARTESIAN_POINT('',(3.137902647391,0.));
#13258 = VECTOR('',#13259,1.);
#13259 = DIRECTION('',(0.,-1.));
#13260 = ( GEOMETRIC_REPRESENTATION_CONTEXT(2) 
PARAMETRIC_REPRESENTATION_CONTEXT() REPRESENTATION_CONTEXT('2D SPACE',''
  ) );
#13261 = PCURVE('',#4590,#13262);
#13262 = DEFINITIONAL_REPRESENTATION('',(#13263),#13267);
#13263 = LINE('',#13264,#13265);
#13264 = CARTESIAN_POINT('',(0.,0.));
#13265 = VECTOR('',#13266,1.);
#13266 = DIRECTION('',(0.,-1.));
#13267 = ( GEOMETRIC_REPRESENTATION_CONTEXT(2) 
PARAMETRIC_REPRESENTATION_CONTEXT() REPRESENTATION_CONTEXT('2D SPACE',''
  ) );
#13268 = ORIENTED_EDGE('',*,*,#4602,.F.);
#13269 = ADVANCED_FACE('',(#13270),#4590,.T.);
#13270 = FACE_BOUND('',#13271,.T.);
#13271 = EDGE_LOOP('',(#13272,#13273,#13296,#13317));
#13272 = ORIENTED_EDGE('',*,*,#13248,.T.);
#13273 = ORIENTED_EDGE('',*,*,#13274,.T.);
#13274 = EDGE_CURVE('',#13226,#13275,#13277,.T.);
#13275 = VERTEX_POINT('',#13276);
#13276 = CARTESIAN_POINT('',(6.249999831135,-17.60389175022,0.6));
#13277 = SURFACE_CURVE('',#13278,(#13282,#13289),.PCURVE_S1.);
#13278 = LINE('',#13279,#13280);
#13279 = CARTESIAN_POINT('',(7.899076303729,-15.2885883827,0.6));
#13280 = VECTOR('',#13281,1.);
#13281 = DIRECTION('',(-0.580140102652,-0.814516704123,-0.));
#13282 = PCURVE('',#4590,#13283);
#13283 = DEFINITIONAL_REPRESENTATION('',(#13284),#13288);
#13284 = LINE('',#13285,#13286);
#13285 = CARTESIAN_POINT('',(0.,-0.6));
#13286 = VECTOR('',#13287,1.);
#13287 = DIRECTION('',(1.,0.));
#13288 = ( GEOMETRIC_REPRESENTATION_CONTEXT(2) 
PARAMETRIC_REPRESENTATION_CONTEXT() REPRESENTATION_CONTEXT('2D SPACE',''
  ) );
#13289 = PCURVE('',#13187,#13290);
#13290 = DEFINITIONAL_REPRESENTATION('',(#13291),#13295);
#13291 = LINE('',#13292,#13293);
#13292 = CARTESIAN_POINT('',(-1.899736096429,2.519788850125));
#13293 = VECTOR('',#13294,1.);
#13294 = DIRECTION('',(0.580140102652,0.814516704123));
#13295 = ( GEOMETRIC_REPRESENTATION_CONTEXT(2) 
PARAMETRIC_REPRESENTATION_CONTEXT() REPRESENTATION_CONTEXT('2D SPACE',''
  ) );
#13296 = ORIENTED_EDGE('',*,*,#13297,.F.);
#13297 = EDGE_CURVE('',#4547,#13275,#13298,.T.);
#13298 = SURFACE_CURVE('',#13299,(#13303,#13310),.PCURVE_S1.);
#13299 = LINE('',#13300,#13301);
#13300 = CARTESIAN_POINT('',(6.249999831135,-17.60389175022,0.));
#13301 = VECTOR('',#13302,1.);
#13302 = DIRECTION('',(-0.,-0.,1.));
#13303 = PCURVE('',#4590,#13304);
#13304 = DEFINITIONAL_REPRESENTATION('',(#13305),#13309);
#13305 = LINE('',#13306,#13307);
#13306 = CARTESIAN_POINT('',(2.842548662051,0.));
#13307 = VECTOR('',#13308,1.);
#13308 = DIRECTION('',(0.,-1.));
#13309 = ( GEOMETRIC_REPRESENTATION_CONTEXT(2) 
PARAMETRIC_REPRESENTATION_CONTEXT() REPRESENTATION_CONTEXT('2D SPACE',''
  ) );
#13310 = PCURVE('',#4562,#13311);
#13311 = DEFINITIONAL_REPRESENTATION('',(#13312),#13316);
#13312 = LINE('',#13313,#13314);
#13313 = CARTESIAN_POINT('',(0.,0.));
#13314 = VECTOR('',#13315,1.);
#13315 = DIRECTION('',(0.,-1.));
#13316 = ( GEOMETRIC_REPRESENTATION_CONTEXT(2) 
PARAMETRIC_REPRESENTATION_CONTEXT() REPRESENTATION_CONTEXT('2D SPACE',''
  ) );
#13317 = ORIENTED_EDGE('',*,*,#4574,.F.);
#13318 = ADVANCED_FACE('',(#13319),#4562,.T.);
#13319 = FACE_BOUND('',#13320,.T.);
#13320 = EDGE_LOOP('',(#13321,#13322,#13345,#13366));
#13321 = ORIENTED_EDGE('',*,*,#13297,.T.);
#13322 = ORIENTED_EDGE('',*,*,#13323,.T.);
#13323 = EDGE_CURVE('',#13275,#13324,#13326,.T.);
#13324 = VERTEX_POINT('',#13325);
#13325 = CARTESIAN_POINT('',(7.011873161473,-17.60389175022,0.6));
#13326 = SURFACE_CURVE('',#13327,(#13331,#13338),.PCURVE_S1.);
#13327 = LINE('',#13328,#13329);
#13328 = CARTESIAN_POINT('',(6.249999831135,-17.60389175022,0.6));
#13329 = VECTOR('',#13330,1.);
#13330 = DIRECTION('',(1.,0.,0.));
#13331 = PCURVE('',#4562,#13332);
#13332 = DEFINITIONAL_REPRESENTATION('',(#13333),#13337);
#13333 = LINE('',#13334,#13335);
#13334 = CARTESIAN_POINT('',(0.,-0.6));
#13335 = VECTOR('',#13336,1.);
#13336 = DIRECTION('',(1.,0.));
#13337 = ( GEOMETRIC_REPRESENTATION_CONTEXT(2) 
PARAMETRIC_REPRESENTATION_CONTEXT() REPRESENTATION_CONTEXT('2D SPACE',''
  ) );
#13338 = PCURVE('',#13187,#13339);
#13339 = DEFINITIONAL_REPRESENTATION('',(#13340),#13344);
#13340 = LINE('',#13341,#13342);
#13341 = CARTESIAN_POINT('',(-0.250659623834,4.835092217648));
#13342 = VECTOR('',#13343,1.);
#13343 = DIRECTION('',(-1.,0.));
#13344 = ( GEOMETRIC_REPRESENTATION_CONTEXT(2) 
PARAMETRIC_REPRESENTATION_CONTEXT() REPRESENTATION_CONTEXT('2D SPACE',''
  ) );
#13345 = ORIENTED_EDGE('',*,*,#13346,.F.);
#13346 = EDGE_CURVE('',#4519,#13324,#13347,.T.);
#13347 = SURFACE_CURVE('',#13348,(#13352,#13359),.PCURVE_S1.);
#13348 = LINE('',#13349,#13350);
#13349 = CARTESIAN_POINT('',(7.011873161473,-17.60389175022,0.));
#13350 = VECTOR('',#13351,1.);
#13351 = DIRECTION('',(-0.,-0.,1.));
#13352 = PCURVE('',#4562,#13353);
#13353 = DEFINITIONAL_REPRESENTATION('',(#13354),#13358);
#13354 = LINE('',#13355,#13356);
#13355 = CARTESIAN_POINT('',(0.761873330339,0.));
#13356 = VECTOR('',#13357,1.);
#13357 = DIRECTION('',(0.,-1.));
#13358 = ( GEOMETRIC_REPRESENTATION_CONTEXT(2) 
PARAMETRIC_REPRESENTATION_CONTEXT() REPRESENTATION_CONTEXT('2D SPACE',''
  ) );
#13359 = PCURVE('',#4534,#13360);
#13360 = DEFINITIONAL_REPRESENTATION('',(#13361),#13365);
#13361 = LINE('',#13362,#13363);
#13362 = CARTESIAN_POINT('',(0.,0.));
#13363 = VECTOR('',#13364,1.);
#13364 = DIRECTION('',(0.,-1.));
#13365 = ( GEOMETRIC_REPRESENTATION_CONTEXT(2) 
PARAMETRIC_REPRESENTATION_CONTEXT() REPRESENTATION_CONTEXT('2D SPACE',''
  ) );
#13366 = ORIENTED_EDGE('',*,*,#4546,.F.);
#13367 = ADVANCED_FACE('',(#13368),#4534,.T.);
#13368 = FACE_BOUND('',#13369,.T.);
#13369 = EDGE_LOOP('',(#13370,#13371,#13394,#13415));
#13370 = ORIENTED_EDGE('',*,*,#13346,.T.);
#13371 = ORIENTED_EDGE('',*,*,#13372,.T.);
#13372 = EDGE_CURVE('',#13324,#13373,#13375,.T.);
#13373 = VERTEX_POINT('',#13374);
#13374 = CARTESIAN_POINT('',(7.889181844894,-16.36378624283,0.6));
#13375 = SURFACE_CURVE('',#13376,(#13380,#13387),.PCURVE_S1.);
#13376 = LINE('',#13377,#13378);
#13377 = CARTESIAN_POINT('',(7.011873161473,-17.60389175022,0.6));
#13378 = VECTOR('',#13379,1.);
#13379 = DIRECTION('',(0.577535312124,0.816365704356,0.));
#13380 = PCURVE('',#4534,#13381);
#13381 = DEFINITIONAL_REPRESENTATION('',(#13382),#13386);
#13382 = LINE('',#13383,#13384);
#13383 = CARTESIAN_POINT('',(0.,-0.6));
#13384 = VECTOR('',#13385,1.);
#13385 = DIRECTION('',(1.,0.));
#13386 = ( GEOMETRIC_REPRESENTATION_CONTEXT(2) 
PARAMETRIC_REPRESENTATION_CONTEXT() REPRESENTATION_CONTEXT('2D SPACE',''
  ) );
#13387 = PCURVE('',#13187,#13388);
#13388 = DEFINITIONAL_REPRESENTATION('',(#13389),#13393);
#13389 = LINE('',#13390,#13391);
#13390 = CARTESIAN_POINT('',(-1.012532954173,4.835092217648));
#13391 = VECTOR('',#13392,1.);
#13392 = DIRECTION('',(-0.577535312124,-0.816365704356));
#13393 = ( GEOMETRIC_REPRESENTATION_CONTEXT(2) 
PARAMETRIC_REPRESENTATION_CONTEXT() REPRESENTATION_CONTEXT('2D SPACE',''
  ) );
#13394 = ORIENTED_EDGE('',*,*,#13395,.F.);
#13395 = EDGE_CURVE('',#4489,#13373,#13396,.T.);
#13396 = SURFACE_CURVE('',#13397,(#13401,#13408),.PCURVE_S1.);
#13397 = LINE('',#13398,#13399);
#13398 = CARTESIAN_POINT('',(7.889181844894,-16.36378624283,0.));
#13399 = VECTOR('',#13400,1.);
#13400 = DIRECTION('',(-0.,-0.,1.));
#13401 = PCURVE('',#4534,#13402);
#13402 = DEFINITIONAL_REPRESENTATION('',(#13403),#13407);
#13403 = LINE('',#13404,#13405);
#13404 = CARTESIAN_POINT('',(1.519056350327,0.));
#13405 = VECTOR('',#13406,1.);
#13406 = DIRECTION('',(0.,-1.));
#13407 = ( GEOMETRIC_REPRESENTATION_CONTEXT(2) 
PARAMETRIC_REPRESENTATION_CONTEXT() REPRESENTATION_CONTEXT('2D SPACE',''
  ) );
#13408 = PCURVE('',#4504,#13409);
#13409 = DEFINITIONAL_REPRESENTATION('',(#13410),#13414);
#13410 = LINE('',#13411,#13412);
#13411 = CARTESIAN_POINT('',(0.,0.));
#13412 = VECTOR('',#13413,1.);
#13413 = DIRECTION('',(0.,-1.));
#13414 = ( GEOMETRIC_REPRESENTATION_CONTEXT(2) 
PARAMETRIC_REPRESENTATION_CONTEXT() REPRESENTATION_CONTEXT('2D SPACE',''
  ) );
#13415 = ORIENTED_EDGE('',*,*,#4518,.F.);
#13416 = ADVANCED_FACE('',(#13417),#4504,.T.);
#13417 = FACE_BOUND('',#13418,.T.);
#13418 = EDGE_LOOP('',(#13419,#13420,#13443,#13464));
#13419 = ORIENTED_EDGE('',*,*,#13395,.T.);
#13420 = ORIENTED_EDGE('',*,*,#13421,.T.);
#13421 = EDGE_CURVE('',#13373,#13422,#13424,.T.);
#13422 = VERTEX_POINT('',#13423);
#13423 = CARTESIAN_POINT('',(8.278363892426,-15.7701187127,0.6));
#13424 = SURFACE_CURVE('',#13425,(#13429,#13436),.PCURVE_S1.);
#13425 = B_SPLINE_CURVE_WITH_KNOTS('',2,(#13426,#13427,#13428),
  .UNSPECIFIED.,.F.,.F.,(3,3),(0.,1.),.PIECEWISE_BEZIER_KNOTS.);
#13426 = CARTESIAN_POINT('',(7.889181844894,-16.36378624283,0.6));
#13427 = CARTESIAN_POINT('',(8.162928539345,-15.97790234824,0.6));
#13428 = CARTESIAN_POINT('',(8.278363892426,-15.7701187127,0.6));
#13429 = PCURVE('',#4504,#13430);
#13430 = DEFINITIONAL_REPRESENTATION('',(#13431),#13435);
#13431 = LINE('',#13432,#13433);
#13432 = CARTESIAN_POINT('',(0.,-0.6));
#13433 = VECTOR('',#13434,1.);
#13434 = DIRECTION('',(1.,0.));
#13435 = ( GEOMETRIC_REPRESENTATION_CONTEXT(2) 
PARAMETRIC_REPRESENTATION_CONTEXT() REPRESENTATION_CONTEXT('2D SPACE',''
  ) );
#13436 = PCURVE('',#13187,#13437);
#13437 = DEFINITIONAL_REPRESENTATION('',(#13438),#13442);
#13438 = B_SPLINE_CURVE_WITH_KNOTS('',2,(#13439,#13440,#13441),
  .UNSPECIFIED.,.F.,.F.,(3,3),(0.,1.),.PIECEWISE_BEZIER_KNOTS.);
#13439 = CARTESIAN_POINT('',(-1.889841637594,3.594986710257));
#13440 = CARTESIAN_POINT('',(-2.163588332044,3.20910281567));
#13441 = CARTESIAN_POINT('',(-2.279023685126,3.001319180123));
#13442 = ( GEOMETRIC_REPRESENTATION_CONTEXT(2) 
PARAMETRIC_REPRESENTATION_CONTEXT() REPRESENTATION_CONTEXT('2D SPACE',''
  ) );
#13443 = ORIENTED_EDGE('',*,*,#13444,.F.);
#13444 = EDGE_CURVE('',#4459,#13422,#13445,.T.);
#13445 = SURFACE_CURVE('',#13446,(#13450,#13457),.PCURVE_S1.);
#13446 = LINE('',#13447,#13448);
#13447 = CARTESIAN_POINT('',(8.278363892426,-15.7701187127,0.));
#13448 = VECTOR('',#13449,1.);
#13449 = DIRECTION('',(-0.,-0.,1.));
#13450 = PCURVE('',#4504,#13451);
#13451 = DEFINITIONAL_REPRESENTATION('',(#13452),#13456);
#13452 = LINE('',#13453,#13454);
#13453 = CARTESIAN_POINT('',(1.,0.));
#13454 = VECTOR('',#13455,1.);
#13455 = DIRECTION('',(0.,-1.));
#13456 = ( GEOMETRIC_REPRESENTATION_CONTEXT(2) 
PARAMETRIC_REPRESENTATION_CONTEXT() REPRESENTATION_CONTEXT('2D SPACE',''
  ) );
#13457 = PCURVE('',#4474,#13458);
#13458 = DEFINITIONAL_REPRESENTATION('',(#13459),#13463);
#13459 = LINE('',#13460,#13461);
#13460 = CARTESIAN_POINT('',(0.,0.));
#13461 = VECTOR('',#13462,1.);
#13462 = DIRECTION('',(0.,-1.));
#13463 = ( GEOMETRIC_REPRESENTATION_CONTEXT(2) 
PARAMETRIC_REPRESENTATION_CONTEXT() REPRESENTATION_CONTEXT('2D SPACE',''
  ) );
#13464 = ORIENTED_EDGE('',*,*,#4488,.F.);
#13465 = ADVANCED_FACE('',(#13466),#4474,.T.);
#13466 = FACE_BOUND('',#13467,.T.);
#13467 = EDGE_LOOP('',(#13468,#13469,#13492,#13513));
#13468 = ORIENTED_EDGE('',*,*,#13444,.T.);
#13469 = ORIENTED_EDGE('',*,*,#13470,.T.);
#13470 = EDGE_CURVE('',#13422,#13471,#13473,.T.);
#13471 = VERTEX_POINT('',#13472);
#13472 = CARTESIAN_POINT('',(8.660949634068,-16.32091025454,0.6));
#13473 = SURFACE_CURVE('',#13474,(#13478,#13485),.PCURVE_S1.);
#13474 = B_SPLINE_CURVE_WITH_KNOTS('',2,(#13475,#13476,#13477),
  .UNSPECIFIED.,.F.,.F.,(3,3),(0.,1.),.PIECEWISE_BEZIER_KNOTS.);
#13475 = CARTESIAN_POINT('',(8.278363892426,-15.7701187127,0.6));
#13476 = CARTESIAN_POINT('',(8.439973386741,-16.03397094831,0.6));
#13477 = CARTESIAN_POINT('',(8.660949634068,-16.32091025454,0.6));
#13478 = PCURVE('',#4474,#13479);
#13479 = DEFINITIONAL_REPRESENTATION('',(#13480),#13484);
#13480 = LINE('',#13481,#13482);
#13481 = CARTESIAN_POINT('',(0.,-0.6));
#13482 = VECTOR('',#13483,1.);
#13483 = DIRECTION('',(1.,0.));
#13484 = ( GEOMETRIC_REPRESENTATION_CONTEXT(2) 
PARAMETRIC_REPRESENTATION_CONTEXT() REPRESENTATION_CONTEXT('2D SPACE',''
  ) );
#13485 = PCURVE('',#13187,#13486);
#13486 = DEFINITIONAL_REPRESENTATION('',(#13487),#13491);
#13487 = B_SPLINE_CURVE_WITH_KNOTS('',2,(#13488,#13489,#13490),
  .UNSPECIFIED.,.F.,.F.,(3,3),(0.,1.),.PIECEWISE_BEZIER_KNOTS.);
#13488 = CARTESIAN_POINT('',(-2.279023685126,3.001319180123));
#13489 = CARTESIAN_POINT('',(-2.44063317944,3.265171415738));
#13490 = CARTESIAN_POINT('',(-2.661609426768,3.552110721969));
#13491 = ( GEOMETRIC_REPRESENTATION_CONTEXT(2) 
PARAMETRIC_REPRESENTATION_CONTEXT() REPRESENTATION_CONTEXT('2D SPACE',''
  ) );
#13492 = ORIENTED_EDGE('',*,*,#13493,.F.);
#13493 = EDGE_CURVE('',#4431,#13471,#13494,.T.);
#13494 = SURFACE_CURVE('',#13495,(#13499,#13506),.PCURVE_S1.);
#13495 = LINE('',#13496,#13497);
#13496 = CARTESIAN_POINT('',(8.660949634068,-16.32091025454,0.));
#13497 = VECTOR('',#13498,1.);
#13498 = DIRECTION('',(-0.,-0.,1.));
#13499 = PCURVE('',#4474,#13500);
#13500 = DEFINITIONAL_REPRESENTATION('',(#13501),#13505);
#13501 = LINE('',#13502,#13503);
#13502 = CARTESIAN_POINT('',(1.,0.));
#13503 = VECTOR('',#13504,1.);
#13504 = DIRECTION('',(0.,-1.));
#13505 = ( GEOMETRIC_REPRESENTATION_CONTEXT(2) 
PARAMETRIC_REPRESENTATION_CONTEXT() REPRESENTATION_CONTEXT('2D SPACE',''
  ) );
#13506 = PCURVE('',#4446,#13507);
#13507 = DEFINITIONAL_REPRESENTATION('',(#13508),#13512);
#13508 = LINE('',#13509,#13510);
#13509 = CARTESIAN_POINT('',(0.,0.));
#13510 = VECTOR('',#13511,1.);
#13511 = DIRECTION('',(0.,-1.));
#13512 = ( GEOMETRIC_REPRESENTATION_CONTEXT(2) 
PARAMETRIC_REPRESENTATION_CONTEXT() REPRESENTATION_CONTEXT('2D SPACE',''
  ) );
#13513 = ORIENTED_EDGE('',*,*,#4458,.F.);
#13514 = ADVANCED_FACE('',(#13515),#4446,.T.);
#13515 = FACE_BOUND('',#13516,.T.);
#13516 = EDGE_LOOP('',(#13517,#13518,#13541,#13562));
#13517 = ORIENTED_EDGE('',*,*,#13493,.T.);
#13518 = ORIENTED_EDGE('',*,*,#13519,.T.);
#13519 = EDGE_CURVE('',#13471,#13520,#13522,.T.);
#13520 = VERTEX_POINT('',#13521);
#13521 = CARTESIAN_POINT('',(9.633904752899,-17.60389175022,0.6));
#13522 = SURFACE_CURVE('',#13523,(#13527,#13534),.PCURVE_S1.);
#13523 = LINE('',#13524,#13525);
#13524 = CARTESIAN_POINT('',(8.660949634068,-16.32091025454,0.6));
#13525 = VECTOR('',#13526,1.);
#13526 = DIRECTION('',(0.604251979837,-0.796793288666,0.));
#13527 = PCURVE('',#4446,#13528);
#13528 = DEFINITIONAL_REPRESENTATION('',(#13529),#13533);
#13529 = LINE('',#13530,#13531);
#13530 = CARTESIAN_POINT('',(0.,-0.6));
#13531 = VECTOR('',#13532,1.);
#13532 = DIRECTION('',(1.,0.));
#13533 = ( GEOMETRIC_REPRESENTATION_CONTEXT(2) 
PARAMETRIC_REPRESENTATION_CONTEXT() REPRESENTATION_CONTEXT('2D SPACE',''
  ) );
#13534 = PCURVE('',#13187,#13535);
#13535 = DEFINITIONAL_REPRESENTATION('',(#13536),#13540);
#13536 = LINE('',#13537,#13538);
#13537 = CARTESIAN_POINT('',(-2.661609426768,3.552110721969));
#13538 = VECTOR('',#13539,1.);
#13539 = DIRECTION('',(-0.604251979837,0.796793288666));
#13540 = ( GEOMETRIC_REPRESENTATION_CONTEXT(2) 
PARAMETRIC_REPRESENTATION_CONTEXT() REPRESENTATION_CONTEXT('2D SPACE',''
  ) );
#13541 = ORIENTED_EDGE('',*,*,#13542,.F.);
#13542 = EDGE_CURVE('',#4403,#13520,#13543,.T.);
#13543 = SURFACE_CURVE('',#13544,(#13548,#13555),.PCURVE_S1.);
#13544 = LINE('',#13545,#13546);
#13545 = CARTESIAN_POINT('',(9.633904752899,-17.60389175022,0.));
#13546 = VECTOR('',#13547,1.);
#13547 = DIRECTION('',(-0.,-0.,1.));
#13548 = PCURVE('',#4446,#13549);
#13549 = DEFINITIONAL_REPRESENTATION('',(#13550),#13554);
#13550 = LINE('',#13551,#13552);
#13551 = CARTESIAN_POINT('',(1.610181102086,0.));
#13552 = VECTOR('',#13553,1.);
#13553 = DIRECTION('',(0.,-1.));
#13554 = ( GEOMETRIC_REPRESENTATION_CONTEXT(2) 
PARAMETRIC_REPRESENTATION_CONTEXT() REPRESENTATION_CONTEXT('2D SPACE',''
  ) );
#13555 = PCURVE('',#4418,#13556);
#13556 = DEFINITIONAL_REPRESENTATION('',(#13557),#13561);
#13557 = LINE('',#13558,#13559);
#13558 = CARTESIAN_POINT('',(0.,0.));
#13559 = VECTOR('',#13560,1.);
#13560 = DIRECTION('',(0.,-1.));
#13561 = ( GEOMETRIC_REPRESENTATION_CONTEXT(2) 
PARAMETRIC_REPRESENTATION_CONTEXT() REPRESENTATION_CONTEXT('2D SPACE',''
  ) );
#13562 = ORIENTED_EDGE('',*,*,#4430,.F.);
#13563 = ADVANCED_FACE('',(#13564),#4418,.T.);
#13564 = FACE_BOUND('',#13565,.T.);
#13565 = EDGE_LOOP('',(#13566,#13567,#13590,#13611));
#13566 = ORIENTED_EDGE('',*,*,#13542,.T.);
#13567 = ORIENTED_EDGE('',*,*,#13568,.T.);
#13568 = EDGE_CURVE('',#13520,#13569,#13571,.T.);
#13569 = VERTEX_POINT('',#13570);
#13570 = CARTESIAN_POINT('',(10.329815024334,-17.60389175022,0.6));
#13571 = SURFACE_CURVE('',#13572,(#13576,#13583),.PCURVE_S1.);
#13572 = LINE('',#13573,#13574);
#13573 = CARTESIAN_POINT('',(9.633904752899,-17.60389175022,0.6));
#13574 = VECTOR('',#13575,1.);
#13575 = DIRECTION('',(1.,0.,0.));
#13576 = PCURVE('',#4418,#13577);
#13577 = DEFINITIONAL_REPRESENTATION('',(#13578),#13582);
#13578 = LINE('',#13579,#13580);
#13579 = CARTESIAN_POINT('',(0.,-0.6));
#13580 = VECTOR('',#13581,1.);
#13581 = DIRECTION('',(1.,0.));
#13582 = ( GEOMETRIC_REPRESENTATION_CONTEXT(2) 
PARAMETRIC_REPRESENTATION_CONTEXT() REPRESENTATION_CONTEXT('2D SPACE',''
  ) );
#13583 = PCURVE('',#13187,#13584);
#13584 = DEFINITIONAL_REPRESENTATION('',(#13585),#13589);
#13585 = LINE('',#13586,#13587);
#13586 = CARTESIAN_POINT('',(-3.634564545599,4.835092217648));
#13587 = VECTOR('',#13588,1.);
#13588 = DIRECTION('',(-1.,0.));
#13589 = ( GEOMETRIC_REPRESENTATION_CONTEXT(2) 
PARAMETRIC_REPRESENTATION_CONTEXT() REPRESENTATION_CONTEXT('2D SPACE',''
  ) );
#13590 = ORIENTED_EDGE('',*,*,#13591,.F.);
#13591 = EDGE_CURVE('',#4375,#13569,#13592,.T.);
#13592 = SURFACE_CURVE('',#13593,(#13597,#13604),.PCURVE_S1.);
#13593 = LINE('',#13594,#13595);
#13594 = CARTESIAN_POINT('',(10.329815024334,-17.60389175022,0.));
#13595 = VECTOR('',#13596,1.);
#13596 = DIRECTION('',(-0.,-0.,1.));
#13597 = PCURVE('',#4418,#13598);
#13598 = DEFINITIONAL_REPRESENTATION('',(#13599),#13603);
#13599 = LINE('',#13600,#13601);
#13600 = CARTESIAN_POINT('',(0.695910271435,0.));
#13601 = VECTOR('',#13602,1.);
#13602 = DIRECTION('',(0.,-1.));
#13603 = ( GEOMETRIC_REPRESENTATION_CONTEXT(2) 
PARAMETRIC_REPRESENTATION_CONTEXT() REPRESENTATION_CONTEXT('2D SPACE',''
  ) );
#13604 = PCURVE('',#4390,#13605);
#13605 = DEFINITIONAL_REPRESENTATION('',(#13606),#13610);
#13606 = LINE('',#13607,#13608);
#13607 = CARTESIAN_POINT('',(0.,0.));
#13608 = VECTOR('',#13609,1.);
#13609 = DIRECTION('',(0.,-1.));
#13610 = ( GEOMETRIC_REPRESENTATION_CONTEXT(2) 
PARAMETRIC_REPRESENTATION_CONTEXT() REPRESENTATION_CONTEXT('2D SPACE',''
  ) );
#13611 = ORIENTED_EDGE('',*,*,#4402,.F.);
#13612 = ADVANCED_FACE('',(#13613),#4390,.T.);
#13613 = FACE_BOUND('',#13614,.T.);
#13614 = EDGE_LOOP('',(#13615,#13616,#13639,#13660));
#13615 = ORIENTED_EDGE('',*,*,#13591,.T.);
#13616 = ORIENTED_EDGE('',*,*,#13617,.T.);
#13617 = EDGE_CURVE('',#13569,#13618,#13620,.T.);
#13618 = VERTEX_POINT('',#13619);
#13619 = CARTESIAN_POINT('',(8.631266257562,-15.3248680651,0.6));
#13620 = SURFACE_CURVE('',#13621,(#13625,#13632),.PCURVE_S1.);
#13621 = LINE('',#13622,#13623);
#13622 = CARTESIAN_POINT('',(10.329815024334,-17.60389175022,0.6));
#13623 = VECTOR('',#13624,1.);
#13624 = DIRECTION('',(-0.597583727394,0.801806515784,0.));
#13625 = PCURVE('',#4390,#13626);
#13626 = DEFINITIONAL_REPRESENTATION('',(#13627),#13631);
#13627 = LINE('',#13628,#13629);
#13628 = CARTESIAN_POINT('',(0.,-0.6));
#13629 = VECTOR('',#13630,1.);
#13630 = DIRECTION('',(1.,0.));
#13631 = ( GEOMETRIC_REPRESENTATION_CONTEXT(2) 
PARAMETRIC_REPRESENTATION_CONTEXT() REPRESENTATION_CONTEXT('2D SPACE',''
  ) );
#13632 = PCURVE('',#13187,#13633);
#13633 = DEFINITIONAL_REPRESENTATION('',(#13634),#13638);
#13634 = LINE('',#13635,#13636);
#13635 = CARTESIAN_POINT('',(-4.330474817034,4.835092217648));
#13636 = VECTOR('',#13637,1.);
#13637 = DIRECTION('',(0.597583727394,-0.801806515784));
#13638 = ( GEOMETRIC_REPRESENTATION_CONTEXT(2) 
PARAMETRIC_REPRESENTATION_CONTEXT() REPRESENTATION_CONTEXT('2D SPACE',''
  ) );
#13639 = ORIENTED_EDGE('',*,*,#13640,.F.);
#13640 = EDGE_CURVE('',#4347,#13618,#13641,.T.);
#13641 = SURFACE_CURVE('',#13642,(#13646,#13653),.PCURVE_S1.);
#13642 = LINE('',#13643,#13644);
#13643 = CARTESIAN_POINT('',(8.631266257562,-15.3248680651,0.));
#13644 = VECTOR('',#13645,1.);
#13645 = DIRECTION('',(-0.,-0.,1.));
#13646 = PCURVE('',#4390,#13647);
#13647 = DEFINITIONAL_REPRESENTATION('',(#13648),#13652);
#13648 = LINE('',#13649,#13650);
#13649 = CARTESIAN_POINT('',(2.842361143569,0.));
#13650 = VECTOR('',#13651,1.);
#13651 = DIRECTION('',(0.,-1.));
#13652 = ( GEOMETRIC_REPRESENTATION_CONTEXT(2) 
PARAMETRIC_REPRESENTATION_CONTEXT() REPRESENTATION_CONTEXT('2D SPACE',''
  ) );
#13653 = PCURVE('',#4362,#13654);
#13654 = DEFINITIONAL_REPRESENTATION('',(#13655),#13659);
#13655 = LINE('',#13656,#13657);
#13656 = CARTESIAN_POINT('',(0.,0.));
#13657 = VECTOR('',#13658,1.);
#13658 = DIRECTION('',(0.,-1.));
#13659 = ( GEOMETRIC_REPRESENTATION_CONTEXT(2) 
PARAMETRIC_REPRESENTATION_CONTEXT() REPRESENTATION_CONTEXT('2D SPACE',''
  ) );
#13660 = ORIENTED_EDGE('',*,*,#4374,.F.);
#13661 = ADVANCED_FACE('',(#13662),#4362,.T.);
#13662 = FACE_BOUND('',#13663,.T.);
#13663 = EDGE_LOOP('',(#13664,#13665,#13688,#13709));
#13664 = ORIENTED_EDGE('',*,*,#13640,.T.);
#13665 = ORIENTED_EDGE('',*,*,#13666,.T.);
#13666 = EDGE_CURVE('',#13618,#13667,#13669,.T.);
#13667 = VERTEX_POINT('',#13668);
#13668 = CARTESIAN_POINT('',(10.461741142142,-12.76879953257,0.6));
#13669 = SURFACE_CURVE('',#13670,(#13674,#13681),.PCURVE_S1.);
#13670 = LINE('',#13671,#13672);
#13671 = CARTESIAN_POINT('',(8.631266257562,-15.3248680651,0.6));
#13672 = VECTOR('',#13673,1.);
#13673 = DIRECTION('',(0.582230118662,0.813024039573,0.));
#13674 = PCURVE('',#4362,#13675);
#13675 = DEFINITIONAL_REPRESENTATION('',(#13676),#13680);
#13676 = LINE('',#13677,#13678);
#13677 = CARTESIAN_POINT('',(0.,-0.6));
#13678 = VECTOR('',#13679,1.);
#13679 = DIRECTION('',(1.,0.));
#13680 = ( GEOMETRIC_REPRESENTATION_CONTEXT(2) 
PARAMETRIC_REPRESENTATION_CONTEXT() REPRESENTATION_CONTEXT('2D SPACE',''
  ) );
#13681 = PCURVE('',#13187,#13682);
#13682 = DEFINITIONAL_REPRESENTATION('',(#13683),#13687);
#13683 = LINE('',#13684,#13685);
#13684 = CARTESIAN_POINT('',(-2.631926050261,2.556068532522));
#13685 = VECTOR('',#13686,1.);
#13686 = DIRECTION('',(-0.582230118662,-0.813024039573));
#13687 = ( GEOMETRIC_REPRESENTATION_CONTEXT(2) 
PARAMETRIC_REPRESENTATION_CONTEXT() REPRESENTATION_CONTEXT('2D SPACE',''
  ) );
#13688 = ORIENTED_EDGE('',*,*,#13689,.F.);
#13689 = EDGE_CURVE('',#4319,#13667,#13690,.T.);
#13690 = SURFACE_CURVE('',#13691,(#13695,#13702),.PCURVE_S1.);
#13691 = LINE('',#13692,#13693);
#13692 = CARTESIAN_POINT('',(10.461741142142,-12.76879953257,0.));
#13693 = VECTOR('',#13694,1.);
#13694 = DIRECTION('',(-0.,-0.,1.));
#13695 = PCURVE('',#4362,#13696);
#13696 = DEFINITIONAL_REPRESENTATION('',(#13697),#13701);
#13697 = LINE('',#13698,#13699);
#13698 = CARTESIAN_POINT('',(3.143902772992,0.));
#13699 = VECTOR('',#13700,1.);
#13700 = DIRECTION('',(0.,-1.));
#13701 = ( GEOMETRIC_REPRESENTATION_CONTEXT(2) 
PARAMETRIC_REPRESENTATION_CONTEXT() REPRESENTATION_CONTEXT('2D SPACE',''
  ) );
#13702 = PCURVE('',#4334,#13703);
#13703 = DEFINITIONAL_REPRESENTATION('',(#13704),#13708);
#13704 = LINE('',#13705,#13706);
#13705 = CARTESIAN_POINT('',(0.,0.));
#13706 = VECTOR('',#13707,1.);
#13707 = DIRECTION('',(0.,-1.));
#13708 = ( GEOMETRIC_REPRESENTATION_CONTEXT(2) 
PARAMETRIC_REPRESENTATION_CONTEXT() REPRESENTATION_CONTEXT('2D SPACE',''
  ) );
#13709 = ORIENTED_EDGE('',*,*,#4346,.F.);
#13710 = ADVANCED_FACE('',(#13711),#4334,.T.);
#13711 = FACE_BOUND('',#13712,.T.);
#13712 = EDGE_LOOP('',(#13713,#13714,#13737,#13758));
#13713 = ORIENTED_EDGE('',*,*,#13689,.T.);
#13714 = ORIENTED_EDGE('',*,*,#13715,.T.);
#13715 = EDGE_CURVE('',#13667,#13716,#13718,.T.);
#13716 = VERTEX_POINT('',#13717);
#13717 = CARTESIAN_POINT('',(9.670184435296,-12.76879953257,0.6));
#13718 = SURFACE_CURVE('',#13719,(#13723,#13730),.PCURVE_S1.);
#13719 = LINE('',#13720,#13721);
#13720 = CARTESIAN_POINT('',(10.461741142142,-12.76879953257,0.6));
#13721 = VECTOR('',#13722,1.);
#13722 = DIRECTION('',(-1.,-0.,-0.));
#13723 = PCURVE('',#4334,#13724);
#13724 = DEFINITIONAL_REPRESENTATION('',(#13725),#13729);
#13725 = LINE('',#13726,#13727);
#13726 = CARTESIAN_POINT('',(0.,-0.6));
#13727 = VECTOR('',#13728,1.);
#13728 = DIRECTION('',(1.,0.));
#13729 = ( GEOMETRIC_REPRESENTATION_CONTEXT(2) 
PARAMETRIC_REPRESENTATION_CONTEXT() REPRESENTATION_CONTEXT('2D SPACE',''
  ) );
#13730 = PCURVE('',#13187,#13731);
#13731 = DEFINITIONAL_REPRESENTATION('',(#13732),#13736);
#13732 = LINE('',#13733,#13734);
#13733 = CARTESIAN_POINT('',(-4.462400934842,-0.));
#13734 = VECTOR('',#13735,1.);
#13735 = DIRECTION('',(1.,-0.));
#13736 = ( GEOMETRIC_REPRESENTATION_CONTEXT(2) 
PARAMETRIC_REPRESENTATION_CONTEXT() REPRESENTATION_CONTEXT('2D SPACE',''
  ) );
#13737 = ORIENTED_EDGE('',*,*,#13738,.F.);
#13738 = EDGE_CURVE('',#4291,#13716,#13739,.T.);
#13739 = SURFACE_CURVE('',#13740,(#13744,#13751),.PCURVE_S1.);
#13740 = LINE('',#13741,#13742);
#13741 = CARTESIAN_POINT('',(9.670184435296,-12.76879953257,0.));
#13742 = VECTOR('',#13743,1.);
#13743 = DIRECTION('',(-0.,-0.,1.));
#13744 = PCURVE('',#4334,#13745);
#13745 = DEFINITIONAL_REPRESENTATION('',(#13746),#13750);
#13746 = LINE('',#13747,#13748);
#13747 = CARTESIAN_POINT('',(0.791556706846,-0.));
#13748 = VECTOR('',#13749,1.);
#13749 = DIRECTION('',(0.,-1.));
#13750 = ( GEOMETRIC_REPRESENTATION_CONTEXT(2) 
PARAMETRIC_REPRESENTATION_CONTEXT() REPRESENTATION_CONTEXT('2D SPACE',''
  ) );
#13751 = PCURVE('',#4306,#13752);
#13752 = DEFINITIONAL_REPRESENTATION('',(#13753),#13757);
#13753 = LINE('',#13754,#13755);
#13754 = CARTESIAN_POINT('',(0.,0.));
#13755 = VECTOR('',#13756,1.);
#13756 = DIRECTION('',(0.,-1.));
#13757 = ( GEOMETRIC_REPRESENTATION_CONTEXT(2) 
PARAMETRIC_REPRESENTATION_CONTEXT() REPRESENTATION_CONTEXT('2D SPACE',''
  ) );
#13758 = ORIENTED_EDGE('',*,*,#4318,.F.);
#13759 = ADVANCED_FACE('',(#13760),#4306,.T.);
#13760 = FACE_BOUND('',#13761,.T.);
#13761 = EDGE_LOOP('',(#13762,#13763,#13786,#13807));
#13762 = ORIENTED_EDGE('',*,*,#13738,.T.);
#13763 = ORIENTED_EDGE('',*,*,#13764,.T.);
#13764 = EDGE_CURVE('',#13716,#13765,#13767,.T.);
#13765 = VERTEX_POINT('',#13766);
#13766 = CARTESIAN_POINT('',(8.453165998521,-14.49373352291,0.6));
#13767 = SURFACE_CURVE('',#13768,(#13772,#13779),.PCURVE_S1.);
#13768 = LINE('',#13769,#13770);
#13769 = CARTESIAN_POINT('',(9.670184435296,-12.76879953257,0.6));
#13770 = VECTOR('',#13771,1.);
#13771 = DIRECTION('',(-0.576499167389,-0.817097735892,-0.));
#13772 = PCURVE('',#4306,#13773);
#13773 = DEFINITIONAL_REPRESENTATION('',(#13774),#13778);
#13774 = LINE('',#13775,#13776);
#13775 = CARTESIAN_POINT('',(0.,-0.6));
#13776 = VECTOR('',#13777,1.);
#13777 = DIRECTION('',(1.,0.));
#13778 = ( GEOMETRIC_REPRESENTATION_CONTEXT(2) 
PARAMETRIC_REPRESENTATION_CONTEXT() REPRESENTATION_CONTEXT('2D SPACE',''
  ) );
#13779 = PCURVE('',#13187,#13780);
#13780 = DEFINITIONAL_REPRESENTATION('',(#13781),#13785);
#13781 = LINE('',#13782,#13783);
#13782 = CARTESIAN_POINT('',(-3.670844227996,-0.));
#13783 = VECTOR('',#13784,1.);
#13784 = DIRECTION('',(0.576499167389,0.817097735892));
#13785 = ( GEOMETRIC_REPRESENTATION_CONTEXT(2) 
PARAMETRIC_REPRESENTATION_CONTEXT() REPRESENTATION_CONTEXT('2D SPACE',''
  ) );
#13786 = ORIENTED_EDGE('',*,*,#13787,.F.);
#13787 = EDGE_CURVE('',#4261,#13765,#13788,.T.);
#13788 = SURFACE_CURVE('',#13789,(#13793,#13800),.PCURVE_S1.);
#13789 = LINE('',#13790,#13791);
#13790 = CARTESIAN_POINT('',(8.453165998521,-14.49373352291,0.));
#13791 = VECTOR('',#13792,1.);
#13792 = DIRECTION('',(-0.,-0.,1.));
#13793 = PCURVE('',#4306,#13794);
#13794 = DEFINITIONAL_REPRESENTATION('',(#13795),#13799);
#13795 = LINE('',#13796,#13797);
#13796 = CARTESIAN_POINT('',(2.111049773563,0.));
#13797 = VECTOR('',#13798,1.);
#13798 = DIRECTION('',(0.,-1.));
#13799 = ( GEOMETRIC_REPRESENTATION_CONTEXT(2) 
PARAMETRIC_REPRESENTATION_CONTEXT() REPRESENTATION_CONTEXT('2D SPACE',''
  ) );
#13800 = PCURVE('',#4276,#13801);
#13801 = DEFINITIONAL_REPRESENTATION('',(#13802),#13806);
#13802 = LINE('',#13803,#13804);
#13803 = CARTESIAN_POINT('',(0.,0.));
#13804 = VECTOR('',#13805,1.);
#13805 = DIRECTION('',(0.,-1.));
#13806 = ( GEOMETRIC_REPRESENTATION_CONTEXT(2) 
PARAMETRIC_REPRESENTATION_CONTEXT() REPRESENTATION_CONTEXT('2D SPACE',''
  ) );
#13807 = ORIENTED_EDGE('',*,*,#4290,.F.);
#13808 = ADVANCED_FACE('',(#13809),#4276,.T.);
#13809 = FACE_BOUND('',#13810,.T.);
#13810 = EDGE_LOOP('',(#13811,#13812,#13835,#13856));
#13811 = ORIENTED_EDGE('',*,*,#13787,.T.);
#13812 = ORIENTED_EDGE('',*,*,#13813,.T.);
#13813 = EDGE_CURVE('',#13765,#13814,#13816,.T.);
#13814 = VERTEX_POINT('',#13815);
#13815 = CARTESIAN_POINT('',(8.242084210029,-14.81695251154,0.6));
#13816 = SURFACE_CURVE('',#13817,(#13821,#13828),.PCURVE_S1.);
#13817 = B_SPLINE_CURVE_WITH_KNOTS('',2,(#13818,#13819,#13820),
  .UNSPECIFIED.,.F.,.F.,(3,3),(0.,1.),.PIECEWISE_BEZIER_KNOTS.);
#13818 = CARTESIAN_POINT('',(8.453165998521,-14.49373352291,0.6));
#13819 = CARTESIAN_POINT('',(8.35092325722,-14.64215040544,0.6));
#13820 = CARTESIAN_POINT('',(8.242084210029,-14.81695251154,0.6));
#13821 = PCURVE('',#4276,#13822);
#13822 = DEFINITIONAL_REPRESENTATION('',(#13823),#13827);
#13823 = LINE('',#13824,#13825);
#13824 = CARTESIAN_POINT('',(0.,-0.6));
#13825 = VECTOR('',#13826,1.);
#13826 = DIRECTION('',(1.,0.));
#13827 = ( GEOMETRIC_REPRESENTATION_CONTEXT(2) 
PARAMETRIC_REPRESENTATION_CONTEXT() REPRESENTATION_CONTEXT('2D SPACE',''
  ) );
#13828 = PCURVE('',#13187,#13829);
#13829 = DEFINITIONAL_REPRESENTATION('',(#13830),#13834);
#13830 = B_SPLINE_CURVE_WITH_KNOTS('',2,(#13831,#13832,#13833),
  .UNSPECIFIED.,.F.,.F.,(3,3),(0.,1.),.PIECEWISE_BEZIER_KNOTS.);
#13831 = CARTESIAN_POINT('',(-2.453825791221,1.724933990334));
#13832 = CARTESIAN_POINT('',(-2.35158304992,1.873350872868));
#13833 = CARTESIAN_POINT('',(-2.242744002729,2.048152978963));
#13834 = ( GEOMETRIC_REPRESENTATION_CONTEXT(2) 
PARAMETRIC_REPRESENTATION_CONTEXT() REPRESENTATION_CONTEXT('2D SPACE',''
  ) );
#13835 = ORIENTED_EDGE('',*,*,#13836,.F.);
#13836 = EDGE_CURVE('',#4231,#13814,#13837,.T.);
#13837 = SURFACE_CURVE('',#13838,(#13842,#13849),.PCURVE_S1.);
#13838 = LINE('',#13839,#13840);
#13839 = CARTESIAN_POINT('',(8.242084210029,-14.81695251154,0.));
#13840 = VECTOR('',#13841,1.);
#13841 = DIRECTION('',(-0.,-0.,1.));
#13842 = PCURVE('',#4276,#13843);
#13843 = DEFINITIONAL_REPRESENTATION('',(#13844),#13848);
#13844 = LINE('',#13845,#13846);
#13845 = CARTESIAN_POINT('',(1.,0.));
#13846 = VECTOR('',#13847,1.);
#13847 = DIRECTION('',(0.,-1.));
#13848 = ( GEOMETRIC_REPRESENTATION_CONTEXT(2) 
PARAMETRIC_REPRESENTATION_CONTEXT() REPRESENTATION_CONTEXT('2D SPACE',''
  ) );
#13849 = PCURVE('',#4246,#13850);
#13850 = DEFINITIONAL_REPRESENTATION('',(#13851),#13855);
#13851 = LINE('',#13852,#13853);
#13852 = CARTESIAN_POINT('',(0.,0.));
#13853 = VECTOR('',#13854,1.);
#13854 = DIRECTION('',(0.,-1.));
#13855 = ( GEOMETRIC_REPRESENTATION_CONTEXT(2) 
PARAMETRIC_REPRESENTATION_CONTEXT() REPRESENTATION_CONTEXT('2D SPACE',''
  ) );
#13856 = ORIENTED_EDGE('',*,*,#4260,.F.);
#13857 = ADVANCED_FACE('',(#13858),#4246,.T.);
#13858 = FACE_BOUND('',#13859,.T.);
#13859 = EDGE_LOOP('',(#13860,#13861,#13884,#13905));
#13860 = ORIENTED_EDGE('',*,*,#13836,.T.);
#13861 = ORIENTED_EDGE('',*,*,#13862,.T.);
#13862 = EDGE_CURVE('',#13814,#13863,#13865,.T.);
#13863 = VERTEX_POINT('',#13864);
#13864 = CARTESIAN_POINT('',(8.011213503866,-14.45415568757,0.6));
#13865 = SURFACE_CURVE('',#13866,(#13870,#13877),.PCURVE_S1.);
#13866 = B_SPLINE_CURVE_WITH_KNOTS('',2,(#13867,#13868,#13869),
  .UNSPECIFIED.,.F.,.F.,(3,3),(0.,1.),.PIECEWISE_BEZIER_KNOTS.);
#13867 = CARTESIAN_POINT('',(8.242084210029,-14.81695251154,0.6));
#13868 = CARTESIAN_POINT('',(8.080474715715,-14.55310027592,0.6));
#13869 = CARTESIAN_POINT('',(8.011213503866,-14.45415568757,0.6));
#13870 = PCURVE('',#4246,#13871);
#13871 = DEFINITIONAL_REPRESENTATION('',(#13872),#13876);
#13872 = LINE('',#13873,#13874);
#13873 = CARTESIAN_POINT('',(0.,-0.6));
#13874 = VECTOR('',#13875,1.);
#13875 = DIRECTION('',(1.,0.));
#13876 = ( GEOMETRIC_REPRESENTATION_CONTEXT(2) 
PARAMETRIC_REPRESENTATION_CONTEXT() REPRESENTATION_CONTEXT('2D SPACE',''
  ) );
#13877 = PCURVE('',#13187,#13878);
#13878 = DEFINITIONAL_REPRESENTATION('',(#13879),#13883);
#13879 = B_SPLINE_CURVE_WITH_KNOTS('',2,(#13880,#13881,#13882),
  .UNSPECIFIED.,.F.,.F.,(3,3),(0.,1.),.PIECEWISE_BEZIER_KNOTS.);
#13880 = CARTESIAN_POINT('',(-2.242744002729,2.048152978963));
#13881 = CARTESIAN_POINT('',(-2.081134508415,1.784300743348));
#13882 = CARTESIAN_POINT('',(-2.011873296566,1.685356154992));
#13883 = ( GEOMETRIC_REPRESENTATION_CONTEXT(2) 
PARAMETRIC_REPRESENTATION_CONTEXT() REPRESENTATION_CONTEXT('2D SPACE',''
  ) );
#13884 = ORIENTED_EDGE('',*,*,#13885,.F.);
#13885 = EDGE_CURVE('',#4203,#13863,#13886,.T.);
#13886 = SURFACE_CURVE('',#13887,(#13891,#13898),.PCURVE_S1.);
#13887 = LINE('',#13888,#13889);
#13888 = CARTESIAN_POINT('',(8.011213503866,-14.45415568757,0.));
#13889 = VECTOR('',#13890,1.);
#13890 = DIRECTION('',(-0.,-0.,1.));
#13891 = PCURVE('',#4246,#13892);
#13892 = DEFINITIONAL_REPRESENTATION('',(#13893),#13897);
#13893 = LINE('',#13894,#13895);
#13894 = CARTESIAN_POINT('',(1.,0.));
#13895 = VECTOR('',#13896,1.);
#13896 = DIRECTION('',(0.,-1.));
#13897 = ( GEOMETRIC_REPRESENTATION_CONTEXT(2) 
PARAMETRIC_REPRESENTATION_CONTEXT() REPRESENTATION_CONTEXT('2D SPACE',''
  ) );
#13898 = PCURVE('',#4218,#13899);
#13899 = DEFINITIONAL_REPRESENTATION('',(#13900),#13904);
#13900 = LINE('',#13901,#13902);
#13901 = CARTESIAN_POINT('',(-9.009172257468E-17,0.));
#13902 = VECTOR('',#13903,1.);
#13903 = DIRECTION('',(0.,-1.));
#13904 = ( GEOMETRIC_REPRESENTATION_CONTEXT(2) 
PARAMETRIC_REPRESENTATION_CONTEXT() REPRESENTATION_CONTEXT('2D SPACE',''
  ) );
#13905 = ORIENTED_EDGE('',*,*,#4230,.F.);
#13906 = ADVANCED_FACE('',(#13907),#4218,.T.);
#13907 = FACE_BOUND('',#13908,.T.);
#13908 = EDGE_LOOP('',(#13909,#13910,#13931,#13932));
#13909 = ORIENTED_EDGE('',*,*,#13885,.T.);
#13910 = ORIENTED_EDGE('',*,*,#13911,.T.);
#13911 = EDGE_CURVE('',#13863,#13149,#13912,.T.);
#13912 = SURFACE_CURVE('',#13913,(#13917,#13924),.PCURVE_S1.);
#13913 = LINE('',#13914,#13915);
#13914 = CARTESIAN_POINT('',(8.011213503866,-14.45415568757,0.6));
#13915 = VECTOR('',#13916,1.);
#13916 = DIRECTION('',(-0.584388390386,0.811474096433,0.));
#13917 = PCURVE('',#4218,#13918);
#13918 = DEFINITIONAL_REPRESENTATION('',(#13919),#13923);
#13919 = LINE('',#13920,#13921);
#13920 = CARTESIAN_POINT('',(0.,-0.6));
#13921 = VECTOR('',#13922,1.);
#13922 = DIRECTION('',(1.,0.));
#13923 = ( GEOMETRIC_REPRESENTATION_CONTEXT(2) 
PARAMETRIC_REPRESENTATION_CONTEXT() REPRESENTATION_CONTEXT('2D SPACE',''
  ) );
#13924 = PCURVE('',#13187,#13925);
#13925 = DEFINITIONAL_REPRESENTATION('',(#13926),#13930);
#13926 = LINE('',#13927,#13928);
#13927 = CARTESIAN_POINT('',(-2.011873296566,1.685356154992));
#13928 = VECTOR('',#13929,1.);
#13929 = DIRECTION('',(0.584388390386,-0.811474096433));
#13930 = ( GEOMETRIC_REPRESENTATION_CONTEXT(2) 
PARAMETRIC_REPRESENTATION_CONTEXT() REPRESENTATION_CONTEXT('2D SPACE',''
  ) );
#13931 = ORIENTED_EDGE('',*,*,#13148,.F.);
#13932 = ORIENTED_EDGE('',*,*,#4202,.F.);
#13933 = ADVANCED_FACE('',(#13934),#4648,.T.);
#13934 = FACE_BOUND('',#13935,.T.);
#13935 = EDGE_LOOP('',(#13936,#13959,#13987,#14008));
#13936 = ORIENTED_EDGE('',*,*,#13937,.T.);
#13937 = EDGE_CURVE('',#4631,#13938,#13940,.T.);
#13938 = VERTEX_POINT('',#13939);
#13939 = CARTESIAN_POINT('',(15.313324124516,-12.76879953257,0.6));
#13940 = SURFACE_CURVE('',#13941,(#13945,#13952),.PCURVE_S1.);
#13941 = LINE('',#13942,#13943);
#13942 = CARTESIAN_POINT('',(15.313324124516,-12.76879953257,0.));
#13943 = VECTOR('',#13944,1.);
#13944 = DIRECTION('',(-0.,-0.,1.));
#13945 = PCURVE('',#4648,#13946);
#13946 = DEFINITIONAL_REPRESENTATION('',(#13947),#13951);
#13947 = LINE('',#13948,#13949);
#13948 = CARTESIAN_POINT('',(0.,0.));
#13949 = VECTOR('',#13950,1.);
#13950 = DIRECTION('',(0.,-1.));
#13951 = ( GEOMETRIC_REPRESENTATION_CONTEXT(2) 
PARAMETRIC_REPRESENTATION_CONTEXT() REPRESENTATION_CONTEXT('2D SPACE',''
  ) );
#13952 = PCURVE('',#4676,#13953);
#13953 = DEFINITIONAL_REPRESENTATION('',(#13954),#13958);
#13954 = LINE('',#13955,#13956);
#13955 = CARTESIAN_POINT('',(5.192503733237,0.));
#13956 = VECTOR('',#13957,1.);
#13957 = DIRECTION('',(0.,-1.));
#13958 = ( GEOMETRIC_REPRESENTATION_CONTEXT(2) 
PARAMETRIC_REPRESENTATION_CONTEXT() REPRESENTATION_CONTEXT('2D SPACE',''
  ) );
#13959 = ORIENTED_EDGE('',*,*,#13960,.T.);
#13960 = EDGE_CURVE('',#13938,#13961,#13963,.T.);
#13961 = VERTEX_POINT('',#13962);
#13962 = CARTESIAN_POINT('',(14.656991688423,-12.76879953257,0.6));
#13963 = SURFACE_CURVE('',#13964,(#13968,#13975),.PCURVE_S1.);
#13964 = LINE('',#13965,#13966);
#13965 = CARTESIAN_POINT('',(15.313324124516,-12.76879953257,0.6));
#13966 = VECTOR('',#13967,1.);
#13967 = DIRECTION('',(-1.,-0.,-0.));
#13968 = PCURVE('',#4648,#13969);
#13969 = DEFINITIONAL_REPRESENTATION('',(#13970),#13974);
#13970 = LINE('',#13971,#13972);
#13971 = CARTESIAN_POINT('',(0.,-0.6));
#13972 = VECTOR('',#13973,1.);
#13973 = DIRECTION('',(1.,0.));
#13974 = ( GEOMETRIC_REPRESENTATION_CONTEXT(2) 
PARAMETRIC_REPRESENTATION_CONTEXT() REPRESENTATION_CONTEXT('2D SPACE',''
  ) );
#13975 = PCURVE('',#13976,#13981);
#13976 = PLANE('',#13977);
#13977 = AXIS2_PLACEMENT_3D('',#13978,#13979,#13980);
#13978 = CARTESIAN_POINT('',(12.753957439049,-12.76879953257,0.6));
#13979 = DIRECTION('',(0.,0.,1.));
#13980 = DIRECTION('',(-1.,0.,0.));
#13981 = DEFINITIONAL_REPRESENTATION('',(#13982),#13986);
#13982 = LINE('',#13983,#13984);
#13983 = CARTESIAN_POINT('',(-2.559366685467,-0.));
#13984 = VECTOR('',#13985,1.);
#13985 = DIRECTION('',(1.,-0.));
#13986 = ( GEOMETRIC_REPRESENTATION_CONTEXT(2) 
PARAMETRIC_REPRESENTATION_CONTEXT() REPRESENTATION_CONTEXT('2D SPACE',''
  ) );
#13987 = ORIENTED_EDGE('',*,*,#13988,.F.);
#13988 = EDGE_CURVE('',#4633,#13961,#13989,.T.);
#13989 = SURFACE_CURVE('',#13990,(#13994,#14001),.PCURVE_S1.);
#13990 = LINE('',#13991,#13992);
#13991 = CARTESIAN_POINT('',(14.656991688423,-12.76879953257,0.));
#13992 = VECTOR('',#13993,1.);
#13993 = DIRECTION('',(-0.,-0.,1.));
#13994 = PCURVE('',#4648,#13995);
#13995 = DEFINITIONAL_REPRESENTATION('',(#13996),#14000);
#13996 = LINE('',#13997,#13998);
#13997 = CARTESIAN_POINT('',(0.656332436093,-0.));
#13998 = VECTOR('',#13999,1.);
#13999 = DIRECTION('',(0.,-1.));
#14000 = ( GEOMETRIC_REPRESENTATION_CONTEXT(2) 
PARAMETRIC_REPRESENTATION_CONTEXT() REPRESENTATION_CONTEXT('2D SPACE',''
  ) );
#14001 = PCURVE('',#4874,#14002);
#14002 = DEFINITIONAL_REPRESENTATION('',(#14003),#14007);
#14003 = LINE('',#14004,#14005);
#14004 = CARTESIAN_POINT('',(0.,0.));
#14005 = VECTOR('',#14006,1.);
#14006 = DIRECTION('',(0.,-1.));
#14007 = ( GEOMETRIC_REPRESENTATION_CONTEXT(2) 
PARAMETRIC_REPRESENTATION_CONTEXT() REPRESENTATION_CONTEXT('2D SPACE',''
  ) );
#14008 = ORIENTED_EDGE('',*,*,#4630,.F.);
#14009 = ADVANCED_FACE('',(#14010),#4874,.T.);
#14010 = FACE_BOUND('',#14011,.T.);
#14011 = EDGE_LOOP('',(#14012,#14013,#14036,#14057));
#14012 = ORIENTED_EDGE('',*,*,#13988,.T.);
#14013 = ORIENTED_EDGE('',*,*,#14014,.T.);
#14014 = EDGE_CURVE('',#13961,#14015,#14017,.T.);
#14015 = VERTEX_POINT('',#14016);
#14016 = CARTESIAN_POINT('',(12.783640815555,-17.60389175022,0.6));
#14017 = SURFACE_CURVE('',#14018,(#14022,#14029),.PCURVE_S1.);
#14018 = LINE('',#14019,#14020);
#14019 = CARTESIAN_POINT('',(14.656991688423,-12.76879953257,0.6));
#14020 = VECTOR('',#14021,1.);
#14021 = DIRECTION('',(-0.361279591148,-0.932457536309,-0.));
#14022 = PCURVE('',#4874,#14023);
#14023 = DEFINITIONAL_REPRESENTATION('',(#14024),#14028);
#14024 = LINE('',#14025,#14026);
#14025 = CARTESIAN_POINT('',(0.,-0.6));
#14026 = VECTOR('',#14027,1.);
#14027 = DIRECTION('',(1.,0.));
#14028 = ( GEOMETRIC_REPRESENTATION_CONTEXT(2) 
PARAMETRIC_REPRESENTATION_CONTEXT() REPRESENTATION_CONTEXT('2D SPACE',''
  ) );
#14029 = PCURVE('',#13976,#14030);
#14030 = DEFINITIONAL_REPRESENTATION('',(#14031),#14035);
#14031 = LINE('',#14032,#14033);
#14032 = CARTESIAN_POINT('',(-1.903034249374,-0.));
#14033 = VECTOR('',#14034,1.);
#14034 = DIRECTION('',(0.361279591148,0.932457536309));
#14035 = ( GEOMETRIC_REPRESENTATION_CONTEXT(2) 
PARAMETRIC_REPRESENTATION_CONTEXT() REPRESENTATION_CONTEXT('2D SPACE',''
  ) );
#14036 = ORIENTED_EDGE('',*,*,#14037,.F.);
#14037 = EDGE_CURVE('',#4833,#14015,#14038,.T.);
#14038 = SURFACE_CURVE('',#14039,(#14043,#14050),.PCURVE_S1.);
#14039 = LINE('',#14040,#14041);
#14040 = CARTESIAN_POINT('',(12.783640815555,-17.60389175022,0.));
#14041 = VECTOR('',#14042,1.);
#14042 = DIRECTION('',(-0.,-0.,1.));
#14043 = PCURVE('',#4874,#14044);
#14044 = DEFINITIONAL_REPRESENTATION('',(#14045),#14049);
#14045 = LINE('',#14046,#14047);
#14046 = CARTESIAN_POINT('',(5.185321614523,0.));
#14047 = VECTOR('',#14048,1.);
#14048 = DIRECTION('',(0.,-1.));
#14049 = ( GEOMETRIC_REPRESENTATION_CONTEXT(2) 
PARAMETRIC_REPRESENTATION_CONTEXT() REPRESENTATION_CONTEXT('2D SPACE',''
  ) );
#14050 = PCURVE('',#4848,#14051);
#14051 = DEFINITIONAL_REPRESENTATION('',(#14052),#14056);
#14052 = LINE('',#14053,#14054);
#14053 = CARTESIAN_POINT('',(0.,0.));
#14054 = VECTOR('',#14055,1.);
#14055 = DIRECTION('',(0.,-1.));
#14056 = ( GEOMETRIC_REPRESENTATION_CONTEXT(2) 
PARAMETRIC_REPRESENTATION_CONTEXT() REPRESENTATION_CONTEXT('2D SPACE',''
  ) );
#14057 = ORIENTED_EDGE('',*,*,#4860,.F.);
#14058 = ADVANCED_FACE('',(#14059),#4848,.T.);
#14059 = FACE_BOUND('',#14060,.T.);
#14060 = EDGE_LOOP('',(#14061,#14062,#14085,#14106));
#14061 = ORIENTED_EDGE('',*,*,#14037,.T.);
#14062 = ORIENTED_EDGE('',*,*,#14063,.T.);
#14063 = EDGE_CURVE('',#14015,#14064,#14066,.T.);
#14064 = VERTEX_POINT('',#14065);
#14065 = CARTESIAN_POINT('',(13.476252934045,-17.60389175022,0.6));
#14066 = SURFACE_CURVE('',#14067,(#14071,#14078),.PCURVE_S1.);
#14067 = LINE('',#14068,#14069);
#14068 = CARTESIAN_POINT('',(12.783640815555,-17.60389175022,0.6));
#14069 = VECTOR('',#14070,1.);
#14070 = DIRECTION('',(1.,0.,0.));
#14071 = PCURVE('',#4848,#14072);
#14072 = DEFINITIONAL_REPRESENTATION('',(#14073),#14077);
#14073 = LINE('',#14074,#14075);
#14074 = CARTESIAN_POINT('',(0.,-0.6));
#14075 = VECTOR('',#14076,1.);
#14076 = DIRECTION('',(1.,0.));
#14077 = ( GEOMETRIC_REPRESENTATION_CONTEXT(2) 
PARAMETRIC_REPRESENTATION_CONTEXT() REPRESENTATION_CONTEXT('2D SPACE',''
  ) );
#14078 = PCURVE('',#13976,#14079);
#14079 = DEFINITIONAL_REPRESENTATION('',(#14080),#14084);
#14080 = LINE('',#14081,#14082);
#14081 = CARTESIAN_POINT('',(-2.968337650671E-02,4.835092217648));
#14082 = VECTOR('',#14083,1.);
#14083 = DIRECTION('',(-1.,0.));
#14084 = ( GEOMETRIC_REPRESENTATION_CONTEXT(2) 
PARAMETRIC_REPRESENTATION_CONTEXT() REPRESENTATION_CONTEXT('2D SPACE',''
  ) );
#14085 = ORIENTED_EDGE('',*,*,#14086,.F.);
#14086 = EDGE_CURVE('',#4805,#14064,#14087,.T.);
#14087 = SURFACE_CURVE('',#14088,(#14092,#14099),.PCURVE_S1.);
#14088 = LINE('',#14089,#14090);
#14089 = CARTESIAN_POINT('',(13.476252934045,-17.60389175022,0.));
#14090 = VECTOR('',#14091,1.);
#14091 = DIRECTION('',(-0.,-0.,1.));
#14092 = PCURVE('',#4848,#14093);
#14093 = DEFINITIONAL_REPRESENTATION('',(#14094),#14098);
#14094 = LINE('',#14095,#14096);
#14095 = CARTESIAN_POINT('',(0.69261211849,0.));
#14096 = VECTOR('',#14097,1.);
#14097 = DIRECTION('',(0.,-1.));
#14098 = ( GEOMETRIC_REPRESENTATION_CONTEXT(2) 
PARAMETRIC_REPRESENTATION_CONTEXT() REPRESENTATION_CONTEXT('2D SPACE',''
  ) );
#14099 = PCURVE('',#4820,#14100);
#14100 = DEFINITIONAL_REPRESENTATION('',(#14101),#14105);
#14101 = LINE('',#14102,#14103);
#14102 = CARTESIAN_POINT('',(0.,0.));
#14103 = VECTOR('',#14104,1.);
#14104 = DIRECTION('',(0.,-1.));
#14105 = ( GEOMETRIC_REPRESENTATION_CONTEXT(2) 
PARAMETRIC_REPRESENTATION_CONTEXT() REPRESENTATION_CONTEXT('2D SPACE',''
  ) );
#14106 = ORIENTED_EDGE('',*,*,#4832,.F.);
#14107 = ADVANCED_FACE('',(#14108),#4820,.T.);
#14108 = FACE_BOUND('',#14109,.T.);
#14109 = EDGE_LOOP('',(#14110,#14111,#14134,#14155));
#14110 = ORIENTED_EDGE('',*,*,#14086,.T.);
#14111 = ORIENTED_EDGE('',*,*,#14112,.T.);
#14112 = EDGE_CURVE('',#14064,#14113,#14115,.T.);
#14113 = VERTEX_POINT('',#14114);
#14114 = CARTESIAN_POINT('',(14.732849206163,-14.0913588636,0.6));
#14115 = SURFACE_CURVE('',#14116,(#14120,#14127),.PCURVE_S1.);
#14116 = LINE('',#14117,#14118);
#14117 = CARTESIAN_POINT('',(13.476252934045,-17.60389175022,0.6));
#14118 = VECTOR('',#14119,1.);
#14119 = DIRECTION('',(0.336840403296,0.941561757245,0.));
#14120 = PCURVE('',#4820,#14121);
#14121 = DEFINITIONAL_REPRESENTATION('',(#14122),#14126);
#14122 = LINE('',#14123,#14124);
#14123 = CARTESIAN_POINT('',(0.,-0.6));
#14124 = VECTOR('',#14125,1.);
#14125 = DIRECTION('',(1.,0.));
#14126 = ( GEOMETRIC_REPRESENTATION_CONTEXT(2) 
PARAMETRIC_REPRESENTATION_CONTEXT() REPRESENTATION_CONTEXT('2D SPACE',''
  ) );
#14127 = PCURVE('',#13976,#14128);
#14128 = DEFINITIONAL_REPRESENTATION('',(#14129),#14133);
#14129 = LINE('',#14130,#14131);
#14130 = CARTESIAN_POINT('',(-0.722295494997,4.835092217648));
#14131 = VECTOR('',#14132,1.);
#14132 = DIRECTION('',(-0.336840403296,-0.941561757245));
#14133 = ( GEOMETRIC_REPRESENTATION_CONTEXT(2) 
PARAMETRIC_REPRESENTATION_CONTEXT() REPRESENTATION_CONTEXT('2D SPACE',''
  ) );
#14134 = ORIENTED_EDGE('',*,*,#14135,.F.);
#14135 = EDGE_CURVE('',#4775,#14113,#14136,.T.);
#14136 = SURFACE_CURVE('',#14137,(#14141,#14148),.PCURVE_S1.);
#14137 = LINE('',#14138,#14139);
#14138 = CARTESIAN_POINT('',(14.732849206163,-14.0913588636,0.));
#14139 = VECTOR('',#14140,1.);
#14140 = DIRECTION('',(-0.,-0.,1.));
#14141 = PCURVE('',#4820,#14142);
#14142 = DEFINITIONAL_REPRESENTATION('',(#14143),#14147);
#14143 = LINE('',#14144,#14145);
#14144 = CARTESIAN_POINT('',(3.730539032196,0.));
#14145 = VECTOR('',#14146,1.);
#14146 = DIRECTION('',(0.,-1.));
#14147 = ( GEOMETRIC_REPRESENTATION_CONTEXT(2) 
PARAMETRIC_REPRESENTATION_CONTEXT() REPRESENTATION_CONTEXT('2D SPACE',''
  ) );
#14148 = PCURVE('',#4790,#14149);
#14149 = DEFINITIONAL_REPRESENTATION('',(#14150),#14154);
#14150 = LINE('',#14151,#14152);
#14151 = CARTESIAN_POINT('',(0.,0.));
#14152 = VECTOR('',#14153,1.);
#14153 = DIRECTION('',(0.,-1.));
#14154 = ( GEOMETRIC_REPRESENTATION_CONTEXT(2) 
PARAMETRIC_REPRESENTATION_CONTEXT() REPRESENTATION_CONTEXT('2D SPACE',''
  ) );
#14155 = ORIENTED_EDGE('',*,*,#4804,.F.);
#14156 = ADVANCED_FACE('',(#14157),#4790,.T.);
#14157 = FACE_BOUND('',#14158,.T.);
#14158 = EDGE_LOOP('',(#14159,#14160,#14183,#14204));
#14159 = ORIENTED_EDGE('',*,*,#14135,.T.);
#14160 = ORIENTED_EDGE('',*,*,#14161,.T.);
#14161 = EDGE_CURVE('',#14113,#14162,#14164,.T.);
#14162 = VERTEX_POINT('',#14163);
#14163 = CARTESIAN_POINT('',(14.986806982942,-13.29980215675,0.6));
#14164 = SURFACE_CURVE('',#14165,(#14169,#14176),.PCURVE_S1.);
#14165 = B_SPLINE_CURVE_WITH_KNOTS('',2,(#14166,#14167,#14168),
  .UNSPECIFIED.,.F.,.F.,(3,3),(0.,1.),.PIECEWISE_BEZIER_KNOTS.);
#14166 = CARTESIAN_POINT('',(14.732849206163,-14.0913588636,0.6));
#14167 = CARTESIAN_POINT('',(14.884564241641,-13.66919528661,0.6));
#14168 = CARTESIAN_POINT('',(14.986806982942,-13.29980215675,0.6));
#14169 = PCURVE('',#4790,#14170);
#14170 = DEFINITIONAL_REPRESENTATION('',(#14171),#14175);
#14171 = LINE('',#14172,#14173);
#14172 = CARTESIAN_POINT('',(0.,-0.6));
#14173 = VECTOR('',#14174,1.);
#14174 = DIRECTION('',(1.,0.));
#14175 = ( GEOMETRIC_REPRESENTATION_CONTEXT(2) 
PARAMETRIC_REPRESENTATION_CONTEXT() REPRESENTATION_CONTEXT('2D SPACE',''
  ) );
#14176 = PCURVE('',#13976,#14177);
#14177 = DEFINITIONAL_REPRESENTATION('',(#14178),#14182);
#14178 = B_SPLINE_CURVE_WITH_KNOTS('',2,(#14179,#14180,#14181),
  .UNSPECIFIED.,.F.,.F.,(3,3),(0.,1.),.PIECEWISE_BEZIER_KNOTS.);
#14179 = CARTESIAN_POINT('',(-1.978891767114,1.322559331021));
#14180 = CARTESIAN_POINT('',(-2.130606802593,0.900395754037));
#14181 = CARTESIAN_POINT('',(-2.232849543893,0.531002624176));
#14182 = ( GEOMETRIC_REPRESENTATION_CONTEXT(2) 
PARAMETRIC_REPRESENTATION_CONTEXT() REPRESENTATION_CONTEXT('2D SPACE',''
  ) );
#14183 = ORIENTED_EDGE('',*,*,#14184,.F.);
#14184 = EDGE_CURVE('',#4745,#14162,#14185,.T.);
#14185 = SURFACE_CURVE('',#14186,(#14190,#14197),.PCURVE_S1.);
#14186 = LINE('',#14187,#14188);
#14187 = CARTESIAN_POINT('',(14.986806982942,-13.29980215675,0.));
#14188 = VECTOR('',#14189,1.);
#14189 = DIRECTION('',(-0.,-0.,1.));
#14190 = PCURVE('',#4790,#14191);
#14191 = DEFINITIONAL_REPRESENTATION('',(#14192),#14196);
#14192 = LINE('',#14193,#14194);
#14193 = CARTESIAN_POINT('',(1.,0.));
#14194 = VECTOR('',#14195,1.);
#14195 = DIRECTION('',(0.,-1.));
#14196 = ( GEOMETRIC_REPRESENTATION_CONTEXT(2) 
PARAMETRIC_REPRESENTATION_CONTEXT() REPRESENTATION_CONTEXT('2D SPACE',''
  ) );
#14197 = PCURVE('',#4760,#14198);
#14198 = DEFINITIONAL_REPRESENTATION('',(#14199),#14203);
#14199 = LINE('',#14200,#14201);
#14200 = CARTESIAN_POINT('',(0.,0.));
#14201 = VECTOR('',#14202,1.);
#14202 = DIRECTION('',(0.,-1.));
#14203 = ( GEOMETRIC_REPRESENTATION_CONTEXT(2) 
PARAMETRIC_REPRESENTATION_CONTEXT() REPRESENTATION_CONTEXT('2D SPACE',''
  ) );
#14204 = ORIENTED_EDGE('',*,*,#4774,.F.);
#14205 = ADVANCED_FACE('',(#14206),#4760,.T.);
#14206 = FACE_BOUND('',#14207,.T.);
#14207 = EDGE_LOOP('',(#14208,#14209,#14232,#14253));
#14208 = ORIENTED_EDGE('',*,*,#14184,.T.);
#14209 = ORIENTED_EDGE('',*,*,#14210,.T.);
#14210 = EDGE_CURVE('',#14162,#14211,#14213,.T.);
#14211 = VERTEX_POINT('',#14212);
#14212 = CARTESIAN_POINT('',(15.247361065612,-14.0913588636,0.6));
#14213 = SURFACE_CURVE('',#14214,(#14218,#14225),.PCURVE_S1.);
#14214 = B_SPLINE_CURVE_WITH_KNOTS('',2,(#14215,#14216,#14217),
  .UNSPECIFIED.,.F.,.F.,(3,3),(0.,1.),.PIECEWISE_BEZIER_KNOTS.);
#14215 = CARTESIAN_POINT('',(14.986806982942,-13.29980215675,0.6));
#14216 = CARTESIAN_POINT('',(15.098944183079,-13.69558051017,0.6));
#14217 = CARTESIAN_POINT('',(15.247361065612,-14.0913588636,0.6));
#14218 = PCURVE('',#4760,#14219);
#14219 = DEFINITIONAL_REPRESENTATION('',(#14220),#14224);
#14220 = LINE('',#14221,#14222);
#14221 = CARTESIAN_POINT('',(0.,-0.6));
#14222 = VECTOR('',#14223,1.);
#14223 = DIRECTION('',(1.,0.));
#14224 = ( GEOMETRIC_REPRESENTATION_CONTEXT(2) 
PARAMETRIC_REPRESENTATION_CONTEXT() REPRESENTATION_CONTEXT('2D SPACE',''
  ) );
#14225 = PCURVE('',#13976,#14226);
#14226 = DEFINITIONAL_REPRESENTATION('',(#14227),#14231);
#14227 = B_SPLINE_CURVE_WITH_KNOTS('',2,(#14228,#14229,#14230),
  .UNSPECIFIED.,.F.,.F.,(3,3),(0.,1.),.PIECEWISE_BEZIER_KNOTS.);
#14228 = CARTESIAN_POINT('',(-2.232849543893,0.531002624176));
#14229 = CARTESIAN_POINT('',(-2.34498674403,0.926780977598));
#14230 = CARTESIAN_POINT('',(-2.493403626563,1.322559331021));
#14231 = ( GEOMETRIC_REPRESENTATION_CONTEXT(2) 
PARAMETRIC_REPRESENTATION_CONTEXT() REPRESENTATION_CONTEXT('2D SPACE',''
  ) );
#14232 = ORIENTED_EDGE('',*,*,#14233,.F.);
#14233 = EDGE_CURVE('',#4717,#14211,#14234,.T.);
#14234 = SURFACE_CURVE('',#14235,(#14239,#14246),.PCURVE_S1.);
#14235 = LINE('',#14236,#14237);
#14236 = CARTESIAN_POINT('',(15.247361065612,-14.0913588636,0.));
#14237 = VECTOR('',#14238,1.);
#14238 = DIRECTION('',(-0.,-0.,1.));
#14239 = PCURVE('',#4760,#14240);
#14240 = DEFINITIONAL_REPRESENTATION('',(#14241),#14245);
#14241 = LINE('',#14242,#14243);
#14242 = CARTESIAN_POINT('',(1.,0.));
#14243 = VECTOR('',#14244,1.);
#14244 = DIRECTION('',(0.,-1.));
#14245 = ( GEOMETRIC_REPRESENTATION_CONTEXT(2) 
PARAMETRIC_REPRESENTATION_CONTEXT() REPRESENTATION_CONTEXT('2D SPACE',''
  ) );
#14246 = PCURVE('',#4732,#14247);
#14247 = DEFINITIONAL_REPRESENTATION('',(#14248),#14252);
#14248 = LINE('',#14249,#14250);
#14249 = CARTESIAN_POINT('',(0.,0.));
#14250 = VECTOR('',#14251,1.);
#14251 = DIRECTION('',(0.,-1.));
#14252 = ( GEOMETRIC_REPRESENTATION_CONTEXT(2) 
PARAMETRIC_REPRESENTATION_CONTEXT() REPRESENTATION_CONTEXT('2D SPACE',''
  ) );
#14253 = ORIENTED_EDGE('',*,*,#4744,.F.);
#14254 = ADVANCED_FACE('',(#14255),#4732,.T.);
#14255 = FACE_BOUND('',#14256,.T.);
#14256 = EDGE_LOOP('',(#14257,#14258,#14281,#14302));
#14257 = ORIENTED_EDGE('',*,*,#14233,.T.);
#14258 = ORIENTED_EDGE('',*,*,#14259,.T.);
#14259 = EDGE_CURVE('',#14211,#14260,#14262,.T.);
#14260 = VERTEX_POINT('',#14261);
#14261 = CARTESIAN_POINT('',(16.553429631907,-17.60389175022,0.6));
#14262 = SURFACE_CURVE('',#14263,(#14267,#14274),.PCURVE_S1.);
#14263 = LINE('',#14264,#14265);
#14264 = CARTESIAN_POINT('',(15.247361065612,-14.0913588636,0.6));
#14265 = VECTOR('',#14266,1.);
#14266 = DIRECTION('',(0.348517964317,-0.937302101005,0.));
#14267 = PCURVE('',#4732,#14268);
#14268 = DEFINITIONAL_REPRESENTATION('',(#14269),#14273);
#14269 = LINE('',#14270,#14271);
#14270 = CARTESIAN_POINT('',(0.,-0.6));
#14271 = VECTOR('',#14272,1.);
#14272 = DIRECTION('',(1.,0.));
#14273 = ( GEOMETRIC_REPRESENTATION_CONTEXT(2) 
PARAMETRIC_REPRESENTATION_CONTEXT() REPRESENTATION_CONTEXT('2D SPACE',''
  ) );
#14274 = PCURVE('',#13976,#14275);
#14275 = DEFINITIONAL_REPRESENTATION('',(#14276),#14280);
#14276 = LINE('',#14277,#14278);
#14277 = CARTESIAN_POINT('',(-2.493403626563,1.322559331021));
#14278 = VECTOR('',#14279,1.);
#14279 = DIRECTION('',(-0.348517964317,0.937302101005));
#14280 = ( GEOMETRIC_REPRESENTATION_CONTEXT(2) 
PARAMETRIC_REPRESENTATION_CONTEXT() REPRESENTATION_CONTEXT('2D SPACE',''
  ) );
#14281 = ORIENTED_EDGE('',*,*,#14282,.F.);
#14282 = EDGE_CURVE('',#4689,#14260,#14283,.T.);
#14283 = SURFACE_CURVE('',#14284,(#14288,#14295),.PCURVE_S1.);
#14284 = LINE('',#14285,#14286);
#14285 = CARTESIAN_POINT('',(16.553429631907,-17.60389175022,0.));
#14286 = VECTOR('',#14287,1.);
#14287 = DIRECTION('',(-0.,-0.,1.));
#14288 = PCURVE('',#4732,#14289);
#14289 = DEFINITIONAL_REPRESENTATION('',(#14290),#14294);
#14290 = LINE('',#14291,#14292);
#14291 = CARTESIAN_POINT('',(3.747492812468,0.));
#14292 = VECTOR('',#14293,1.);
#14293 = DIRECTION('',(0.,-1.));
#14294 = ( GEOMETRIC_REPRESENTATION_CONTEXT(2) 
PARAMETRIC_REPRESENTATION_CONTEXT() REPRESENTATION_CONTEXT('2D SPACE',''
  ) );
#14295 = PCURVE('',#4704,#14296);
#14296 = DEFINITIONAL_REPRESENTATION('',(#14297),#14301);
#14297 = LINE('',#14298,#14299);
#14298 = CARTESIAN_POINT('',(0.,0.));
#14299 = VECTOR('',#14300,1.);
#14300 = DIRECTION('',(0.,-1.));
#14301 = ( GEOMETRIC_REPRESENTATION_CONTEXT(2) 
PARAMETRIC_REPRESENTATION_CONTEXT() REPRESENTATION_CONTEXT('2D SPACE',''
  ) );
#14302 = ORIENTED_EDGE('',*,*,#4716,.F.);
#14303 = ADVANCED_FACE('',(#14304),#4704,.T.);
#14304 = FACE_BOUND('',#14305,.T.);
#14305 = EDGE_LOOP('',(#14306,#14307,#14330,#14351));
#14306 = ORIENTED_EDGE('',*,*,#14282,.T.);
#14307 = ORIENTED_EDGE('',*,*,#14308,.T.);
#14308 = EDGE_CURVE('',#14260,#14309,#14311,.T.);
#14309 = VERTEX_POINT('',#14310);
#14310 = CARTESIAN_POINT('',(17.206463915055,-17.60389175022,0.6));
#14311 = SURFACE_CURVE('',#14312,(#14316,#14323),.PCURVE_S1.);
#14312 = LINE('',#14313,#14314);
#14313 = CARTESIAN_POINT('',(16.553429631907,-17.60389175022,0.6));
#14314 = VECTOR('',#14315,1.);
#14315 = DIRECTION('',(1.,0.,0.));
#14316 = PCURVE('',#4704,#14317);
#14317 = DEFINITIONAL_REPRESENTATION('',(#14318),#14322);
#14318 = LINE('',#14319,#14320);
#14319 = CARTESIAN_POINT('',(0.,-0.6));
#14320 = VECTOR('',#14321,1.);
#14321 = DIRECTION('',(1.,0.));
#14322 = ( GEOMETRIC_REPRESENTATION_CONTEXT(2) 
PARAMETRIC_REPRESENTATION_CONTEXT() REPRESENTATION_CONTEXT('2D SPACE',''
  ) );
#14323 = PCURVE('',#13976,#14324);
#14324 = DEFINITIONAL_REPRESENTATION('',(#14325),#14329);
#14325 = LINE('',#14326,#14327);
#14326 = CARTESIAN_POINT('',(-3.799472192859,4.835092217648));
#14327 = VECTOR('',#14328,1.);
#14328 = DIRECTION('',(-1.,0.));
#14329 = ( GEOMETRIC_REPRESENTATION_CONTEXT(2) 
PARAMETRIC_REPRESENTATION_CONTEXT() REPRESENTATION_CONTEXT('2D SPACE',''
  ) );
#14330 = ORIENTED_EDGE('',*,*,#14331,.F.);
#14331 = EDGE_CURVE('',#4661,#14309,#14332,.T.);
#14332 = SURFACE_CURVE('',#14333,(#14337,#14344),.PCURVE_S1.);
#14333 = LINE('',#14334,#14335);
#14334 = CARTESIAN_POINT('',(17.206463915055,-17.60389175022,0.));
#14335 = VECTOR('',#14336,1.);
#14336 = DIRECTION('',(-0.,-0.,1.));
#14337 = PCURVE('',#4704,#14338);
#14338 = DEFINITIONAL_REPRESENTATION('',(#14339),#14343);
#14339 = LINE('',#14340,#14341);
#14340 = CARTESIAN_POINT('',(0.653034283148,0.));
#14341 = VECTOR('',#14342,1.);
#14342 = DIRECTION('',(0.,-1.));
#14343 = ( GEOMETRIC_REPRESENTATION_CONTEXT(2) 
PARAMETRIC_REPRESENTATION_CONTEXT() REPRESENTATION_CONTEXT('2D SPACE',''
  ) );
#14344 = PCURVE('',#4676,#14345);
#14345 = DEFINITIONAL_REPRESENTATION('',(#14346),#14350);
#14346 = LINE('',#14347,#14348);
#14347 = CARTESIAN_POINT('',(0.,0.));
#14348 = VECTOR('',#14349,1.);
#14349 = DIRECTION('',(0.,-1.));
#14350 = ( GEOMETRIC_REPRESENTATION_CONTEXT(2) 
PARAMETRIC_REPRESENTATION_CONTEXT() REPRESENTATION_CONTEXT('2D SPACE',''
  ) );
#14351 = ORIENTED_EDGE('',*,*,#4688,.F.);
#14352 = ADVANCED_FACE('',(#14353),#4676,.T.);
#14353 = FACE_BOUND('',#14354,.T.);
#14354 = EDGE_LOOP('',(#14355,#14356,#14377,#14378));
#14355 = ORIENTED_EDGE('',*,*,#14331,.T.);
#14356 = ORIENTED_EDGE('',*,*,#14357,.T.);
#14357 = EDGE_CURVE('',#14309,#13938,#14358,.T.);
#14358 = SURFACE_CURVE('',#14359,(#14363,#14370),.PCURVE_S1.);
#14359 = LINE('',#14360,#14361);
#14360 = CARTESIAN_POINT('',(17.206463915055,-17.60389175022,0.6));
#14361 = VECTOR('',#14362,1.);
#14362 = DIRECTION('',(-0.364590934893,0.931167788421,0.));
#14363 = PCURVE('',#4676,#14364);
#14364 = DEFINITIONAL_REPRESENTATION('',(#14365),#14369);
#14365 = LINE('',#14366,#14367);
#14366 = CARTESIAN_POINT('',(0.,-0.6));
#14367 = VECTOR('',#14368,1.);
#14368 = DIRECTION('',(1.,0.));
#14369 = ( GEOMETRIC_REPRESENTATION_CONTEXT(2) 
PARAMETRIC_REPRESENTATION_CONTEXT() REPRESENTATION_CONTEXT('2D SPACE',''
  ) );
#14370 = PCURVE('',#13976,#14371);
#14371 = DEFINITIONAL_REPRESENTATION('',(#14372),#14376);
#14372 = LINE('',#14373,#14374);
#14373 = CARTESIAN_POINT('',(-4.452506476006,4.835092217648));
#14374 = VECTOR('',#14375,1.);
#14375 = DIRECTION('',(0.364590934893,-0.931167788421));
#14376 = ( GEOMETRIC_REPRESENTATION_CONTEXT(2) 
PARAMETRIC_REPRESENTATION_CONTEXT() REPRESENTATION_CONTEXT('2D SPACE',''
  ) );
#14377 = ORIENTED_EDGE('',*,*,#13937,.F.);
#14378 = ORIENTED_EDGE('',*,*,#4660,.F.);
#14379 = ADVANCED_FACE('',(#14380),#4906,.T.);
#14380 = FACE_BOUND('',#14381,.T.);
#14381 = EDGE_LOOP('',(#14382,#14405,#14433,#14454));
#14382 = ORIENTED_EDGE('',*,*,#14383,.T.);
#14383 = EDGE_CURVE('',#4889,#14384,#14386,.T.);
#14384 = VERTEX_POINT('',#14385);
#14385 = CARTESIAN_POINT('',(18.288258081077,-13.33937999209,0.6));
#14386 = SURFACE_CURVE('',#14387,(#14391,#14398),.PCURVE_S1.);
#14387 = LINE('',#14388,#14389);
#14388 = CARTESIAN_POINT('',(18.288258081077,-13.33937999209,0.));
#14389 = VECTOR('',#14390,1.);
#14390 = DIRECTION('',(-0.,-0.,1.));
#14391 = PCURVE('',#4906,#14392);
#14392 = DEFINITIONAL_REPRESENTATION('',(#14393),#14397);
#14393 = LINE('',#14394,#14395);
#14394 = CARTESIAN_POINT('',(0.,0.));
#14395 = VECTOR('',#14396,1.);
#14396 = DIRECTION('',(0.,-1.));
#14397 = ( GEOMETRIC_REPRESENTATION_CONTEXT(2) 
PARAMETRIC_REPRESENTATION_CONTEXT() REPRESENTATION_CONTEXT('2D SPACE',''
  ) );
#14398 = PCURVE('',#4934,#14399);
#14399 = DEFINITIONAL_REPRESENTATION('',(#14400),#14404);
#14400 = LINE('',#14401,#14402);
#14401 = CARTESIAN_POINT('',(1.,0.));
#14402 = VECTOR('',#14403,1.);
#14403 = DIRECTION('',(0.,-1.));
#14404 = ( GEOMETRIC_REPRESENTATION_CONTEXT(2) 
PARAMETRIC_REPRESENTATION_CONTEXT() REPRESENTATION_CONTEXT('2D SPACE',''
  ) );
#14405 = ORIENTED_EDGE('',*,*,#14406,.T.);
#14406 = EDGE_CURVE('',#14384,#14407,#14409,.T.);
#14407 = VERTEX_POINT('',#14408);
#14408 = CARTESIAN_POINT('',(20.659630048669,-13.33937999209,0.6));
#14409 = SURFACE_CURVE('',#14410,(#14414,#14421),.PCURVE_S1.);
#14410 = LINE('',#14411,#14412);
#14411 = CARTESIAN_POINT('',(18.288258081077,-13.33937999209,0.6));
#14412 = VECTOR('',#14413,1.);
#14413 = DIRECTION('',(1.,0.,0.));
#14414 = PCURVE('',#4906,#14415);
#14415 = DEFINITIONAL_REPRESENTATION('',(#14416),#14420);
#14416 = LINE('',#14417,#14418);
#14417 = CARTESIAN_POINT('',(0.,-0.6));
#14418 = VECTOR('',#14419,1.);
#14419 = DIRECTION('',(1.,0.));
#14420 = ( GEOMETRIC_REPRESENTATION_CONTEXT(2) 
PARAMETRIC_REPRESENTATION_CONTEXT() REPRESENTATION_CONTEXT('2D SPACE',''
  ) );
#14421 = PCURVE('',#14422,#14427);
#14422 = PLANE('',#14423);
#14423 = AXIS2_PLACEMENT_3D('',#14424,#14425,#14426);
#14424 = CARTESIAN_POINT('',(17.259234362178,-12.76879953257,0.6));
#14425 = DIRECTION('',(0.,0.,1.));
#14426 = DIRECTION('',(-1.,0.,0.));
#14427 = DEFINITIONAL_REPRESENTATION('',(#14428),#14432);
#14428 = LINE('',#14429,#14430);
#14429 = CARTESIAN_POINT('',(-1.029023718899,0.570580459518));
#14430 = VECTOR('',#14431,1.);
#14431 = DIRECTION('',(-1.,0.));
#14432 = ( GEOMETRIC_REPRESENTATION_CONTEXT(2) 
PARAMETRIC_REPRESENTATION_CONTEXT() REPRESENTATION_CONTEXT('2D SPACE',''
  ) );
#14433 = ORIENTED_EDGE('',*,*,#14434,.F.);
#14434 = EDGE_CURVE('',#4891,#14407,#14435,.T.);
#14435 = SURFACE_CURVE('',#14436,(#14440,#14447),.PCURVE_S1.);
#14436 = LINE('',#14437,#14438);
#14437 = CARTESIAN_POINT('',(20.659630048669,-13.33937999209,0.));
#14438 = VECTOR('',#14439,1.);
#14439 = DIRECTION('',(-0.,-0.,1.));
#14440 = PCURVE('',#4906,#14441);
#14441 = DEFINITIONAL_REPRESENTATION('',(#14442),#14446);
#14442 = LINE('',#14443,#14444);
#14443 = CARTESIAN_POINT('',(2.371371967591,0.));
#14444 = VECTOR('',#14445,1.);
#14445 = DIRECTION('',(0.,-1.));
#14446 = ( GEOMETRIC_REPRESENTATION_CONTEXT(2) 
PARAMETRIC_REPRESENTATION_CONTEXT() REPRESENTATION_CONTEXT('2D SPACE',''
  ) );
#14447 = PCURVE('',#5528,#14448);
#14448 = DEFINITIONAL_REPRESENTATION('',(#14449),#14453);
#14449 = LINE('',#14450,#14451);
#14450 = CARTESIAN_POINT('',(0.,0.));
#14451 = VECTOR('',#14452,1.);
#14452 = DIRECTION('',(0.,-1.));
#14453 = ( GEOMETRIC_REPRESENTATION_CONTEXT(2) 
PARAMETRIC_REPRESENTATION_CONTEXT() REPRESENTATION_CONTEXT('2D SPACE',''
  ) );
#14454 = ORIENTED_EDGE('',*,*,#4888,.F.);
#14455 = ADVANCED_FACE('',(#14456),#5528,.T.);
#14456 = FACE_BOUND('',#14457,.T.);
#14457 = EDGE_LOOP('',(#14458,#14459,#14482,#14503));
#14458 = ORIENTED_EDGE('',*,*,#14434,.T.);
#14459 = ORIENTED_EDGE('',*,*,#14460,.T.);
#14460 = EDGE_CURVE('',#14407,#14461,#14463,.T.);
#14461 = VERTEX_POINT('',#14462);
#14462 = CARTESIAN_POINT('',(20.659630048669,-12.76879953257,0.6));
#14463 = SURFACE_CURVE('',#14464,(#14468,#14475),.PCURVE_S1.);
#14464 = LINE('',#14465,#14466);
#14465 = CARTESIAN_POINT('',(20.659630048669,-13.33937999209,0.6));
#14466 = VECTOR('',#14467,1.);
#14467 = DIRECTION('',(0.,1.,0.));
#14468 = PCURVE('',#5528,#14469);
#14469 = DEFINITIONAL_REPRESENTATION('',(#14470),#14474);
#14470 = LINE('',#14471,#14472);
#14471 = CARTESIAN_POINT('',(0.,-0.6));
#14472 = VECTOR('',#14473,1.);
#14473 = DIRECTION('',(1.,0.));
#14474 = ( GEOMETRIC_REPRESENTATION_CONTEXT(2) 
PARAMETRIC_REPRESENTATION_CONTEXT() REPRESENTATION_CONTEXT('2D SPACE',''
  ) );
#14475 = PCURVE('',#14422,#14476);
#14476 = DEFINITIONAL_REPRESENTATION('',(#14477),#14481);
#14477 = LINE('',#14478,#14479);
#14478 = CARTESIAN_POINT('',(-3.400395686491,0.570580459518));
#14479 = VECTOR('',#14480,1.);
#14480 = DIRECTION('',(-0.,-1.));
#14481 = ( GEOMETRIC_REPRESENTATION_CONTEXT(2) 
PARAMETRIC_REPRESENTATION_CONTEXT() REPRESENTATION_CONTEXT('2D SPACE',''
  ) );
#14482 = ORIENTED_EDGE('',*,*,#14483,.F.);
#14483 = EDGE_CURVE('',#5487,#14461,#14484,.T.);
#14484 = SURFACE_CURVE('',#14485,(#14489,#14496),.PCURVE_S1.);
#14485 = LINE('',#14486,#14487);
#14486 = CARTESIAN_POINT('',(20.659630048669,-12.76879953257,0.));
#14487 = VECTOR('',#14488,1.);
#14488 = DIRECTION('',(-0.,-0.,1.));
#14489 = PCURVE('',#5528,#14490);
#14490 = DEFINITIONAL_REPRESENTATION('',(#14491),#14495);
#14491 = LINE('',#14492,#14493);
#14492 = CARTESIAN_POINT('',(0.570580459518,0.));
#14493 = VECTOR('',#14494,1.);
#14494 = DIRECTION('',(0.,-1.));
#14495 = ( GEOMETRIC_REPRESENTATION_CONTEXT(2) 
PARAMETRIC_REPRESENTATION_CONTEXT() REPRESENTATION_CONTEXT('2D SPACE',''
  ) );
#14496 = PCURVE('',#5502,#14497);
#14497 = DEFINITIONAL_REPRESENTATION('',(#14498),#14502);
#14498 = LINE('',#14499,#14500);
#14499 = CARTESIAN_POINT('',(0.,0.));
#14500 = VECTOR('',#14501,1.);
#14501 = DIRECTION('',(0.,-1.));
#14502 = ( GEOMETRIC_REPRESENTATION_CONTEXT(2) 
PARAMETRIC_REPRESENTATION_CONTEXT() REPRESENTATION_CONTEXT('2D SPACE',''
  ) );
#14503 = ORIENTED_EDGE('',*,*,#5514,.F.);
#14504 = ADVANCED_FACE('',(#14505),#5502,.T.);
#14505 = FACE_BOUND('',#14506,.T.);
#14506 = EDGE_LOOP('',(#14507,#14508,#14531,#14552));
#14507 = ORIENTED_EDGE('',*,*,#14483,.T.);
#14508 = ORIENTED_EDGE('',*,*,#14509,.T.);
#14509 = EDGE_CURVE('',#14461,#14510,#14512,.T.);
#14510 = VERTEX_POINT('',#14511);
#14511 = CARTESIAN_POINT('',(17.46371984478,-12.76879953257,0.6));
#14512 = SURFACE_CURVE('',#14513,(#14517,#14524),.PCURVE_S1.);
#14513 = LINE('',#14514,#14515);
#14514 = CARTESIAN_POINT('',(20.659630048669,-12.76879953257,0.6));
#14515 = VECTOR('',#14516,1.);
#14516 = DIRECTION('',(-1.,-0.,-0.));
#14517 = PCURVE('',#5502,#14518);
#14518 = DEFINITIONAL_REPRESENTATION('',(#14519),#14523);
#14519 = LINE('',#14520,#14521);
#14520 = CARTESIAN_POINT('',(0.,-0.6));
#14521 = VECTOR('',#14522,1.);
#14522 = DIRECTION('',(1.,0.));
#14523 = ( GEOMETRIC_REPRESENTATION_CONTEXT(2) 
PARAMETRIC_REPRESENTATION_CONTEXT() REPRESENTATION_CONTEXT('2D SPACE',''
  ) );
#14524 = PCURVE('',#14422,#14525);
#14525 = DEFINITIONAL_REPRESENTATION('',(#14526),#14530);
#14526 = LINE('',#14527,#14528);
#14527 = CARTESIAN_POINT('',(-3.400395686491,-0.));
#14528 = VECTOR('',#14529,1.);
#14529 = DIRECTION('',(1.,-0.));
#14530 = ( GEOMETRIC_REPRESENTATION_CONTEXT(2) 
PARAMETRIC_REPRESENTATION_CONTEXT() REPRESENTATION_CONTEXT('2D SPACE',''
  ) );
#14531 = ORIENTED_EDGE('',*,*,#14532,.F.);
#14532 = EDGE_CURVE('',#5457,#14510,#14533,.T.);
#14533 = SURFACE_CURVE('',#14534,(#14538,#14545),.PCURVE_S1.);
#14534 = LINE('',#14535,#14536);
#14535 = CARTESIAN_POINT('',(17.46371984478,-12.76879953257,0.));
#14536 = VECTOR('',#14537,1.);
#14537 = DIRECTION('',(-0.,-0.,1.));
#14538 = PCURVE('',#5502,#14539);
#14539 = DEFINITIONAL_REPRESENTATION('',(#14540),#14544);
#14540 = LINE('',#14541,#14542);
#14541 = CARTESIAN_POINT('',(3.195910203889,-0.));
#14542 = VECTOR('',#14543,1.);
#14543 = DIRECTION('',(0.,-1.));
#14544 = ( GEOMETRIC_REPRESENTATION_CONTEXT(2) 
PARAMETRIC_REPRESENTATION_CONTEXT() REPRESENTATION_CONTEXT('2D SPACE',''
  ) );
#14545 = PCURVE('',#5472,#14546);
#14546 = DEFINITIONAL_REPRESENTATION('',(#14547),#14551);
#14547 = LINE('',#14548,#14549);
#14548 = CARTESIAN_POINT('',(0.,0.));
#14549 = VECTOR('',#14550,1.);
#14550 = DIRECTION('',(0.,-1.));
#14551 = ( GEOMETRIC_REPRESENTATION_CONTEXT(2) 
PARAMETRIC_REPRESENTATION_CONTEXT() REPRESENTATION_CONTEXT('2D SPACE',''
  ) );
#14552 = ORIENTED_EDGE('',*,*,#5486,.F.);
#14553 = ADVANCED_FACE('',(#14554),#5472,.T.);
#14554 = FACE_BOUND('',#14555,.T.);
#14555 = EDGE_LOOP('',(#14556,#14557,#14580,#14601));
#14556 = ORIENTED_EDGE('',*,*,#14532,.T.);
#14557 = ORIENTED_EDGE('',*,*,#14558,.T.);
#14558 = EDGE_CURVE('',#14510,#14559,#14561,.T.);
#14559 = VERTEX_POINT('',#14560);
#14560 = CARTESIAN_POINT('',(17.532981056629,-13.18106865072,0.6));
#14561 = SURFACE_CURVE('',#14562,(#14566,#14573),.PCURVE_S1.);
#14562 = B_SPLINE_CURVE_WITH_KNOTS('',2,(#14563,#14564,#14565),
  .UNSPECIFIED.,.F.,.F.,(3,3),(0.,1.),.PIECEWISE_BEZIER_KNOTS.);
#14563 = CARTESIAN_POINT('',(17.46371984478,-12.76879953257,0.6));
#14564 = CARTESIAN_POINT('',(17.457123538889,-12.98317947401,0.6));
#14565 = CARTESIAN_POINT('',(17.532981056629,-13.18106865072,0.6));
#14566 = PCURVE('',#5472,#14567);
#14567 = DEFINITIONAL_REPRESENTATION('',(#14568),#14572);
#14568 = LINE('',#14569,#14570);
#14569 = CARTESIAN_POINT('',(0.,-0.6));
#14570 = VECTOR('',#14571,1.);
#14571 = DIRECTION('',(1.,0.));
#14572 = ( GEOMETRIC_REPRESENTATION_CONTEXT(2) 
PARAMETRIC_REPRESENTATION_CONTEXT() REPRESENTATION_CONTEXT('2D SPACE',''
  ) );
#14573 = PCURVE('',#14422,#14574);
#14574 = DEFINITIONAL_REPRESENTATION('',(#14575),#14579);
#14575 = B_SPLINE_CURVE_WITH_KNOTS('',2,(#14576,#14577,#14578),
  .UNSPECIFIED.,.F.,.F.,(3,3),(0.,1.),.PIECEWISE_BEZIER_KNOTS.);
#14576 = CARTESIAN_POINT('',(-0.204485482602,0.));
#14577 = CARTESIAN_POINT('',(-0.197889176711,0.214379941437));
#14578 = CARTESIAN_POINT('',(-0.273746694451,0.412269118149));
#14579 = ( GEOMETRIC_REPRESENTATION_CONTEXT(2) 
PARAMETRIC_REPRESENTATION_CONTEXT() REPRESENTATION_CONTEXT('2D SPACE',''
  ) );
#14580 = ORIENTED_EDGE('',*,*,#14581,.F.);
#14581 = EDGE_CURVE('',#5427,#14559,#14582,.T.);
#14582 = SURFACE_CURVE('',#14583,(#14587,#14594),.PCURVE_S1.);
#14583 = LINE('',#14584,#14585);
#14584 = CARTESIAN_POINT('',(17.532981056629,-13.18106865072,0.));
#14585 = VECTOR('',#14586,1.);
#14586 = DIRECTION('',(-0.,-0.,1.));
#14587 = PCURVE('',#5472,#14588);
#14588 = DEFINITIONAL_REPRESENTATION('',(#14589),#14593);
#14589 = LINE('',#14590,#14591);
#14590 = CARTESIAN_POINT('',(1.,0.));
#14591 = VECTOR('',#14592,1.);
#14592 = DIRECTION('',(0.,-1.));
#14593 = ( GEOMETRIC_REPRESENTATION_CONTEXT(2) 
PARAMETRIC_REPRESENTATION_CONTEXT() REPRESENTATION_CONTEXT('2D SPACE',''
  ) );
#14594 = PCURVE('',#5442,#14595);
#14595 = DEFINITIONAL_REPRESENTATION('',(#14596),#14600);
#14596 = LINE('',#14597,#14598);
#14597 = CARTESIAN_POINT('',(0.,0.));
#14598 = VECTOR('',#14599,1.);
#14599 = DIRECTION('',(0.,-1.));
#14600 = ( GEOMETRIC_REPRESENTATION_CONTEXT(2) 
PARAMETRIC_REPRESENTATION_CONTEXT() REPRESENTATION_CONTEXT('2D SPACE',''
  ) );
#14601 = ORIENTED_EDGE('',*,*,#5456,.F.);
#14602 = ADVANCED_FACE('',(#14603),#5442,.T.);
#14603 = FACE_BOUND('',#14604,.T.);
#14604 = EDGE_LOOP('',(#14605,#14606,#14629,#14650));
#14605 = ORIENTED_EDGE('',*,*,#14581,.T.);
#14606 = ORIENTED_EDGE('',*,*,#14607,.T.);
#14607 = EDGE_CURVE('',#14559,#14608,#14610,.T.);
#14608 = VERTEX_POINT('',#14609);
#14609 = CARTESIAN_POINT('',(17.923812180634,-13.82420847504,0.6));
#14610 = SURFACE_CURVE('',#14611,(#14615,#14622),.PCURVE_S1.);
#14611 = B_SPLINE_CURVE_WITH_KNOTS('',2,(#14612,#14613,#14614),
  .UNSPECIFIED.,.F.,.F.,(3,3),(0.,1.),.PIECEWISE_BEZIER_KNOTS.);
#14612 = CARTESIAN_POINT('',(17.532981056629,-13.18106865072,0.6));
#14613 = CARTESIAN_POINT('',(17.655012715601,-13.5075857923,0.6));
#14614 = CARTESIAN_POINT('',(17.923812180634,-13.82420847504,0.6));
#14615 = PCURVE('',#5442,#14616);
#14616 = DEFINITIONAL_REPRESENTATION('',(#14617),#14621);
#14617 = LINE('',#14618,#14619);
#14618 = CARTESIAN_POINT('',(0.,-0.6));
#14619 = VECTOR('',#14620,1.);
#14620 = DIRECTION('',(1.,0.));
#14621 = ( GEOMETRIC_REPRESENTATION_CONTEXT(2) 
PARAMETRIC_REPRESENTATION_CONTEXT() REPRESENTATION_CONTEXT('2D SPACE',''
  ) );
#14622 = PCURVE('',#14422,#14623);
#14623 = DEFINITIONAL_REPRESENTATION('',(#14624),#14628);
#14624 = B_SPLINE_CURVE_WITH_KNOTS('',2,(#14625,#14626,#14627),
  .UNSPECIFIED.,.F.,.F.,(3,3),(0.,1.),.PIECEWISE_BEZIER_KNOTS.);
#14625 = CARTESIAN_POINT('',(-0.273746694451,0.412269118149));
#14626 = CARTESIAN_POINT('',(-0.395778353423,0.738786259723));
#14627 = CARTESIAN_POINT('',(-0.664577818456,1.055408942461));
#14628 = ( GEOMETRIC_REPRESENTATION_CONTEXT(2) 
PARAMETRIC_REPRESENTATION_CONTEXT() REPRESENTATION_CONTEXT('2D SPACE',''
  ) );
#14629 = ORIENTED_EDGE('',*,*,#14630,.F.);
#14630 = EDGE_CURVE('',#5397,#14608,#14631,.T.);
#14631 = SURFACE_CURVE('',#14632,(#14636,#14643),.PCURVE_S1.);
#14632 = LINE('',#14633,#14634);
#14633 = CARTESIAN_POINT('',(17.923812180634,-13.82420847504,0.));
#14634 = VECTOR('',#14635,1.);
#14635 = DIRECTION('',(-0.,-0.,1.));
#14636 = PCURVE('',#5442,#14637);
#14637 = DEFINITIONAL_REPRESENTATION('',(#14638),#14642);
#14638 = LINE('',#14639,#14640);
#14639 = CARTESIAN_POINT('',(1.,0.));
#14640 = VECTOR('',#14641,1.);
#14641 = DIRECTION('',(0.,-1.));
#14642 = ( GEOMETRIC_REPRESENTATION_CONTEXT(2) 
PARAMETRIC_REPRESENTATION_CONTEXT() REPRESENTATION_CONTEXT('2D SPACE',''
  ) );
#14643 = PCURVE('',#5412,#14644);
#14644 = DEFINITIONAL_REPRESENTATION('',(#14645),#14649);
#14645 = LINE('',#14646,#14647);
#14646 = CARTESIAN_POINT('',(0.,0.));
#14647 = VECTOR('',#14648,1.);
#14648 = DIRECTION('',(0.,-1.));
#14649 = ( GEOMETRIC_REPRESENTATION_CONTEXT(2) 
PARAMETRIC_REPRESENTATION_CONTEXT() REPRESENTATION_CONTEXT('2D SPACE',''
  ) );
#14650 = ORIENTED_EDGE('',*,*,#5426,.F.);
#14651 = ADVANCED_FACE('',(#14652),#5412,.T.);
#14652 = FACE_BOUND('',#14653,.T.);
#14653 = EDGE_LOOP('',(#14654,#14655,#14678,#14699));
#14654 = ORIENTED_EDGE('',*,*,#14630,.T.);
#14655 = ORIENTED_EDGE('',*,*,#14656,.T.);
#14656 = EDGE_CURVE('',#14608,#14657,#14659,.T.);
#14657 = VERTEX_POINT('',#14658);
#14658 = CARTESIAN_POINT('',(18.700527199226,-14.55639842887,0.6));
#14659 = SURFACE_CURVE('',#14660,(#14664,#14671),.PCURVE_S1.);
#14660 = B_SPLINE_CURVE_WITH_KNOTS('',2,(#14661,#14662,#14663),
  .UNSPECIFIED.,.F.,.F.,(3,3),(0.,1.),.PIECEWISE_BEZIER_KNOTS.);
#14661 = CARTESIAN_POINT('',(17.923812180634,-13.82420847504,0.6));
#14662 = CARTESIAN_POINT('',(18.192611645667,-14.14083115777,0.6));
#14663 = CARTESIAN_POINT('',(18.700527199226,-14.55639842887,0.6));
#14664 = PCURVE('',#5412,#14665);
#14665 = DEFINITIONAL_REPRESENTATION('',(#14666),#14670);
#14666 = LINE('',#14667,#14668);
#14667 = CARTESIAN_POINT('',(0.,-0.6));
#14668 = VECTOR('',#14669,1.);
#14669 = DIRECTION('',(1.,0.));
#14670 = ( GEOMETRIC_REPRESENTATION_CONTEXT(2) 
PARAMETRIC_REPRESENTATION_CONTEXT() REPRESENTATION_CONTEXT('2D SPACE',''
  ) );
#14671 = PCURVE('',#14422,#14672);
#14672 = DEFINITIONAL_REPRESENTATION('',(#14673),#14677);
#14673 = B_SPLINE_CURVE_WITH_KNOTS('',2,(#14674,#14675,#14676),
  .UNSPECIFIED.,.F.,.F.,(3,3),(0.,1.),.PIECEWISE_BEZIER_KNOTS.);
#14674 = CARTESIAN_POINT('',(-0.664577818456,1.055408942461));
#14675 = CARTESIAN_POINT('',(-0.933377283489,1.372031625199));
#14676 = CARTESIAN_POINT('',(-1.441292837048,1.787598896293));
#14677 = ( GEOMETRIC_REPRESENTATION_CONTEXT(2) 
PARAMETRIC_REPRESENTATION_CONTEXT() REPRESENTATION_CONTEXT('2D SPACE',''
  ) );
#14678 = ORIENTED_EDGE('',*,*,#14679,.F.);
#14679 = EDGE_CURVE('',#5367,#14657,#14680,.T.);
#14680 = SURFACE_CURVE('',#14681,(#14685,#14692),.PCURVE_S1.);
#14681 = LINE('',#14682,#14683);
#14682 = CARTESIAN_POINT('',(18.700527199226,-14.55639842887,0.));
#14683 = VECTOR('',#14684,1.);
#14684 = DIRECTION('',(-0.,-0.,1.));
#14685 = PCURVE('',#5412,#14686);
#14686 = DEFINITIONAL_REPRESENTATION('',(#14687),#14691);
#14687 = LINE('',#14688,#14689);
#14688 = CARTESIAN_POINT('',(1.,0.));
#14689 = VECTOR('',#14690,1.);
#14690 = DIRECTION('',(0.,-1.));
#14691 = ( GEOMETRIC_REPRESENTATION_CONTEXT(2) 
PARAMETRIC_REPRESENTATION_CONTEXT() REPRESENTATION_CONTEXT('2D SPACE',''
  ) );
#14692 = PCURVE('',#5382,#14693);
#14693 = DEFINITIONAL_REPRESENTATION('',(#14694),#14698);
#14694 = LINE('',#14695,#14696);
#14695 = CARTESIAN_POINT('',(0.,0.));
#14696 = VECTOR('',#14697,1.);
#14697 = DIRECTION('',(0.,-1.));
#14698 = ( GEOMETRIC_REPRESENTATION_CONTEXT(2) 
PARAMETRIC_REPRESENTATION_CONTEXT() REPRESENTATION_CONTEXT('2D SPACE',''
  ) );
#14699 = ORIENTED_EDGE('',*,*,#5396,.F.);
#14700 = ADVANCED_FACE('',(#14701),#5382,.T.);
#14701 = FACE_BOUND('',#14702,.T.);
#14702 = EDGE_LOOP('',(#14703,#14704,#14727,#14748));
#14703 = ORIENTED_EDGE('',*,*,#14679,.T.);
#14704 = ORIENTED_EDGE('',*,*,#14705,.T.);
#14705 = EDGE_CURVE('',#14657,#14706,#14708,.T.);
#14706 = VERTEX_POINT('',#14707);
#14707 = CARTESIAN_POINT('',(19.765830600522,-15.58047491835,0.6));
#14708 = SURFACE_CURVE('',#14709,(#14713,#14720),.PCURVE_S1.);
#14709 = B_SPLINE_CURVE_WITH_KNOTS('',2,(#14710,#14711,#14712),
  .UNSPECIFIED.,.F.,.F.,(3,3),(0.,1.),.PIECEWISE_BEZIER_KNOTS.);
#14710 = CARTESIAN_POINT('',(18.700527199226,-14.55639842887,0.6));
#14711 = CARTESIAN_POINT('',(19.488785753126,-15.20283640612,0.6));
#14712 = CARTESIAN_POINT('',(19.765830600522,-15.58047491835,0.6));
#14713 = PCURVE('',#5382,#14714);
#14714 = DEFINITIONAL_REPRESENTATION('',(#14715),#14719);
#14715 = LINE('',#14716,#14717);
#14716 = CARTESIAN_POINT('',(0.,-0.6));
#14717 = VECTOR('',#14718,1.);
#14718 = DIRECTION('',(1.,0.));
#14719 = ( GEOMETRIC_REPRESENTATION_CONTEXT(2) 
PARAMETRIC_REPRESENTATION_CONTEXT() REPRESENTATION_CONTEXT('2D SPACE',''
  ) );
#14720 = PCURVE('',#14422,#14721);
#14721 = DEFINITIONAL_REPRESENTATION('',(#14722),#14726);
#14722 = B_SPLINE_CURVE_WITH_KNOTS('',2,(#14723,#14724,#14725),
  .UNSPECIFIED.,.F.,.F.,(3,3),(0.,1.),.PIECEWISE_BEZIER_KNOTS.);
#14723 = CARTESIAN_POINT('',(-1.441292837048,1.787598896293));
#14724 = CARTESIAN_POINT('',(-2.229551390948,2.43403687355));
#14725 = CARTESIAN_POINT('',(-2.506596238344,2.811675385774));
#14726 = ( GEOMETRIC_REPRESENTATION_CONTEXT(2) 
PARAMETRIC_REPRESENTATION_CONTEXT() REPRESENTATION_CONTEXT('2D SPACE',''
  ) );
#14727 = ORIENTED_EDGE('',*,*,#14728,.F.);
#14728 = EDGE_CURVE('',#5337,#14706,#14729,.T.);
#14729 = SURFACE_CURVE('',#14730,(#14734,#14741),.PCURVE_S1.);
#14730 = LINE('',#14731,#14732);
#14731 = CARTESIAN_POINT('',(19.765830600522,-15.58047491835,0.));
#14732 = VECTOR('',#14733,1.);
#14733 = DIRECTION('',(-0.,-0.,1.));
#14734 = PCURVE('',#5382,#14735);
#14735 = DEFINITIONAL_REPRESENTATION('',(#14736),#14740);
#14736 = LINE('',#14737,#14738);
#14737 = CARTESIAN_POINT('',(1.,0.));
#14738 = VECTOR('',#14739,1.);
#14739 = DIRECTION('',(0.,-1.));
#14740 = ( GEOMETRIC_REPRESENTATION_CONTEXT(2) 
PARAMETRIC_REPRESENTATION_CONTEXT() REPRESENTATION_CONTEXT('2D SPACE',''
  ) );
#14741 = PCURVE('',#5352,#14742);
#14742 = DEFINITIONAL_REPRESENTATION('',(#14743),#14747);
#14743 = LINE('',#14744,#14745);
#14744 = CARTESIAN_POINT('',(0.,0.));
#14745 = VECTOR('',#14746,1.);
#14746 = DIRECTION('',(0.,-1.));
#14747 = ( GEOMETRIC_REPRESENTATION_CONTEXT(2) 
PARAMETRIC_REPRESENTATION_CONTEXT() REPRESENTATION_CONTEXT('2D SPACE',''
  ) );
#14748 = ORIENTED_EDGE('',*,*,#5366,.F.);
#14749 = ADVANCED_FACE('',(#14750),#5352,.T.);
#14750 = FACE_BOUND('',#14751,.T.);
#14751 = EDGE_LOOP('',(#14752,#14753,#14776,#14797));
#14752 = ORIENTED_EDGE('',*,*,#14728,.T.);
#14753 = ORIENTED_EDGE('',*,*,#14754,.T.);
#14754 = EDGE_CURVE('',#14706,#14755,#14757,.T.);
#14755 = VERTEX_POINT('',#14756);
#14756 = CARTESIAN_POINT('',(20.042875447918,-16.29452503098,0.6));
#14757 = SURFACE_CURVE('',#14758,(#14762,#14769),.PCURVE_S1.);
#14758 = B_SPLINE_CURVE_WITH_KNOTS('',2,(#14759,#14760,#14761),
  .UNSPECIFIED.,.F.,.F.,(3,3),(0.,1.),.PIECEWISE_BEZIER_KNOTS.);
#14759 = CARTESIAN_POINT('',(19.765830600522,-15.58047491835,0.6));
#14760 = CARTESIAN_POINT('',(20.042875447918,-15.95811343057,0.6));
#14761 = CARTESIAN_POINT('',(20.042875447918,-16.29452503098,0.6));
#14762 = PCURVE('',#5352,#14763);
#14763 = DEFINITIONAL_REPRESENTATION('',(#14764),#14768);
#14764 = LINE('',#14765,#14766);
#14765 = CARTESIAN_POINT('',(0.,-0.6));
#14766 = VECTOR('',#14767,1.);
#14767 = DIRECTION('',(1.,0.));
#14768 = ( GEOMETRIC_REPRESENTATION_CONTEXT(2) 
PARAMETRIC_REPRESENTATION_CONTEXT() REPRESENTATION_CONTEXT('2D SPACE',''
  ) );
#14769 = PCURVE('',#14422,#14770);
#14770 = DEFINITIONAL_REPRESENTATION('',(#14771),#14775);
#14771 = B_SPLINE_CURVE_WITH_KNOTS('',2,(#14772,#14773,#14774),
  .UNSPECIFIED.,.F.,.F.,(3,3),(0.,1.),.PIECEWISE_BEZIER_KNOTS.);
#14772 = CARTESIAN_POINT('',(-2.506596238344,2.811675385774));
#14773 = CARTESIAN_POINT('',(-2.78364108574,3.189313897998));
#14774 = CARTESIAN_POINT('',(-2.78364108574,3.525725498408));
#14775 = ( GEOMETRIC_REPRESENTATION_CONTEXT(2) 
PARAMETRIC_REPRESENTATION_CONTEXT() REPRESENTATION_CONTEXT('2D SPACE',''
  ) );
#14776 = ORIENTED_EDGE('',*,*,#14777,.F.);
#14777 = EDGE_CURVE('',#5307,#14755,#14778,.T.);
#14778 = SURFACE_CURVE('',#14779,(#14783,#14790),.PCURVE_S1.);
#14779 = LINE('',#14780,#14781);
#14780 = CARTESIAN_POINT('',(20.042875447918,-16.29452503098,0.));
#14781 = VECTOR('',#14782,1.);
#14782 = DIRECTION('',(-0.,-0.,1.));
#14783 = PCURVE('',#5352,#14784);
#14784 = DEFINITIONAL_REPRESENTATION('',(#14785),#14789);
#14785 = LINE('',#14786,#14787);
#14786 = CARTESIAN_POINT('',(1.,0.));
#14787 = VECTOR('',#14788,1.);
#14788 = DIRECTION('',(0.,-1.));
#14789 = ( GEOMETRIC_REPRESENTATION_CONTEXT(2) 
PARAMETRIC_REPRESENTATION_CONTEXT() REPRESENTATION_CONTEXT('2D SPACE',''
  ) );
#14790 = PCURVE('',#5322,#14791);
#14791 = DEFINITIONAL_REPRESENTATION('',(#14792),#14796);
#14792 = LINE('',#14793,#14794);
#14793 = CARTESIAN_POINT('',(0.,0.));
#14794 = VECTOR('',#14795,1.);
#14795 = DIRECTION('',(0.,-1.));
#14796 = ( GEOMETRIC_REPRESENTATION_CONTEXT(2) 
PARAMETRIC_REPRESENTATION_CONTEXT() REPRESENTATION_CONTEXT('2D SPACE',''
  ) );
#14797 = ORIENTED_EDGE('',*,*,#5336,.F.);
#14798 = ADVANCED_FACE('',(#14799),#5322,.T.);
#14799 = FACE_BOUND('',#14800,.T.);
#14800 = EDGE_LOOP('',(#14801,#14802,#14825,#14846));
#14801 = ORIENTED_EDGE('',*,*,#14777,.T.);
#14802 = ORIENTED_EDGE('',*,*,#14803,.T.);
#14803 = EDGE_CURVE('',#14755,#14804,#14806,.T.);
#14804 = VERTEX_POINT('',#14805);
#14805 = CARTESIAN_POINT('',(19.790566747611,-16.88984163759,0.6));
#14806 = SURFACE_CURVE('',#14807,(#14811,#14818),.PCURVE_S1.);
#14807 = B_SPLINE_CURVE_WITH_KNOTS('',2,(#14808,#14809,#14810),
  .UNSPECIFIED.,.F.,.F.,(3,3),(0.,1.),.PIECEWISE_BEZIER_KNOTS.);
#14808 = CARTESIAN_POINT('',(20.042875447918,-16.29452503098,0.6));
#14809 = CARTESIAN_POINT('',(20.042875447918,-16.64742739612,0.6));
#14810 = CARTESIAN_POINT('',(19.790566747611,-16.88984163759,0.6));
#14811 = PCURVE('',#5322,#14812);
#14812 = DEFINITIONAL_REPRESENTATION('',(#14813),#14817);
#14813 = LINE('',#14814,#14815);
#14814 = CARTESIAN_POINT('',(0.,-0.6));
#14815 = VECTOR('',#14816,1.);
#14816 = DIRECTION('',(1.,0.));
#14817 = ( GEOMETRIC_REPRESENTATION_CONTEXT(2) 
PARAMETRIC_REPRESENTATION_CONTEXT() REPRESENTATION_CONTEXT('2D SPACE',''
  ) );
#14818 = PCURVE('',#14422,#14819);
#14819 = DEFINITIONAL_REPRESENTATION('',(#14820),#14824);
#14820 = B_SPLINE_CURVE_WITH_KNOTS('',2,(#14821,#14822,#14823),
  .UNSPECIFIED.,.F.,.F.,(3,3),(0.,1.),.PIECEWISE_BEZIER_KNOTS.);
#14821 = CARTESIAN_POINT('',(-2.78364108574,3.525725498408));
#14822 = CARTESIAN_POINT('',(-2.78364108574,3.878627863543));
#14823 = CARTESIAN_POINT('',(-2.531332385433,4.121042105015));
#14824 = ( GEOMETRIC_REPRESENTATION_CONTEXT(2) 
PARAMETRIC_REPRESENTATION_CONTEXT() REPRESENTATION_CONTEXT('2D SPACE',''
  ) );
#14825 = ORIENTED_EDGE('',*,*,#14826,.F.);
#14826 = EDGE_CURVE('',#5277,#14804,#14827,.T.);
#14827 = SURFACE_CURVE('',#14828,(#14832,#14839),.PCURVE_S1.);
#14828 = LINE('',#14829,#14830);
#14829 = CARTESIAN_POINT('',(19.790566747611,-16.88984163759,0.));
#14830 = VECTOR('',#14831,1.);
#14831 = DIRECTION('',(-0.,-0.,1.));
#14832 = PCURVE('',#5322,#14833);
#14833 = DEFINITIONAL_REPRESENTATION('',(#14834),#14838);
#14834 = LINE('',#14835,#14836);
#14835 = CARTESIAN_POINT('',(1.,0.));
#14836 = VECTOR('',#14837,1.);
#14837 = DIRECTION('',(0.,-1.));
#14838 = ( GEOMETRIC_REPRESENTATION_CONTEXT(2) 
PARAMETRIC_REPRESENTATION_CONTEXT() REPRESENTATION_CONTEXT('2D SPACE',''
  ) );
#14839 = PCURVE('',#5292,#14840);
#14840 = DEFINITIONAL_REPRESENTATION('',(#14841),#14845);
#14841 = LINE('',#14842,#14843);
#14842 = CARTESIAN_POINT('',(0.,0.));
#14843 = VECTOR('',#14844,1.);
#14844 = DIRECTION('',(0.,-1.));
#14845 = ( GEOMETRIC_REPRESENTATION_CONTEXT(2) 
PARAMETRIC_REPRESENTATION_CONTEXT() REPRESENTATION_CONTEXT('2D SPACE',''
  ) );
#14846 = ORIENTED_EDGE('',*,*,#5306,.F.);
#14847 = ADVANCED_FACE('',(#14848),#5292,.T.);
#14848 = FACE_BOUND('',#14849,.T.);
#14849 = EDGE_LOOP('',(#14850,#14851,#14874,#14895));
#14850 = ORIENTED_EDGE('',*,*,#14826,.T.);
#14851 = ORIENTED_EDGE('',*,*,#14852,.T.);
#14852 = EDGE_CURVE('',#14804,#14853,#14855,.T.);
#14853 = VERTEX_POINT('',#14854);
#14854 = CARTESIAN_POINT('',(19.132585235046,-17.13225587906,0.6));
#14855 = SURFACE_CURVE('',#14856,(#14860,#14867),.PCURVE_S1.);
#14856 = B_SPLINE_CURVE_WITH_KNOTS('',2,(#14857,#14858,#14859),
  .UNSPECIFIED.,.F.,.F.,(3,3),(0.,1.),.PIECEWISE_BEZIER_KNOTS.);
#14857 = CARTESIAN_POINT('',(19.790566747611,-16.88984163759,0.6));
#14858 = CARTESIAN_POINT('',(19.538258047304,-17.13225587906,0.6));
#14859 = CARTESIAN_POINT('',(19.132585235046,-17.13225587906,0.6));
#14860 = PCURVE('',#5292,#14861);
#14861 = DEFINITIONAL_REPRESENTATION('',(#14862),#14866);
#14862 = LINE('',#14863,#14864);
#14863 = CARTESIAN_POINT('',(0.,-0.6));
#14864 = VECTOR('',#14865,1.);
#14865 = DIRECTION('',(1.,0.));
#14866 = ( GEOMETRIC_REPRESENTATION_CONTEXT(2) 
PARAMETRIC_REPRESENTATION_CONTEXT() REPRESENTATION_CONTEXT('2D SPACE',''
  ) );
#14867 = PCURVE('',#14422,#14868);
#14868 = DEFINITIONAL_REPRESENTATION('',(#14869),#14873);
#14869 = B_SPLINE_CURVE_WITH_KNOTS('',2,(#14870,#14871,#14872),
  .UNSPECIFIED.,.F.,.F.,(3,3),(0.,1.),.PIECEWISE_BEZIER_KNOTS.);
#14870 = CARTESIAN_POINT('',(-2.531332385433,4.121042105015));
#14871 = CARTESIAN_POINT('',(-2.279023685126,4.363456346486));
#14872 = CARTESIAN_POINT('',(-1.873350872868,4.363456346486));
#14873 = ( GEOMETRIC_REPRESENTATION_CONTEXT(2) 
PARAMETRIC_REPRESENTATION_CONTEXT() REPRESENTATION_CONTEXT('2D SPACE',''
  ) );
#14874 = ORIENTED_EDGE('',*,*,#14875,.F.);
#14875 = EDGE_CURVE('',#5247,#14853,#14876,.T.);
#14876 = SURFACE_CURVE('',#14877,(#14881,#14888),.PCURVE_S1.);
#14877 = LINE('',#14878,#14879);
#14878 = CARTESIAN_POINT('',(19.132585235046,-17.13225587906,0.));
#14879 = VECTOR('',#14880,1.);
#14880 = DIRECTION('',(-0.,-0.,1.));
#14881 = PCURVE('',#5292,#14882);
#14882 = DEFINITIONAL_REPRESENTATION('',(#14883),#14887);
#14883 = LINE('',#14884,#14885);
#14884 = CARTESIAN_POINT('',(1.,0.));
#14885 = VECTOR('',#14886,1.);
#14886 = DIRECTION('',(0.,-1.));
#14887 = ( GEOMETRIC_REPRESENTATION_CONTEXT(2) 
PARAMETRIC_REPRESENTATION_CONTEXT() REPRESENTATION_CONTEXT('2D SPACE',''
  ) );
#14888 = PCURVE('',#5262,#14889);
#14889 = DEFINITIONAL_REPRESENTATION('',(#14890),#14894);
#14890 = LINE('',#14891,#14892);
#14891 = CARTESIAN_POINT('',(0.,0.));
#14892 = VECTOR('',#14893,1.);
#14893 = DIRECTION('',(0.,-1.));
#14894 = ( GEOMETRIC_REPRESENTATION_CONTEXT(2) 
PARAMETRIC_REPRESENTATION_CONTEXT() REPRESENTATION_CONTEXT('2D SPACE',''
  ) );
#14895 = ORIENTED_EDGE('',*,*,#5276,.F.);
#14896 = ADVANCED_FACE('',(#14897),#5262,.T.);
#14897 = FACE_BOUND('',#14898,.T.);
#14898 = EDGE_LOOP('',(#14899,#14900,#14923,#14944));
#14899 = ORIENTED_EDGE('',*,*,#14875,.T.);
#14900 = ORIENTED_EDGE('',*,*,#14901,.T.);
#14901 = EDGE_CURVE('',#14853,#14902,#14904,.T.);
#14902 = VERTEX_POINT('',#14903);
#14903 = CARTESIAN_POINT('',(18.446569422446,-16.87499994934,0.6));
#14904 = SURFACE_CURVE('',#14905,(#14909,#14916),.PCURVE_S1.);
#14905 = B_SPLINE_CURVE_WITH_KNOTS('',2,(#14906,#14907,#14908),
  .UNSPECIFIED.,.F.,.F.,(3,3),(0.,1.),.PIECEWISE_BEZIER_KNOTS.);
#14906 = CARTESIAN_POINT('',(19.132585235046,-17.13225587906,0.6));
#14907 = CARTESIAN_POINT('',(18.703825352171,-17.13225587906,0.6));
#14908 = CARTESIAN_POINT('',(18.446569422446,-16.87499994934,0.6));
#14909 = PCURVE('',#5262,#14910);
#14910 = DEFINITIONAL_REPRESENTATION('',(#14911),#14915);
#14911 = LINE('',#14912,#14913);
#14912 = CARTESIAN_POINT('',(0.,-0.6));
#14913 = VECTOR('',#14914,1.);
#14914 = DIRECTION('',(1.,0.));
#14915 = ( GEOMETRIC_REPRESENTATION_CONTEXT(2) 
PARAMETRIC_REPRESENTATION_CONTEXT() REPRESENTATION_CONTEXT('2D SPACE',''
  ) );
#14916 = PCURVE('',#14422,#14917);
#14917 = DEFINITIONAL_REPRESENTATION('',(#14918),#14922);
#14918 = B_SPLINE_CURVE_WITH_KNOTS('',2,(#14919,#14920,#14921),
  .UNSPECIFIED.,.F.,.F.,(3,3),(0.,1.),.PIECEWISE_BEZIER_KNOTS.);
#14919 = CARTESIAN_POINT('',(-1.873350872868,4.363456346486));
#14920 = CARTESIAN_POINT('',(-1.444590989993,4.363456346486));
#14921 = CARTESIAN_POINT('',(-1.187335060268,4.106200416761));
#14922 = ( GEOMETRIC_REPRESENTATION_CONTEXT(2) 
PARAMETRIC_REPRESENTATION_CONTEXT() REPRESENTATION_CONTEXT('2D SPACE',''
  ) );
#14923 = ORIENTED_EDGE('',*,*,#14924,.F.);
#14924 = EDGE_CURVE('',#5217,#14902,#14925,.T.);
#14925 = SURFACE_CURVE('',#14926,(#14930,#14937),.PCURVE_S1.);
#14926 = LINE('',#14927,#14928);
#14927 = CARTESIAN_POINT('',(18.446569422446,-16.87499994934,0.));
#14928 = VECTOR('',#14929,1.);
#14929 = DIRECTION('',(-0.,-0.,1.));
#14930 = PCURVE('',#5262,#14931);
#14931 = DEFINITIONAL_REPRESENTATION('',(#14932),#14936);
#14932 = LINE('',#14933,#14934);
#14933 = CARTESIAN_POINT('',(1.,0.));
#14934 = VECTOR('',#14935,1.);
#14935 = DIRECTION('',(0.,-1.));
#14936 = ( GEOMETRIC_REPRESENTATION_CONTEXT(2) 
PARAMETRIC_REPRESENTATION_CONTEXT() REPRESENTATION_CONTEXT('2D SPACE',''
  ) );
#14937 = PCURVE('',#5232,#14938);
#14938 = DEFINITIONAL_REPRESENTATION('',(#14939),#14943);
#14939 = LINE('',#14940,#14941);
#14940 = CARTESIAN_POINT('',(0.,0.));
#14941 = VECTOR('',#14942,1.);
#14942 = DIRECTION('',(0.,-1.));
#14943 = ( GEOMETRIC_REPRESENTATION_CONTEXT(2) 
PARAMETRIC_REPRESENTATION_CONTEXT() REPRESENTATION_CONTEXT('2D SPACE',''
  ) );
#14944 = ORIENTED_EDGE('',*,*,#5246,.F.);
#14945 = ADVANCED_FACE('',(#14946),#5232,.T.);
#14946 = FACE_BOUND('',#14947,.T.);
#14947 = EDGE_LOOP('',(#14948,#14949,#14972,#14993));
#14948 = ORIENTED_EDGE('',*,*,#14924,.T.);
#14949 = ORIENTED_EDGE('',*,*,#14950,.T.);
#14950 = EDGE_CURVE('',#14902,#14951,#14953,.T.);
#14951 = VERTEX_POINT('',#14952);
#14952 = CARTESIAN_POINT('',(18.186015339776,-16.16259891317,0.6));
#14953 = SURFACE_CURVE('',#14954,(#14958,#14965),.PCURVE_S1.);
#14954 = B_SPLINE_CURVE_WITH_KNOTS('',2,(#14955,#14956,#14957),
  .UNSPECIFIED.,.F.,.F.,(3,3),(0.,1.),.PIECEWISE_BEZIER_KNOTS.);
#14955 = CARTESIAN_POINT('',(18.446569422446,-16.87499994934,0.6));
#14956 = CARTESIAN_POINT('',(18.189313492721,-16.61774401961,0.6));
#14957 = CARTESIAN_POINT('',(18.186015339776,-16.16259891317,0.6));
#14958 = PCURVE('',#5232,#14959);
#14959 = DEFINITIONAL_REPRESENTATION('',(#14960),#14964);
#14960 = LINE('',#14961,#14962);
#14961 = CARTESIAN_POINT('',(0.,-0.6));
#14962 = VECTOR('',#14963,1.);
#14963 = DIRECTION('',(1.,0.));
#14964 = ( GEOMETRIC_REPRESENTATION_CONTEXT(2) 
PARAMETRIC_REPRESENTATION_CONTEXT() REPRESENTATION_CONTEXT('2D SPACE',''
  ) );
#14965 = PCURVE('',#14422,#14966);
#14966 = DEFINITIONAL_REPRESENTATION('',(#14967),#14971);
#14967 = B_SPLINE_CURVE_WITH_KNOTS('',2,(#14968,#14969,#14970),
  .UNSPECIFIED.,.F.,.F.,(3,3),(0.,1.),.PIECEWISE_BEZIER_KNOTS.);
#14968 = CARTESIAN_POINT('',(-1.187335060268,4.106200416761));
#14969 = CARTESIAN_POINT('',(-0.930079130544,3.848944487036));
#14970 = CARTESIAN_POINT('',(-0.926780977598,3.3937993806));
#14971 = ( GEOMETRIC_REPRESENTATION_CONTEXT(2) 
PARAMETRIC_REPRESENTATION_CONTEXT() REPRESENTATION_CONTEXT('2D SPACE',''
  ) );
#14972 = ORIENTED_EDGE('',*,*,#14973,.F.);
#14973 = EDGE_CURVE('',#5189,#14951,#14974,.T.);
#14974 = SURFACE_CURVE('',#14975,(#14979,#14986),.PCURVE_S1.);
#14975 = LINE('',#14976,#14977);
#14976 = CARTESIAN_POINT('',(18.186015339776,-16.16259891317,0.));
#14977 = VECTOR('',#14978,1.);
#14978 = DIRECTION('',(-0.,-0.,1.));
#14979 = PCURVE('',#5232,#14980);
#14980 = DEFINITIONAL_REPRESENTATION('',(#14981),#14985);
#14981 = LINE('',#14982,#14983);
#14982 = CARTESIAN_POINT('',(1.,0.));
#14983 = VECTOR('',#14984,1.);
#14984 = DIRECTION('',(0.,-1.));
#14985 = ( GEOMETRIC_REPRESENTATION_CONTEXT(2) 
PARAMETRIC_REPRESENTATION_CONTEXT() REPRESENTATION_CONTEXT('2D SPACE',''
  ) );
#14986 = PCURVE('',#5204,#14987);
#14987 = DEFINITIONAL_REPRESENTATION('',(#14988),#14992);
#14988 = LINE('',#14989,#14990);
#14989 = CARTESIAN_POINT('',(0.,0.));
#14990 = VECTOR('',#14991,1.);
#14991 = DIRECTION('',(0.,-1.));
#14992 = ( GEOMETRIC_REPRESENTATION_CONTEXT(2) 
PARAMETRIC_REPRESENTATION_CONTEXT() REPRESENTATION_CONTEXT('2D SPACE',''
  ) );
#14993 = ORIENTED_EDGE('',*,*,#5216,.F.);
#14994 = ADVANCED_FACE('',(#14995),#5204,.T.);
#14995 = FACE_BOUND('',#14996,.T.);
#14996 = EDGE_LOOP('',(#14997,#14998,#15021,#15042));
#14997 = ORIENTED_EDGE('',*,*,#14973,.T.);
#14998 = ORIENTED_EDGE('',*,*,#14999,.T.);
#14999 = EDGE_CURVE('',#14951,#15000,#15002,.T.);
#15000 = VERTEX_POINT('',#15001);
#15001 = CARTESIAN_POINT('',(17.575857044916,-16.22526381913,0.6));
#15002 = SURFACE_CURVE('',#15003,(#15007,#15014),.PCURVE_S1.);
#15003 = LINE('',#15004,#15005);
#15004 = CARTESIAN_POINT('',(18.186015339776,-16.16259891317,0.6));
#15005 = VECTOR('',#15006,1.);
#15006 = DIRECTION('',(-0.994767435445,-0.102165304181,-0.));
#15007 = PCURVE('',#5204,#15008);
#15008 = DEFINITIONAL_REPRESENTATION('',(#15009),#15013);
#15009 = LINE('',#15010,#15011);
#15010 = CARTESIAN_POINT('',(0.,-0.6));
#15011 = VECTOR('',#15012,1.);
#15012 = DIRECTION('',(1.,0.));
#15013 = ( GEOMETRIC_REPRESENTATION_CONTEXT(2) 
PARAMETRIC_REPRESENTATION_CONTEXT() REPRESENTATION_CONTEXT('2D SPACE',''
  ) );
#15014 = PCURVE('',#14422,#15015);
#15015 = DEFINITIONAL_REPRESENTATION('',(#15016),#15020);
#15016 = LINE('',#15017,#15018);
#15017 = CARTESIAN_POINT('',(-0.926780977598,3.3937993806));
#15018 = VECTOR('',#15019,1.);
#15019 = DIRECTION('',(0.994767435445,0.102165304181));
#15020 = ( GEOMETRIC_REPRESENTATION_CONTEXT(2) 
PARAMETRIC_REPRESENTATION_CONTEXT() REPRESENTATION_CONTEXT('2D SPACE',''
  ) );
#15021 = ORIENTED_EDGE('',*,*,#15022,.F.);
#15022 = EDGE_CURVE('',#5159,#15000,#15023,.T.);
#15023 = SURFACE_CURVE('',#15024,(#15028,#15035),.PCURVE_S1.);
#15024 = LINE('',#15025,#15026);
#15025 = CARTESIAN_POINT('',(17.575857044916,-16.22526381913,0.));
#15026 = VECTOR('',#15027,1.);
#15027 = DIRECTION('',(-0.,-0.,1.));
#15028 = PCURVE('',#5204,#15029);
#15029 = DEFINITIONAL_REPRESENTATION('',(#15030),#15034);
#15030 = LINE('',#15031,#15032);
#15031 = CARTESIAN_POINT('',(0.613367781372,0.));
#15032 = VECTOR('',#15033,1.);
#15033 = DIRECTION('',(0.,-1.));
#15034 = ( GEOMETRIC_REPRESENTATION_CONTEXT(2) 
PARAMETRIC_REPRESENTATION_CONTEXT() REPRESENTATION_CONTEXT('2D SPACE',''
  ) );
#15035 = PCURVE('',#5174,#15036);
#15036 = DEFINITIONAL_REPRESENTATION('',(#15037),#15041);
#15037 = LINE('',#15038,#15039);
#15038 = CARTESIAN_POINT('',(0.,0.));
#15039 = VECTOR('',#15040,1.);
#15040 = DIRECTION('',(0.,-1.));
#15041 = ( GEOMETRIC_REPRESENTATION_CONTEXT(2) 
PARAMETRIC_REPRESENTATION_CONTEXT() REPRESENTATION_CONTEXT('2D SPACE',''
  ) );
#15042 = ORIENTED_EDGE('',*,*,#5188,.F.);
#15043 = ADVANCED_FACE('',(#15044),#5174,.T.);
#15044 = FACE_BOUND('',#15045,.T.);
#15045 = EDGE_LOOP('',(#15046,#15047,#15070,#15091));
#15046 = ORIENTED_EDGE('',*,*,#15022,.T.);
#15047 = ORIENTED_EDGE('',*,*,#15048,.T.);
#15048 = EDGE_CURVE('',#15000,#15049,#15051,.T.);
#15049 = VERTEX_POINT('',#15050);
#15050 = CARTESIAN_POINT('',(18.047492916078,-17.26583107334,0.6));
#15051 = SURFACE_CURVE('',#15052,(#15056,#15063),.PCURVE_S1.);
#15052 = B_SPLINE_CURVE_WITH_KNOTS('',2,(#15053,#15054,#15055),
  .UNSPECIFIED.,.F.,.F.,(3,3),(0.,1.),.PIECEWISE_BEZIER_KNOTS.);
#15053 = CARTESIAN_POINT('',(17.575857044916,-16.22526381913,0.6));
#15054 = CARTESIAN_POINT('',(17.638521950875,-16.90798147879,0.6));
#15055 = CARTESIAN_POINT('',(18.047492916078,-17.26583107334,0.6));
#15056 = PCURVE('',#5174,#15057);
#15057 = DEFINITIONAL_REPRESENTATION('',(#15058),#15062);
#15058 = LINE('',#15059,#15060);
#15059 = CARTESIAN_POINT('',(0.,-0.6));
#15060 = VECTOR('',#15061,1.);
#15061 = DIRECTION('',(1.,0.));
#15062 = ( GEOMETRIC_REPRESENTATION_CONTEXT(2) 
PARAMETRIC_REPRESENTATION_CONTEXT() REPRESENTATION_CONTEXT('2D SPACE',''
  ) );
#15063 = PCURVE('',#14422,#15064);
#15064 = DEFINITIONAL_REPRESENTATION('',(#15065),#15069);
#15065 = B_SPLINE_CURVE_WITH_KNOTS('',2,(#15066,#15067,#15068),
  .UNSPECIFIED.,.F.,.F.,(3,3),(0.,1.),.PIECEWISE_BEZIER_KNOTS.);
#15066 = CARTESIAN_POINT('',(-0.316622682738,3.456464286559));
#15067 = CARTESIAN_POINT('',(-0.379287588697,4.139181946213));
#15068 = CARTESIAN_POINT('',(-0.7882585539,4.497031540766));
#15069 = ( GEOMETRIC_REPRESENTATION_CONTEXT(2) 
PARAMETRIC_REPRESENTATION_CONTEXT() REPRESENTATION_CONTEXT('2D SPACE',''
  ) );
#15070 = ORIENTED_EDGE('',*,*,#15071,.F.);
#15071 = EDGE_CURVE('',#5129,#15049,#15072,.T.);
#15072 = SURFACE_CURVE('',#15073,(#15077,#15084),.PCURVE_S1.);
#15073 = LINE('',#15074,#15075);
#15074 = CARTESIAN_POINT('',(18.047492916078,-17.26583107334,0.));
#15075 = VECTOR('',#15076,1.);
#15076 = DIRECTION('',(-0.,-0.,1.));
#15077 = PCURVE('',#5174,#15078);
#15078 = DEFINITIONAL_REPRESENTATION('',(#15079),#15083);
#15079 = LINE('',#15080,#15081);
#15080 = CARTESIAN_POINT('',(1.,0.));
#15081 = VECTOR('',#15082,1.);
#15082 = DIRECTION('',(0.,-1.));
#15083 = ( GEOMETRIC_REPRESENTATION_CONTEXT(2) 
PARAMETRIC_REPRESENTATION_CONTEXT() REPRESENTATION_CONTEXT('2D SPACE',''
  ) );
#15084 = PCURVE('',#5144,#15085);
#15085 = DEFINITIONAL_REPRESENTATION('',(#15086),#15090);
#15086 = LINE('',#15087,#15088);
#15087 = CARTESIAN_POINT('',(0.,0.));
#15088 = VECTOR('',#15089,1.);
#15089 = DIRECTION('',(0.,-1.));
#15090 = ( GEOMETRIC_REPRESENTATION_CONTEXT(2) 
PARAMETRIC_REPRESENTATION_CONTEXT() REPRESENTATION_CONTEXT('2D SPACE',''
  ) );
#15091 = ORIENTED_EDGE('',*,*,#5158,.F.);
#15092 = ADVANCED_FACE('',(#15093),#5144,.T.);
#15093 = FACE_BOUND('',#15094,.T.);
#15094 = EDGE_LOOP('',(#15095,#15096,#15119,#15140));
#15095 = ORIENTED_EDGE('',*,*,#15071,.T.);
#15096 = ORIENTED_EDGE('',*,*,#15097,.T.);
#15097 = EDGE_CURVE('',#15049,#15098,#15100,.T.);
#15098 = VERTEX_POINT('',#15099);
#15099 = CARTESIAN_POINT('',(19.145777846826,-17.62368066789,0.6));
#15100 = SURFACE_CURVE('',#15101,(#15105,#15112),.PCURVE_S1.);
#15101 = B_SPLINE_CURVE_WITH_KNOTS('',2,(#15102,#15103,#15104),
  .UNSPECIFIED.,.F.,.F.,(3,3),(0.,1.),.PIECEWISE_BEZIER_KNOTS.);
#15102 = CARTESIAN_POINT('',(18.047492916078,-17.26583107334,0.6));
#15103 = CARTESIAN_POINT('',(18.456463881282,-17.62368066789,0.6));
#15104 = CARTESIAN_POINT('',(19.145777846826,-17.62368066789,0.6));
#15105 = PCURVE('',#5144,#15106);
#15106 = DEFINITIONAL_REPRESENTATION('',(#15107),#15111);
#15107 = LINE('',#15108,#15109);
#15108 = CARTESIAN_POINT('',(0.,-0.6));
#15109 = VECTOR('',#15110,1.);
#15110 = DIRECTION('',(1.,0.));
#15111 = ( GEOMETRIC_REPRESENTATION_CONTEXT(2) 
PARAMETRIC_REPRESENTATION_CONTEXT() REPRESENTATION_CONTEXT('2D SPACE',''
  ) );
#15112 = PCURVE('',#14422,#15113);
#15113 = DEFINITIONAL_REPRESENTATION('',(#15114),#15118);
#15114 = B_SPLINE_CURVE_WITH_KNOTS('',2,(#15115,#15116,#15117),
  .UNSPECIFIED.,.F.,.F.,(3,3),(0.,1.),.PIECEWISE_BEZIER_KNOTS.);
#15115 = CARTESIAN_POINT('',(-0.7882585539,4.497031540766));
#15116 = CARTESIAN_POINT('',(-1.197229519104,4.854881135319));
#15117 = CARTESIAN_POINT('',(-1.886543484649,4.854881135319));
#15118 = ( GEOMETRIC_REPRESENTATION_CONTEXT(2) 
PARAMETRIC_REPRESENTATION_CONTEXT() REPRESENTATION_CONTEXT('2D SPACE',''
  ) );
#15119 = ORIENTED_EDGE('',*,*,#15120,.F.);
#15120 = EDGE_CURVE('',#5099,#15098,#15121,.T.);
#15121 = SURFACE_CURVE('',#15122,(#15126,#15133),.PCURVE_S1.);
#15122 = LINE('',#15123,#15124);
#15123 = CARTESIAN_POINT('',(19.145777846826,-17.62368066789,0.));
#15124 = VECTOR('',#15125,1.);
#15125 = DIRECTION('',(-0.,-0.,1.));
#15126 = PCURVE('',#5144,#15127);
#15127 = DEFINITIONAL_REPRESENTATION('',(#15128),#15132);
#15128 = LINE('',#15129,#15130);
#15129 = CARTESIAN_POINT('',(1.,0.));
#15130 = VECTOR('',#15131,1.);
#15131 = DIRECTION('',(0.,-1.));
#15132 = ( GEOMETRIC_REPRESENTATION_CONTEXT(2) 
PARAMETRIC_REPRESENTATION_CONTEXT() REPRESENTATION_CONTEXT('2D SPACE',''
  ) );
#15133 = PCURVE('',#5114,#15134);
#15134 = DEFINITIONAL_REPRESENTATION('',(#15135),#15139);
#15135 = LINE('',#15136,#15137);
#15136 = CARTESIAN_POINT('',(0.,0.));
#15137 = VECTOR('',#15138,1.);
#15138 = DIRECTION('',(0.,-1.));
#15139 = ( GEOMETRIC_REPRESENTATION_CONTEXT(2) 
PARAMETRIC_REPRESENTATION_CONTEXT() REPRESENTATION_CONTEXT('2D SPACE',''
  ) );
#15140 = ORIENTED_EDGE('',*,*,#5128,.F.);
#15141 = ADVANCED_FACE('',(#15142),#5114,.T.);
#15142 = FACE_BOUND('',#15143,.T.);
#15143 = EDGE_LOOP('',(#15144,#15145,#15168,#15189));
#15144 = ORIENTED_EDGE('',*,*,#15120,.T.);
#15145 = ORIENTED_EDGE('',*,*,#15146,.T.);
#15146 = EDGE_CURVE('',#15098,#15147,#15149,.T.);
#15147 = VERTEX_POINT('',#15148);
#15148 = CARTESIAN_POINT('',(20.24736093052,-17.23779677331,0.6));
#15149 = SURFACE_CURVE('',#15150,(#15154,#15161),.PCURVE_S1.);
#15150 = B_SPLINE_CURVE_WITH_KNOTS('',2,(#15151,#15152,#15153),
  .UNSPECIFIED.,.F.,.F.,(3,3),(0.,1.),.PIECEWISE_BEZIER_KNOTS.);
#15151 = CARTESIAN_POINT('',(19.145777846826,-17.62368066789,0.6));
#15152 = CARTESIAN_POINT('',(19.841688118262,-17.62368066789,0.6));
#15153 = CARTESIAN_POINT('',(20.24736093052,-17.23779677331,0.6));
#15154 = PCURVE('',#5114,#15155);
#15155 = DEFINITIONAL_REPRESENTATION('',(#15156),#15160);
#15156 = LINE('',#15157,#15158);
#15157 = CARTESIAN_POINT('',(0.,-0.6));
#15158 = VECTOR('',#15159,1.);
#15159 = DIRECTION('',(1.,0.));
#15160 = ( GEOMETRIC_REPRESENTATION_CONTEXT(2) 
PARAMETRIC_REPRESENTATION_CONTEXT() REPRESENTATION_CONTEXT('2D SPACE',''
  ) );
#15161 = PCURVE('',#14422,#15162);
#15162 = DEFINITIONAL_REPRESENTATION('',(#15163),#15167);
#15163 = B_SPLINE_CURVE_WITH_KNOTS('',2,(#15164,#15165,#15166),
  .UNSPECIFIED.,.F.,.F.,(3,3),(0.,1.),.PIECEWISE_BEZIER_KNOTS.);
#15164 = CARTESIAN_POINT('',(-1.886543484649,4.854881135319));
#15165 = CARTESIAN_POINT('',(-2.582453756084,4.854881135319));
#15166 = CARTESIAN_POINT('',(-2.988126568342,4.468997240732));
#15167 = ( GEOMETRIC_REPRESENTATION_CONTEXT(2) 
PARAMETRIC_REPRESENTATION_CONTEXT() REPRESENTATION_CONTEXT('2D SPACE',''
  ) );
#15168 = ORIENTED_EDGE('',*,*,#15169,.F.);
#15169 = EDGE_CURVE('',#5069,#15147,#15170,.T.);
#15170 = SURFACE_CURVE('',#15171,(#15175,#15182),.PCURVE_S1.);
#15171 = LINE('',#15172,#15173);
#15172 = CARTESIAN_POINT('',(20.24736093052,-17.23779677331,0.));
#15173 = VECTOR('',#15174,1.);
#15174 = DIRECTION('',(-0.,-0.,1.));
#15175 = PCURVE('',#5114,#15176);
#15176 = DEFINITIONAL_REPRESENTATION('',(#15177),#15181);
#15177 = LINE('',#15178,#15179);
#15178 = CARTESIAN_POINT('',(1.,0.));
#15179 = VECTOR('',#15180,1.);
#15180 = DIRECTION('',(0.,-1.));
#15181 = ( GEOMETRIC_REPRESENTATION_CONTEXT(2) 
PARAMETRIC_REPRESENTATION_CONTEXT() REPRESENTATION_CONTEXT('2D SPACE',''
  ) );
#15182 = PCURVE('',#5084,#15183);
#15183 = DEFINITIONAL_REPRESENTATION('',(#15184),#15188);
#15184 = LINE('',#15185,#15186);
#15185 = CARTESIAN_POINT('',(0.,0.));
#15186 = VECTOR('',#15187,1.);
#15187 = DIRECTION('',(0.,-1.));
#15188 = ( GEOMETRIC_REPRESENTATION_CONTEXT(2) 
PARAMETRIC_REPRESENTATION_CONTEXT() REPRESENTATION_CONTEXT('2D SPACE',''
  ) );
#15189 = ORIENTED_EDGE('',*,*,#5098,.F.);
#15190 = ADVANCED_FACE('',(#15191),#5084,.T.);
#15191 = FACE_BOUND('',#15192,.T.);
#15192 = EDGE_LOOP('',(#15193,#15194,#15217,#15238));
#15193 = ORIENTED_EDGE('',*,*,#15169,.T.);
#15194 = ORIENTED_EDGE('',*,*,#15195,.T.);
#15195 = EDGE_CURVE('',#15147,#15196,#15198,.T.);
#15196 = VERTEX_POINT('',#15197);
#15197 = CARTESIAN_POINT('',(20.653033742778,-16.2813324192,0.6));
#15198 = SURFACE_CURVE('',#15199,(#15203,#15210),.PCURVE_S1.);
#15199 = B_SPLINE_CURVE_WITH_KNOTS('',2,(#15200,#15201,#15202),
  .UNSPECIFIED.,.F.,.F.,(3,3),(0.,1.),.PIECEWISE_BEZIER_KNOTS.);
#15200 = CARTESIAN_POINT('',(20.24736093052,-17.23779677331,0.6));
#15201 = CARTESIAN_POINT('',(20.653033742778,-16.85191287872,0.6));
#15202 = CARTESIAN_POINT('',(20.653033742778,-16.2813324192,0.6));
#15203 = PCURVE('',#5084,#15204);
#15204 = DEFINITIONAL_REPRESENTATION('',(#15205),#15209);
#15205 = LINE('',#15206,#15207);
#15206 = CARTESIAN_POINT('',(0.,-0.6));
#15207 = VECTOR('',#15208,1.);
#15208 = DIRECTION('',(1.,0.));
#15209 = ( GEOMETRIC_REPRESENTATION_CONTEXT(2) 
PARAMETRIC_REPRESENTATION_CONTEXT() REPRESENTATION_CONTEXT('2D SPACE',''
  ) );
#15210 = PCURVE('',#14422,#15211);
#15211 = DEFINITIONAL_REPRESENTATION('',(#15212),#15216);
#15212 = B_SPLINE_CURVE_WITH_KNOTS('',2,(#15213,#15214,#15215),
  .UNSPECIFIED.,.F.,.F.,(3,3),(0.,1.),.PIECEWISE_BEZIER_KNOTS.);
#15213 = CARTESIAN_POINT('',(-2.988126568342,4.468997240732));
#15214 = CARTESIAN_POINT('',(-3.3937993806,4.083113346145));
#15215 = CARTESIAN_POINT('',(-3.3937993806,3.512532886627));
#15216 = ( GEOMETRIC_REPRESENTATION_CONTEXT(2) 
PARAMETRIC_REPRESENTATION_CONTEXT() REPRESENTATION_CONTEXT('2D SPACE',''
  ) );
#15217 = ORIENTED_EDGE('',*,*,#15218,.F.);
#15218 = EDGE_CURVE('',#5039,#15196,#15219,.T.);
#15219 = SURFACE_CURVE('',#15220,(#15224,#15231),.PCURVE_S1.);
#15220 = LINE('',#15221,#15222);
#15221 = CARTESIAN_POINT('',(20.653033742778,-16.2813324192,0.));
#15222 = VECTOR('',#15223,1.);
#15223 = DIRECTION('',(-0.,-0.,1.));
#15224 = PCURVE('',#5084,#15225);
#15225 = DEFINITIONAL_REPRESENTATION('',(#15226),#15230);
#15226 = LINE('',#15227,#15228);
#15227 = CARTESIAN_POINT('',(1.,0.));
#15228 = VECTOR('',#15229,1.);
#15229 = DIRECTION('',(0.,-1.));
#15230 = ( GEOMETRIC_REPRESENTATION_CONTEXT(2) 
PARAMETRIC_REPRESENTATION_CONTEXT() REPRESENTATION_CONTEXT('2D SPACE',''
  ) );
#15231 = PCURVE('',#5054,#15232);
#15232 = DEFINITIONAL_REPRESENTATION('',(#15233),#15237);
#15233 = LINE('',#15234,#15235);
#15234 = CARTESIAN_POINT('',(0.,0.));
#15235 = VECTOR('',#15236,1.);
#15236 = DIRECTION('',(0.,-1.));
#15237 = ( GEOMETRIC_REPRESENTATION_CONTEXT(2) 
PARAMETRIC_REPRESENTATION_CONTEXT() REPRESENTATION_CONTEXT('2D SPACE',''
  ) );
#15238 = ORIENTED_EDGE('',*,*,#5068,.F.);
#15239 = ADVANCED_FACE('',(#15240),#5054,.T.);
#15240 = FACE_BOUND('',#15241,.T.);
#15241 = EDGE_LOOP('',(#15242,#15243,#15266,#15287));
#15242 = ORIENTED_EDGE('',*,*,#15218,.T.);
#15243 = ORIENTED_EDGE('',*,*,#15244,.T.);
#15244 = EDGE_CURVE('',#15196,#15245,#15247,.T.);
#15245 = VERTEX_POINT('',#15246);
#15246 = CARTESIAN_POINT('',(20.534300236751,-15.71075195968,0.6));
#15247 = SURFACE_CURVE('',#15248,(#15252,#15259),.PCURVE_S1.);
#15248 = B_SPLINE_CURVE_WITH_KNOTS('',2,(#15249,#15250,#15251),
  .UNSPECIFIED.,.F.,.F.,(3,3),(0.,1.),.PIECEWISE_BEZIER_KNOTS.);
#15249 = CARTESIAN_POINT('',(20.653033742778,-16.2813324192,0.6));
#15250 = CARTESIAN_POINT('',(20.653033742778,-15.99109496003,0.6));
#15251 = CARTESIAN_POINT('',(20.534300236751,-15.71075195968,0.6));
#15252 = PCURVE('',#5054,#15253);
#15253 = DEFINITIONAL_REPRESENTATION('',(#15254),#15258);
#15254 = LINE('',#15255,#15256);
#15255 = CARTESIAN_POINT('',(0.,-0.6));
#15256 = VECTOR('',#15257,1.);
#15257 = DIRECTION('',(1.,0.));
#15258 = ( GEOMETRIC_REPRESENTATION_CONTEXT(2) 
PARAMETRIC_REPRESENTATION_CONTEXT() REPRESENTATION_CONTEXT('2D SPACE',''
  ) );
#15259 = PCURVE('',#14422,#15260);
#15260 = DEFINITIONAL_REPRESENTATION('',(#15261),#15265);
#15261 = B_SPLINE_CURVE_WITH_KNOTS('',2,(#15262,#15263,#15264),
  .UNSPECIFIED.,.F.,.F.,(3,3),(0.,1.),.PIECEWISE_BEZIER_KNOTS.);
#15262 = CARTESIAN_POINT('',(-3.3937993806,3.512532886627));
#15263 = CARTESIAN_POINT('',(-3.3937993806,3.22229542745));
#15264 = CARTESIAN_POINT('',(-3.275065874573,2.941952427109));
#15265 = ( GEOMETRIC_REPRESENTATION_CONTEXT(2) 
PARAMETRIC_REPRESENTATION_CONTEXT() REPRESENTATION_CONTEXT('2D SPACE',''
  ) );
#15266 = ORIENTED_EDGE('',*,*,#15267,.F.);
#15267 = EDGE_CURVE('',#5009,#15245,#15268,.T.);
#15268 = SURFACE_CURVE('',#15269,(#15273,#15280),.PCURVE_S1.);
#15269 = LINE('',#15270,#15271);
#15270 = CARTESIAN_POINT('',(20.534300236751,-15.71075195968,0.));
#15271 = VECTOR('',#15272,1.);
#15272 = DIRECTION('',(-0.,-0.,1.));
#15273 = PCURVE('',#5054,#15274);
#15274 = DEFINITIONAL_REPRESENTATION('',(#15275),#15279);
#15275 = LINE('',#15276,#15277);
#15276 = CARTESIAN_POINT('',(1.,0.));
#15277 = VECTOR('',#15278,1.);
#15278 = DIRECTION('',(0.,-1.));
#15279 = ( GEOMETRIC_REPRESENTATION_CONTEXT(2) 
PARAMETRIC_REPRESENTATION_CONTEXT() REPRESENTATION_CONTEXT('2D SPACE',''
  ) );
#15280 = PCURVE('',#5024,#15281);
#15281 = DEFINITIONAL_REPRESENTATION('',(#15282),#15286);
#15282 = LINE('',#15283,#15284);
#15283 = CARTESIAN_POINT('',(0.,0.));
#15284 = VECTOR('',#15285,1.);
#15285 = DIRECTION('',(0.,-1.));
#15286 = ( GEOMETRIC_REPRESENTATION_CONTEXT(2) 
PARAMETRIC_REPRESENTATION_CONTEXT() REPRESENTATION_CONTEXT('2D SPACE',''
  ) );
#15287 = ORIENTED_EDGE('',*,*,#5038,.F.);
#15288 = ADVANCED_FACE('',(#15289),#5024,.T.);
#15289 = FACE_BOUND('',#15290,.T.);
#15290 = EDGE_LOOP('',(#15291,#15292,#15315,#15336));
#15291 = ORIENTED_EDGE('',*,*,#15267,.T.);
#15292 = ORIENTED_EDGE('',*,*,#15293,.T.);
#15293 = EDGE_CURVE('',#15245,#15294,#15296,.T.);
#15294 = VERTEX_POINT('',#15295);
#15295 = CARTESIAN_POINT('',(20.140170959801,-15.12038258249,0.6));
#15296 = SURFACE_CURVE('',#15297,(#15301,#15308),.PCURVE_S1.);
#15297 = B_SPLINE_CURVE_WITH_KNOTS('',2,(#15298,#15299,#15300),
  .UNSPECIFIED.,.F.,.F.,(3,3),(0.,1.),.PIECEWISE_BEZIER_KNOTS.);
#15298 = CARTESIAN_POINT('',(20.534300236751,-15.71075195968,0.6));
#15299 = CARTESIAN_POINT('',(20.415566730725,-15.43040895934,0.6));
#15300 = CARTESIAN_POINT('',(20.140170959801,-15.12038258249,0.6));
#15301 = PCURVE('',#5024,#15302);
#15302 = DEFINITIONAL_REPRESENTATION('',(#15303),#15307);
#15303 = LINE('',#15304,#15305);
#15304 = CARTESIAN_POINT('',(0.,-0.6));
#15305 = VECTOR('',#15306,1.);
#15306 = DIRECTION('',(1.,0.));
#15307 = ( GEOMETRIC_REPRESENTATION_CONTEXT(2) 
PARAMETRIC_REPRESENTATION_CONTEXT() REPRESENTATION_CONTEXT('2D SPACE',''
  ) );
#15308 = PCURVE('',#14422,#15309);
#15309 = DEFINITIONAL_REPRESENTATION('',(#15310),#15314);
#15310 = B_SPLINE_CURVE_WITH_KNOTS('',2,(#15311,#15312,#15313),
  .UNSPECIFIED.,.F.,.F.,(3,3),(0.,1.),.PIECEWISE_BEZIER_KNOTS.);
#15311 = CARTESIAN_POINT('',(-3.275065874573,2.941952427109));
#15312 = CARTESIAN_POINT('',(-3.156332368547,2.661609426768));
#15313 = CARTESIAN_POINT('',(-2.880936597623,2.35158304992));
#15314 = ( GEOMETRIC_REPRESENTATION_CONTEXT(2) 
PARAMETRIC_REPRESENTATION_CONTEXT() REPRESENTATION_CONTEXT('2D SPACE',''
  ) );
#15315 = ORIENTED_EDGE('',*,*,#15316,.F.);
#15316 = EDGE_CURVE('',#4979,#15294,#15317,.T.);
#15317 = SURFACE_CURVE('',#15318,(#15322,#15329),.PCURVE_S1.);
#15318 = LINE('',#15319,#15320);
#15319 = CARTESIAN_POINT('',(20.140170959801,-15.12038258249,0.));
#15320 = VECTOR('',#15321,1.);
#15321 = DIRECTION('',(-0.,-0.,1.));
#15322 = PCURVE('',#5024,#15323);
#15323 = DEFINITIONAL_REPRESENTATION('',(#15324),#15328);
#15324 = LINE('',#15325,#15326);
#15325 = CARTESIAN_POINT('',(1.,0.));
#15326 = VECTOR('',#15327,1.);
#15327 = DIRECTION('',(0.,-1.));
#15328 = ( GEOMETRIC_REPRESENTATION_CONTEXT(2) 
PARAMETRIC_REPRESENTATION_CONTEXT() REPRESENTATION_CONTEXT('2D SPACE',''
  ) );
#15329 = PCURVE('',#4994,#15330);
#15330 = DEFINITIONAL_REPRESENTATION('',(#15331),#15335);
#15331 = LINE('',#15332,#15333);
#15332 = CARTESIAN_POINT('',(0.,0.));
#15333 = VECTOR('',#15334,1.);
#15334 = DIRECTION('',(0.,-1.));
#15335 = ( GEOMETRIC_REPRESENTATION_CONTEXT(2) 
PARAMETRIC_REPRESENTATION_CONTEXT() REPRESENTATION_CONTEXT('2D SPACE',''
  ) );
#15336 = ORIENTED_EDGE('',*,*,#5008,.F.);
#15337 = ADVANCED_FACE('',(#15338),#4994,.T.);
#15338 = FACE_BOUND('',#15339,.T.);
#15339 = EDGE_LOOP('',(#15340,#15341,#15364,#15385));
#15340 = ORIENTED_EDGE('',*,*,#15316,.T.);
#15341 = ORIENTED_EDGE('',*,*,#15342,.T.);
#15342 = EDGE_CURVE('',#15294,#15343,#15345,.T.);
#15343 = VERTEX_POINT('',#15344);
#15344 = CARTESIAN_POINT('',(19.224933517511,-14.26945912264,0.6));
#15345 = SURFACE_CURVE('',#15346,(#15350,#15357),.PCURVE_S1.);
#15346 = B_SPLINE_CURVE_WITH_KNOTS('',2,(#15347,#15348,#15349),
  .UNSPECIFIED.,.F.,.F.,(3,3),(0.,1.),.PIECEWISE_BEZIER_KNOTS.);
#15347 = CARTESIAN_POINT('',(20.140170959801,-15.12038258249,0.6));
#15348 = CARTESIAN_POINT('',(19.864775188878,-14.81035620565,0.6));
#15349 = CARTESIAN_POINT('',(19.224933517511,-14.26945912264,0.6));
#15350 = PCURVE('',#4994,#15351);
#15351 = DEFINITIONAL_REPRESENTATION('',(#15352),#15356);
#15352 = LINE('',#15353,#15354);
#15353 = CARTESIAN_POINT('',(0.,-0.6));
#15354 = VECTOR('',#15355,1.);
#15355 = DIRECTION('',(1.,0.));
#15356 = ( GEOMETRIC_REPRESENTATION_CONTEXT(2) 
PARAMETRIC_REPRESENTATION_CONTEXT() REPRESENTATION_CONTEXT('2D SPACE',''
  ) );
#15357 = PCURVE('',#14422,#15358);
#15358 = DEFINITIONAL_REPRESENTATION('',(#15359),#15363);
#15359 = B_SPLINE_CURVE_WITH_KNOTS('',2,(#15360,#15361,#15362),
  .UNSPECIFIED.,.F.,.F.,(3,3),(0.,1.),.PIECEWISE_BEZIER_KNOTS.);
#15360 = CARTESIAN_POINT('',(-2.880936597623,2.35158304992));
#15361 = CARTESIAN_POINT('',(-2.6055408267,2.041556673072));
#15362 = CARTESIAN_POINT('',(-1.965699155333,1.500659590061));
#15363 = ( GEOMETRIC_REPRESENTATION_CONTEXT(2) 
PARAMETRIC_REPRESENTATION_CONTEXT() REPRESENTATION_CONTEXT('2D SPACE',''
  ) );
#15364 = ORIENTED_EDGE('',*,*,#15365,.F.);
#15365 = EDGE_CURVE('',#4949,#15343,#15366,.T.);
#15366 = SURFACE_CURVE('',#15367,(#15371,#15378),.PCURVE_S1.);
#15367 = LINE('',#15368,#15369);
#15368 = CARTESIAN_POINT('',(19.224933517511,-14.26945912264,0.));
#15369 = VECTOR('',#15370,1.);
#15370 = DIRECTION('',(-0.,-0.,1.));
#15371 = PCURVE('',#4994,#15372);
#15372 = DEFINITIONAL_REPRESENTATION('',(#15373),#15377);
#15373 = LINE('',#15374,#15375);
#15374 = CARTESIAN_POINT('',(1.,0.));
#15375 = VECTOR('',#15376,1.);
#15376 = DIRECTION('',(0.,-1.));
#15377 = ( GEOMETRIC_REPRESENTATION_CONTEXT(2) 
PARAMETRIC_REPRESENTATION_CONTEXT() REPRESENTATION_CONTEXT('2D SPACE',''
  ) );
#15378 = PCURVE('',#4964,#15379);
#15379 = DEFINITIONAL_REPRESENTATION('',(#15380),#15384);
#15380 = LINE('',#15381,#15382);
#15381 = CARTESIAN_POINT('',(0.,0.));
#15382 = VECTOR('',#15383,1.);
#15383 = DIRECTION('',(0.,-1.));
#15384 = ( GEOMETRIC_REPRESENTATION_CONTEXT(2) 
PARAMETRIC_REPRESENTATION_CONTEXT() REPRESENTATION_CONTEXT('2D SPACE',''
  ) );
#15385 = ORIENTED_EDGE('',*,*,#4978,.F.);
#15386 = ADVANCED_FACE('',(#15387),#4964,.T.);
#15387 = FACE_BOUND('',#15388,.T.);
#15388 = EDGE_LOOP('',(#15389,#15390,#15413,#15434));
#15389 = ORIENTED_EDGE('',*,*,#15365,.T.);
#15390 = ORIENTED_EDGE('',*,*,#15391,.T.);
#15391 = EDGE_CURVE('',#15343,#15392,#15394,.T.);
#15392 = VERTEX_POINT('',#15393);
#15393 = CARTESIAN_POINT('',(18.538917704912,-13.66094990425,0.6));
#15394 = SURFACE_CURVE('',#15395,(#15399,#15406),.PCURVE_S1.);
#15395 = B_SPLINE_CURVE_WITH_KNOTS('',2,(#15396,#15397,#15398),
  .UNSPECIFIED.,.F.,.F.,(3,3),(0.,1.),.PIECEWISE_BEZIER_KNOTS.);
#15396 = CARTESIAN_POINT('',(19.224933517511,-14.26945912264,0.6));
#15397 = CARTESIAN_POINT('',(18.69063274039,-13.82091032209,0.6));
#15398 = CARTESIAN_POINT('',(18.538917704912,-13.66094990425,0.6));
#15399 = PCURVE('',#4964,#15400);
#15400 = DEFINITIONAL_REPRESENTATION('',(#15401),#15405);
#15401 = LINE('',#15402,#15403);
#15402 = CARTESIAN_POINT('',(0.,-0.6));
#15403 = VECTOR('',#15404,1.);
#15404 = DIRECTION('',(1.,0.));
#15405 = ( GEOMETRIC_REPRESENTATION_CONTEXT(2) 
PARAMETRIC_REPRESENTATION_CONTEXT() REPRESENTATION_CONTEXT('2D SPACE',''
  ) );
#15406 = PCURVE('',#14422,#15407);
#15407 = DEFINITIONAL_REPRESENTATION('',(#15408),#15412);
#15408 = B_SPLINE_CURVE_WITH_KNOTS('',2,(#15409,#15410,#15411),
  .UNSPECIFIED.,.F.,.F.,(3,3),(0.,1.),.PIECEWISE_BEZIER_KNOTS.);
#15409 = CARTESIAN_POINT('',(-1.965699155333,1.500659590061));
#15410 = CARTESIAN_POINT('',(-1.431398378212,1.052110789516));
#15411 = CARTESIAN_POINT('',(-1.279683342734,0.892150371674));
#15412 = ( GEOMETRIC_REPRESENTATION_CONTEXT(2) 
PARAMETRIC_REPRESENTATION_CONTEXT() REPRESENTATION_CONTEXT('2D SPACE',''
  ) );
#15413 = ORIENTED_EDGE('',*,*,#15414,.F.);
#15414 = EDGE_CURVE('',#4919,#15392,#15415,.T.);
#15415 = SURFACE_CURVE('',#15416,(#15420,#15427),.PCURVE_S1.);
#15416 = LINE('',#15417,#15418);
#15417 = CARTESIAN_POINT('',(18.538917704912,-13.66094990425,0.));
#15418 = VECTOR('',#15419,1.);
#15419 = DIRECTION('',(-0.,-0.,1.));
#15420 = PCURVE('',#4964,#15421);
#15421 = DEFINITIONAL_REPRESENTATION('',(#15422),#15426);
#15422 = LINE('',#15423,#15424);
#15423 = CARTESIAN_POINT('',(1.,0.));
#15424 = VECTOR('',#15425,1.);
#15425 = DIRECTION('',(0.,-1.));
#15426 = ( GEOMETRIC_REPRESENTATION_CONTEXT(2) 
PARAMETRIC_REPRESENTATION_CONTEXT() REPRESENTATION_CONTEXT('2D SPACE',''
  ) );
#15427 = PCURVE('',#4934,#15428);
#15428 = DEFINITIONAL_REPRESENTATION('',(#15429),#15433);
#15429 = LINE('',#15430,#15431);
#15430 = CARTESIAN_POINT('',(0.,0.));
#15431 = VECTOR('',#15432,1.);
#15432 = DIRECTION('',(0.,-1.));
#15433 = ( GEOMETRIC_REPRESENTATION_CONTEXT(2) 
PARAMETRIC_REPRESENTATION_CONTEXT() REPRESENTATION_CONTEXT('2D SPACE',''
  ) );
#15434 = ORIENTED_EDGE('',*,*,#4948,.F.);
#15435 = ADVANCED_FACE('',(#15436),#4934,.T.);
#15436 = FACE_BOUND('',#15437,.T.);
#15437 = EDGE_LOOP('',(#15438,#15439,#15460,#15461));
#15438 = ORIENTED_EDGE('',*,*,#15414,.T.);
#15439 = ORIENTED_EDGE('',*,*,#15440,.T.);
#15440 = EDGE_CURVE('',#15392,#14384,#15441,.T.);
#15441 = SURFACE_CURVE('',#15442,(#15446,#15453),.PCURVE_S1.);
#15442 = B_SPLINE_CURVE_WITH_KNOTS('',2,(#15443,#15444,#15445),
  .UNSPECIFIED.,.F.,.F.,(3,3),(0.,1.),.PIECEWISE_BEZIER_KNOTS.);
#15443 = CARTESIAN_POINT('',(18.538917704912,-13.66094990425,0.6));
#15444 = CARTESIAN_POINT('',(18.387202669433,-13.50098948641,0.6));
#15445 = CARTESIAN_POINT('',(18.288258081077,-13.33937999209,0.6));
#15446 = PCURVE('',#4934,#15447);
#15447 = DEFINITIONAL_REPRESENTATION('',(#15448),#15452);
#15448 = LINE('',#15449,#15450);
#15449 = CARTESIAN_POINT('',(0.,-0.6));
#15450 = VECTOR('',#15451,1.);
#15451 = DIRECTION('',(1.,0.));
#15452 = ( GEOMETRIC_REPRESENTATION_CONTEXT(2) 
PARAMETRIC_REPRESENTATION_CONTEXT() REPRESENTATION_CONTEXT('2D SPACE',''
  ) );
#15453 = PCURVE('',#14422,#15454);
#15454 = DEFINITIONAL_REPRESENTATION('',(#15455),#15459);
#15455 = B_SPLINE_CURVE_WITH_KNOTS('',2,(#15456,#15457,#15458),
  .UNSPECIFIED.,.F.,.F.,(3,3),(0.,1.),.PIECEWISE_BEZIER_KNOTS.);
#15456 = CARTESIAN_POINT('',(-1.279683342734,0.892150371674));
#15457 = CARTESIAN_POINT('',(-1.127968307255,0.732189953832));
#15458 = CARTESIAN_POINT('',(-1.029023718899,0.570580459518));
#15459 = ( GEOMETRIC_REPRESENTATION_CONTEXT(2) 
PARAMETRIC_REPRESENTATION_CONTEXT() REPRESENTATION_CONTEXT('2D SPACE',''
  ) );
#15460 = ORIENTED_EDGE('',*,*,#14383,.F.);
#15461 = ORIENTED_EDGE('',*,*,#4918,.F.);
#15462 = ADVANCED_FACE('',(#15463),#5560,.T.);
#15463 = FACE_BOUND('',#15464,.T.);
#15464 = EDGE_LOOP('',(#15465,#15488,#15516,#15537));
#15465 = ORIENTED_EDGE('',*,*,#15466,.T.);
#15466 = EDGE_CURVE('',#5543,#15467,#15469,.T.);
#15467 = VERTEX_POINT('',#15468);
#15468 = CARTESIAN_POINT('',(-8.469656763247,-14.21998682846,0.6));
#15469 = SURFACE_CURVE('',#15470,(#15474,#15481),.PCURVE_S1.);
#15470 = LINE('',#15471,#15472);
#15471 = CARTESIAN_POINT('',(-8.469656763247,-14.21998682846,0.));
#15472 = VECTOR('',#15473,1.);
#15473 = DIRECTION('',(-0.,-0.,1.));
#15474 = PCURVE('',#5560,#15475);
#15475 = DEFINITIONAL_REPRESENTATION('',(#15476),#15480);
#15476 = LINE('',#15477,#15478);
#15477 = CARTESIAN_POINT('',(0.,0.));
#15478 = VECTOR('',#15479,1.);
#15479 = DIRECTION('',(0.,-1.));
#15480 = ( GEOMETRIC_REPRESENTATION_CONTEXT(2) 
PARAMETRIC_REPRESENTATION_CONTEXT() REPRESENTATION_CONTEXT('2D SPACE',''
  ) );
#15481 = PCURVE('',#5588,#15482);
#15482 = DEFINITIONAL_REPRESENTATION('',(#15483),#15487);
#15483 = LINE('',#15484,#15485);
#15484 = CARTESIAN_POINT('',(0.596965683079,0.));
#15485 = VECTOR('',#15486,1.);
#15486 = DIRECTION('',(0.,-1.));
#15487 = ( GEOMETRIC_REPRESENTATION_CONTEXT(2) 
PARAMETRIC_REPRESENTATION_CONTEXT() REPRESENTATION_CONTEXT('2D SPACE',''
  ) );
#15488 = ORIENTED_EDGE('',*,*,#15489,.T.);
#15489 = EDGE_CURVE('',#15467,#15490,#15492,.T.);
#15490 = VERTEX_POINT('',#15491);
#15491 = CARTESIAN_POINT('',(-10.29353534193,-14.21998682846,0.6));
#15492 = SURFACE_CURVE('',#15493,(#15497,#15504),.PCURVE_S1.);
#15493 = LINE('',#15494,#15495);
#15494 = CARTESIAN_POINT('',(-8.469656763247,-14.21998682846,0.6));
#15495 = VECTOR('',#15496,1.);
#15496 = DIRECTION('',(-1.,-0.,-0.));
#15497 = PCURVE('',#5560,#15498);
#15498 = DEFINITIONAL_REPRESENTATION('',(#15499),#15503);
#15499 = LINE('',#15500,#15501);
#15500 = CARTESIAN_POINT('',(0.,-0.6));
#15501 = VECTOR('',#15502,1.);
#15502 = DIRECTION('',(1.,0.));
#15503 = ( GEOMETRIC_REPRESENTATION_CONTEXT(2) 
PARAMETRIC_REPRESENTATION_CONTEXT() REPRESENTATION_CONTEXT('2D SPACE',''
  ) );
#15504 = PCURVE('',#15505,#15510);
#15505 = PLANE('',#15506);
#15506 = AXIS2_PLACEMENT_3D('',#15507,#15508,#15509);
#15507 = CARTESIAN_POINT('',(-10.50791528337,-12.76879953257,0.6));
#15508 = DIRECTION('',(0.,0.,1.));
#15509 = DIRECTION('',(-1.,0.,0.));
#15510 = DEFINITIONAL_REPRESENTATION('',(#15511),#15515);
#15511 = LINE('',#15512,#15513);
#15512 = CARTESIAN_POINT('',(-2.038258520127,1.451187295883));
#15513 = VECTOR('',#15514,1.);
#15514 = DIRECTION('',(1.,-0.));
#15515 = ( GEOMETRIC_REPRESENTATION_CONTEXT(2) 
PARAMETRIC_REPRESENTATION_CONTEXT() REPRESENTATION_CONTEXT('2D SPACE',''
  ) );
#15516 = ORIENTED_EDGE('',*,*,#15517,.F.);
#15517 = EDGE_CURVE('',#5545,#15490,#15518,.T.);
#15518 = SURFACE_CURVE('',#15519,(#15523,#15530),.PCURVE_S1.);
#15519 = LINE('',#15520,#15521);
#15520 = CARTESIAN_POINT('',(-10.29353534193,-14.21998682846,0.));
#15521 = VECTOR('',#15522,1.);
#15522 = DIRECTION('',(-0.,-0.,1.));
#15523 = PCURVE('',#5560,#15524);
#15524 = DEFINITIONAL_REPRESENTATION('',(#15525),#15529);
#15525 = LINE('',#15526,#15527);
#15526 = CARTESIAN_POINT('',(1.82387857869,-0.));
#15527 = VECTOR('',#15528,1.);
#15528 = DIRECTION('',(0.,-1.));
#15529 = ( GEOMETRIC_REPRESENTATION_CONTEXT(2) 
PARAMETRIC_REPRESENTATION_CONTEXT() REPRESENTATION_CONTEXT('2D SPACE',''
  ) );
#15530 = PCURVE('',#5642,#15531);
#15531 = DEFINITIONAL_REPRESENTATION('',(#15532),#15536);
#15532 = LINE('',#15533,#15534);
#15533 = CARTESIAN_POINT('',(0.,0.));
#15534 = VECTOR('',#15535,1.);
#15535 = DIRECTION('',(0.,-1.));
#15536 = ( GEOMETRIC_REPRESENTATION_CONTEXT(2) 
PARAMETRIC_REPRESENTATION_CONTEXT() REPRESENTATION_CONTEXT('2D SPACE',''
  ) );
#15537 = ORIENTED_EDGE('',*,*,#5542,.F.);
#15538 = ADVANCED_FACE('',(#15539),#5642,.T.);
#15539 = FACE_BOUND('',#15540,.T.);
#15540 = EDGE_LOOP('',(#15541,#15542,#15565,#15586));
#15541 = ORIENTED_EDGE('',*,*,#15517,.T.);
#15542 = ORIENTED_EDGE('',*,*,#15543,.T.);
#15543 = EDGE_CURVE('',#15490,#15544,#15546,.T.);
#15544 = VERTEX_POINT('',#15545);
#15545 = CARTESIAN_POINT('',(-10.29353534193,-14.81695251154,0.6));
#15546 = SURFACE_CURVE('',#15547,(#15551,#15558),.PCURVE_S1.);
#15547 = LINE('',#15548,#15549);
#15548 = CARTESIAN_POINT('',(-10.29353534193,-14.21998682846,0.6));
#15549 = VECTOR('',#15550,1.);
#15550 = DIRECTION('',(-0.,-1.,-0.));
#15551 = PCURVE('',#5642,#15552);
#15552 = DEFINITIONAL_REPRESENTATION('',(#15553),#15557);
#15553 = LINE('',#15554,#15555);
#15554 = CARTESIAN_POINT('',(0.,-0.6));
#15555 = VECTOR('',#15556,1.);
#15556 = DIRECTION('',(1.,0.));
#15557 = ( GEOMETRIC_REPRESENTATION_CONTEXT(2) 
PARAMETRIC_REPRESENTATION_CONTEXT() REPRESENTATION_CONTEXT('2D SPACE',''
  ) );
#15558 = PCURVE('',#15505,#15559);
#15559 = DEFINITIONAL_REPRESENTATION('',(#15560),#15564);
#15560 = LINE('',#15561,#15562);
#15561 = CARTESIAN_POINT('',(-0.214379941437,1.451187295883));
#15562 = VECTOR('',#15563,1.);
#15563 = DIRECTION('',(-0.,1.));
#15564 = ( GEOMETRIC_REPRESENTATION_CONTEXT(2) 
PARAMETRIC_REPRESENTATION_CONTEXT() REPRESENTATION_CONTEXT('2D SPACE',''
  ) );
#15565 = ORIENTED_EDGE('',*,*,#15566,.F.);
#15566 = EDGE_CURVE('',#5601,#15544,#15567,.T.);
#15567 = SURFACE_CURVE('',#15568,(#15572,#15579),.PCURVE_S1.);
#15568 = LINE('',#15569,#15570);
#15569 = CARTESIAN_POINT('',(-10.29353534193,-14.81695251154,0.));
#15570 = VECTOR('',#15571,1.);
#15571 = DIRECTION('',(-0.,-0.,1.));
#15572 = PCURVE('',#5642,#15573);
#15573 = DEFINITIONAL_REPRESENTATION('',(#15574),#15578);
#15574 = LINE('',#15575,#15576);
#15575 = CARTESIAN_POINT('',(0.596965683079,0.));
#15576 = VECTOR('',#15577,1.);
#15577 = DIRECTION('',(0.,-1.));
#15578 = ( GEOMETRIC_REPRESENTATION_CONTEXT(2) 
PARAMETRIC_REPRESENTATION_CONTEXT() REPRESENTATION_CONTEXT('2D SPACE',''
  ) );
#15579 = PCURVE('',#5616,#15580);
#15580 = DEFINITIONAL_REPRESENTATION('',(#15581),#15585);
#15581 = LINE('',#15582,#15583);
#15582 = CARTESIAN_POINT('',(0.,0.));
#15583 = VECTOR('',#15584,1.);
#15584 = DIRECTION('',(0.,-1.));
#15585 = ( GEOMETRIC_REPRESENTATION_CONTEXT(2) 
PARAMETRIC_REPRESENTATION_CONTEXT() REPRESENTATION_CONTEXT('2D SPACE',''
  ) );
#15586 = ORIENTED_EDGE('',*,*,#5628,.F.);
#15587 = ADVANCED_FACE('',(#15588),#5616,.T.);
#15588 = FACE_BOUND('',#15589,.T.);
#15589 = EDGE_LOOP('',(#15590,#15591,#15614,#15635));
#15590 = ORIENTED_EDGE('',*,*,#15566,.T.);
#15591 = ORIENTED_EDGE('',*,*,#15592,.T.);
#15592 = EDGE_CURVE('',#15544,#15593,#15595,.T.);
#15593 = VERTEX_POINT('',#15594);
#15594 = CARTESIAN_POINT('',(-8.469656763247,-14.81695251154,0.6));
#15595 = SURFACE_CURVE('',#15596,(#15600,#15607),.PCURVE_S1.);
#15596 = LINE('',#15597,#15598);
#15597 = CARTESIAN_POINT('',(-10.29353534193,-14.81695251154,0.6));
#15598 = VECTOR('',#15599,1.);
#15599 = DIRECTION('',(1.,0.,0.));
#15600 = PCURVE('',#5616,#15601);
#15601 = DEFINITIONAL_REPRESENTATION('',(#15602),#15606);
#15602 = LINE('',#15603,#15604);
#15603 = CARTESIAN_POINT('',(0.,-0.6));
#15604 = VECTOR('',#15605,1.);
#15605 = DIRECTION('',(1.,0.));
#15606 = ( GEOMETRIC_REPRESENTATION_CONTEXT(2) 
PARAMETRIC_REPRESENTATION_CONTEXT() REPRESENTATION_CONTEXT('2D SPACE',''
  ) );
#15607 = PCURVE('',#15505,#15608);
#15608 = DEFINITIONAL_REPRESENTATION('',(#15609),#15613);
#15609 = LINE('',#15610,#15611);
#15610 = CARTESIAN_POINT('',(-0.214379941437,2.048152978963));
#15611 = VECTOR('',#15612,1.);
#15612 = DIRECTION('',(-1.,0.));
#15613 = ( GEOMETRIC_REPRESENTATION_CONTEXT(2) 
PARAMETRIC_REPRESENTATION_CONTEXT() REPRESENTATION_CONTEXT('2D SPACE',''
  ) );
#15614 = ORIENTED_EDGE('',*,*,#15615,.F.);
#15615 = EDGE_CURVE('',#5573,#15593,#15616,.T.);
#15616 = SURFACE_CURVE('',#15617,(#15621,#15628),.PCURVE_S1.);
#15617 = LINE('',#15618,#15619);
#15618 = CARTESIAN_POINT('',(-8.469656763247,-14.81695251154,0.));
#15619 = VECTOR('',#15620,1.);
#15620 = DIRECTION('',(-0.,-0.,1.));
#15621 = PCURVE('',#5616,#15622);
#15622 = DEFINITIONAL_REPRESENTATION('',(#15623),#15627);
#15623 = LINE('',#15624,#15625);
#15624 = CARTESIAN_POINT('',(1.82387857869,0.));
#15625 = VECTOR('',#15626,1.);
#15626 = DIRECTION('',(0.,-1.));
#15627 = ( GEOMETRIC_REPRESENTATION_CONTEXT(2) 
PARAMETRIC_REPRESENTATION_CONTEXT() REPRESENTATION_CONTEXT('2D SPACE',''
  ) );
#15628 = PCURVE('',#5588,#15629);
#15629 = DEFINITIONAL_REPRESENTATION('',(#15630),#15634);
#15630 = LINE('',#15631,#15632);
#15631 = CARTESIAN_POINT('',(0.,0.));
#15632 = VECTOR('',#15633,1.);
#15633 = DIRECTION('',(0.,-1.));
#15634 = ( GEOMETRIC_REPRESENTATION_CONTEXT(2) 
PARAMETRIC_REPRESENTATION_CONTEXT() REPRESENTATION_CONTEXT('2D SPACE',''
  ) );
#15635 = ORIENTED_EDGE('',*,*,#5600,.F.);
#15636 = ADVANCED_FACE('',(#15637),#5588,.T.);
#15637 = FACE_BOUND('',#15638,.T.);
#15638 = EDGE_LOOP('',(#15639,#15640,#15661,#15662));
#15639 = ORIENTED_EDGE('',*,*,#15615,.T.);
#15640 = ORIENTED_EDGE('',*,*,#15641,.T.);
#15641 = EDGE_CURVE('',#15593,#15467,#15642,.T.);
#15642 = SURFACE_CURVE('',#15643,(#15647,#15654),.PCURVE_S1.);
#15643 = LINE('',#15644,#15645);
#15644 = CARTESIAN_POINT('',(-8.469656763247,-14.81695251154,0.6));
#15645 = VECTOR('',#15646,1.);
#15646 = DIRECTION('',(0.,1.,0.));
#15647 = PCURVE('',#5588,#15648);
#15648 = DEFINITIONAL_REPRESENTATION('',(#15649),#15653);
#15649 = LINE('',#15650,#15651);
#15650 = CARTESIAN_POINT('',(0.,-0.6));
#15651 = VECTOR('',#15652,1.);
#15652 = DIRECTION('',(1.,0.));
#15653 = ( GEOMETRIC_REPRESENTATION_CONTEXT(2) 
PARAMETRIC_REPRESENTATION_CONTEXT() REPRESENTATION_CONTEXT('2D SPACE',''
  ) );
#15654 = PCURVE('',#15505,#15655);
#15655 = DEFINITIONAL_REPRESENTATION('',(#15656),#15660);
#15656 = LINE('',#15657,#15658);
#15657 = CARTESIAN_POINT('',(-2.038258520127,2.048152978963));
#15658 = VECTOR('',#15659,1.);
#15659 = DIRECTION('',(-0.,-1.));
#15660 = ( GEOMETRIC_REPRESENTATION_CONTEXT(2) 
PARAMETRIC_REPRESENTATION_CONTEXT() REPRESENTATION_CONTEXT('2D SPACE',''
  ) );
#15661 = ORIENTED_EDGE('',*,*,#15466,.F.);
#15662 = ORIENTED_EDGE('',*,*,#5572,.F.);
#15663 = ADVANCED_FACE('',(#15664),#5674,.T.);
#15664 = FACE_BOUND('',#15665,.T.);
#15665 = EDGE_LOOP('',(#15666,#15689,#15717,#15738));
#15666 = ORIENTED_EDGE('',*,*,#15667,.T.);
#15667 = EDGE_CURVE('',#5657,#15668,#15670,.T.);
#15668 = VERTEX_POINT('',#15669);
#15669 = CARTESIAN_POINT('',(12.542875650557,-14.21998682846,0.6));
#15670 = SURFACE_CURVE('',#15671,(#15675,#15682),.PCURVE_S1.);
#15671 = LINE('',#15672,#15673);
#15672 = CARTESIAN_POINT('',(12.542875650557,-14.21998682846,0.));
#15673 = VECTOR('',#15674,1.);
#15674 = DIRECTION('',(-0.,-0.,1.));
#15675 = PCURVE('',#5674,#15676);
#15676 = DEFINITIONAL_REPRESENTATION('',(#15677),#15681);
#15677 = LINE('',#15678,#15679);
#15678 = CARTESIAN_POINT('',(0.,0.));
#15679 = VECTOR('',#15680,1.);
#15680 = DIRECTION('',(0.,-1.));
#15681 = ( GEOMETRIC_REPRESENTATION_CONTEXT(2) 
PARAMETRIC_REPRESENTATION_CONTEXT() REPRESENTATION_CONTEXT('2D SPACE',''
  ) );
#15682 = PCURVE('',#5702,#15683);
#15683 = DEFINITIONAL_REPRESENTATION('',(#15684),#15688);
#15684 = LINE('',#15685,#15686);
#15685 = CARTESIAN_POINT('',(0.596965683079,0.));
#15686 = VECTOR('',#15687,1.);
#15687 = DIRECTION('',(0.,-1.));
#15688 = ( GEOMETRIC_REPRESENTATION_CONTEXT(2) 
PARAMETRIC_REPRESENTATION_CONTEXT() REPRESENTATION_CONTEXT('2D SPACE',''
  ) );
#15689 = ORIENTED_EDGE('',*,*,#15690,.T.);
#15690 = EDGE_CURVE('',#15668,#15691,#15693,.T.);
#15691 = VERTEX_POINT('',#15692);
#15692 = CARTESIAN_POINT('',(10.718997071867,-14.21998682846,0.6));
#15693 = SURFACE_CURVE('',#15694,(#15698,#15705),.PCURVE_S1.);
#15694 = LINE('',#15695,#15696);
#15695 = CARTESIAN_POINT('',(12.542875650557,-14.21998682846,0.6));
#15696 = VECTOR('',#15697,1.);
#15697 = DIRECTION('',(-1.,-0.,-0.));
#15698 = PCURVE('',#5674,#15699);
#15699 = DEFINITIONAL_REPRESENTATION('',(#15700),#15704);
#15700 = LINE('',#15701,#15702);
#15701 = CARTESIAN_POINT('',(0.,-0.6));
#15702 = VECTOR('',#15703,1.);
#15703 = DIRECTION('',(1.,0.));
#15704 = ( GEOMETRIC_REPRESENTATION_CONTEXT(2) 
PARAMETRIC_REPRESENTATION_CONTEXT() REPRESENTATION_CONTEXT('2D SPACE',''
  ) );
#15705 = PCURVE('',#15706,#15711);
#15706 = PLANE('',#15707);
#15707 = AXIS2_PLACEMENT_3D('',#15708,#15709,#15710);
#15708 = CARTESIAN_POINT('',(10.504617130429,-12.76879953257,0.6));
#15709 = DIRECTION('',(0.,0.,1.));
#15710 = DIRECTION('',(-1.,0.,0.));
#15711 = DEFINITIONAL_REPRESENTATION('',(#15712),#15716);
#15712 = LINE('',#15713,#15714);
#15713 = CARTESIAN_POINT('',(-2.038258520127,1.451187295883));
#15714 = VECTOR('',#15715,1.);
#15715 = DIRECTION('',(1.,-0.));
#15716 = ( GEOMETRIC_REPRESENTATION_CONTEXT(2) 
PARAMETRIC_REPRESENTATION_CONTEXT() REPRESENTATION_CONTEXT('2D SPACE',''
  ) );
#15717 = ORIENTED_EDGE('',*,*,#15718,.F.);
#15718 = EDGE_CURVE('',#5659,#15691,#15719,.T.);
#15719 = SURFACE_CURVE('',#15720,(#15724,#15731),.PCURVE_S1.);
#15720 = LINE('',#15721,#15722);
#15721 = CARTESIAN_POINT('',(10.718997071867,-14.21998682846,0.));
#15722 = VECTOR('',#15723,1.);
#15723 = DIRECTION('',(-0.,-0.,1.));
#15724 = PCURVE('',#5674,#15725);
#15725 = DEFINITIONAL_REPRESENTATION('',(#15726),#15730);
#15726 = LINE('',#15727,#15728);
#15727 = CARTESIAN_POINT('',(1.82387857869,-0.));
#15728 = VECTOR('',#15729,1.);
#15729 = DIRECTION('',(0.,-1.));
#15730 = ( GEOMETRIC_REPRESENTATION_CONTEXT(2) 
PARAMETRIC_REPRESENTATION_CONTEXT() REPRESENTATION_CONTEXT('2D SPACE',''
  ) );
#15731 = PCURVE('',#5756,#15732);
#15732 = DEFINITIONAL_REPRESENTATION('',(#15733),#15737);
#15733 = LINE('',#15734,#15735);
#15734 = CARTESIAN_POINT('',(0.,0.));
#15735 = VECTOR('',#15736,1.);
#15736 = DIRECTION('',(0.,-1.));
#15737 = ( GEOMETRIC_REPRESENTATION_CONTEXT(2) 
PARAMETRIC_REPRESENTATION_CONTEXT() REPRESENTATION_CONTEXT('2D SPACE',''
  ) );
#15738 = ORIENTED_EDGE('',*,*,#5656,.F.);
#15739 = ADVANCED_FACE('',(#15740),#5756,.T.);
#15740 = FACE_BOUND('',#15741,.T.);
#15741 = EDGE_LOOP('',(#15742,#15743,#15766,#15787));
#15742 = ORIENTED_EDGE('',*,*,#15718,.T.);
#15743 = ORIENTED_EDGE('',*,*,#15744,.T.);
#15744 = EDGE_CURVE('',#15691,#15745,#15747,.T.);
#15745 = VERTEX_POINT('',#15746);
#15746 = CARTESIAN_POINT('',(10.718997071867,-14.81695251154,0.6));
#15747 = SURFACE_CURVE('',#15748,(#15752,#15759),.PCURVE_S1.);
#15748 = LINE('',#15749,#15750);
#15749 = CARTESIAN_POINT('',(10.718997071867,-14.21998682846,0.6));
#15750 = VECTOR('',#15751,1.);
#15751 = DIRECTION('',(-0.,-1.,-0.));
#15752 = PCURVE('',#5756,#15753);
#15753 = DEFINITIONAL_REPRESENTATION('',(#15754),#15758);
#15754 = LINE('',#15755,#15756);
#15755 = CARTESIAN_POINT('',(0.,-0.6));
#15756 = VECTOR('',#15757,1.);
#15757 = DIRECTION('',(1.,0.));
#15758 = ( GEOMETRIC_REPRESENTATION_CONTEXT(2) 
PARAMETRIC_REPRESENTATION_CONTEXT() REPRESENTATION_CONTEXT('2D SPACE',''
  ) );
#15759 = PCURVE('',#15706,#15760);
#15760 = DEFINITIONAL_REPRESENTATION('',(#15761),#15765);
#15761 = LINE('',#15762,#15763);
#15762 = CARTESIAN_POINT('',(-0.214379941437,1.451187295883));
#15763 = VECTOR('',#15764,1.);
#15764 = DIRECTION('',(-0.,1.));
#15765 = ( GEOMETRIC_REPRESENTATION_CONTEXT(2) 
PARAMETRIC_REPRESENTATION_CONTEXT() REPRESENTATION_CONTEXT('2D SPACE',''
  ) );
#15766 = ORIENTED_EDGE('',*,*,#15767,.F.);
#15767 = EDGE_CURVE('',#5715,#15745,#15768,.T.);
#15768 = SURFACE_CURVE('',#15769,(#15773,#15780),.PCURVE_S1.);
#15769 = LINE('',#15770,#15771);
#15770 = CARTESIAN_POINT('',(10.718997071867,-14.81695251154,0.));
#15771 = VECTOR('',#15772,1.);
#15772 = DIRECTION('',(-0.,-0.,1.));
#15773 = PCURVE('',#5756,#15774);
#15774 = DEFINITIONAL_REPRESENTATION('',(#15775),#15779);
#15775 = LINE('',#15776,#15777);
#15776 = CARTESIAN_POINT('',(0.596965683079,0.));
#15777 = VECTOR('',#15778,1.);
#15778 = DIRECTION('',(0.,-1.));
#15779 = ( GEOMETRIC_REPRESENTATION_CONTEXT(2) 
PARAMETRIC_REPRESENTATION_CONTEXT() REPRESENTATION_CONTEXT('2D SPACE',''
  ) );
#15780 = PCURVE('',#5730,#15781);
#15781 = DEFINITIONAL_REPRESENTATION('',(#15782),#15786);
#15782 = LINE('',#15783,#15784);
#15783 = CARTESIAN_POINT('',(0.,0.));
#15784 = VECTOR('',#15785,1.);
#15785 = DIRECTION('',(0.,-1.));
#15786 = ( GEOMETRIC_REPRESENTATION_CONTEXT(2) 
PARAMETRIC_REPRESENTATION_CONTEXT() REPRESENTATION_CONTEXT('2D SPACE',''
  ) );
#15787 = ORIENTED_EDGE('',*,*,#5742,.F.);
#15788 = ADVANCED_FACE('',(#15789),#5730,.T.);
#15789 = FACE_BOUND('',#15790,.T.);
#15790 = EDGE_LOOP('',(#15791,#15792,#15815,#15836));
#15791 = ORIENTED_EDGE('',*,*,#15767,.T.);
#15792 = ORIENTED_EDGE('',*,*,#15793,.T.);
#15793 = EDGE_CURVE('',#15745,#15794,#15796,.T.);
#15794 = VERTEX_POINT('',#15795);
#15795 = CARTESIAN_POINT('',(12.542875650557,-14.81695251154,0.6));
#15796 = SURFACE_CURVE('',#15797,(#15801,#15808),.PCURVE_S1.);
#15797 = LINE('',#15798,#15799);
#15798 = CARTESIAN_POINT('',(10.718997071867,-14.81695251154,0.6));
#15799 = VECTOR('',#15800,1.);
#15800 = DIRECTION('',(1.,0.,0.));
#15801 = PCURVE('',#5730,#15802);
#15802 = DEFINITIONAL_REPRESENTATION('',(#15803),#15807);
#15803 = LINE('',#15804,#15805);
#15804 = CARTESIAN_POINT('',(0.,-0.6));
#15805 = VECTOR('',#15806,1.);
#15806 = DIRECTION('',(1.,0.));
#15807 = ( GEOMETRIC_REPRESENTATION_CONTEXT(2) 
PARAMETRIC_REPRESENTATION_CONTEXT() REPRESENTATION_CONTEXT('2D SPACE',''
  ) );
#15808 = PCURVE('',#15706,#15809);
#15809 = DEFINITIONAL_REPRESENTATION('',(#15810),#15814);
#15810 = LINE('',#15811,#15812);
#15811 = CARTESIAN_POINT('',(-0.214379941437,2.048152978963));
#15812 = VECTOR('',#15813,1.);
#15813 = DIRECTION('',(-1.,0.));
#15814 = ( GEOMETRIC_REPRESENTATION_CONTEXT(2) 
PARAMETRIC_REPRESENTATION_CONTEXT() REPRESENTATION_CONTEXT('2D SPACE',''
  ) );
#15815 = ORIENTED_EDGE('',*,*,#15816,.F.);
#15816 = EDGE_CURVE('',#5687,#15794,#15817,.T.);
#15817 = SURFACE_CURVE('',#15818,(#15822,#15829),.PCURVE_S1.);
#15818 = LINE('',#15819,#15820);
#15819 = CARTESIAN_POINT('',(12.542875650557,-14.81695251154,0.));
#15820 = VECTOR('',#15821,1.);
#15821 = DIRECTION('',(-0.,-0.,1.));
#15822 = PCURVE('',#5730,#15823);
#15823 = DEFINITIONAL_REPRESENTATION('',(#15824),#15828);
#15824 = LINE('',#15825,#15826);
#15825 = CARTESIAN_POINT('',(1.82387857869,0.));
#15826 = VECTOR('',#15827,1.);
#15827 = DIRECTION('',(0.,-1.));
#15828 = ( GEOMETRIC_REPRESENTATION_CONTEXT(2) 
PARAMETRIC_REPRESENTATION_CONTEXT() REPRESENTATION_CONTEXT('2D SPACE',''
  ) );
#15829 = PCURVE('',#5702,#15830);
#15830 = DEFINITIONAL_REPRESENTATION('',(#15831),#15835);
#15831 = LINE('',#15832,#15833);
#15832 = CARTESIAN_POINT('',(0.,0.));
#15833 = VECTOR('',#15834,1.);
#15834 = DIRECTION('',(0.,-1.));
#15835 = ( GEOMETRIC_REPRESENTATION_CONTEXT(2) 
PARAMETRIC_REPRESENTATION_CONTEXT() REPRESENTATION_CONTEXT('2D SPACE',''
  ) );
#15836 = ORIENTED_EDGE('',*,*,#5714,.F.);
#15837 = ADVANCED_FACE('',(#15838),#5702,.T.);
#15838 = FACE_BOUND('',#15839,.T.);
#15839 = EDGE_LOOP('',(#15840,#15841,#15862,#15863));
#15840 = ORIENTED_EDGE('',*,*,#15816,.T.);
#15841 = ORIENTED_EDGE('',*,*,#15842,.T.);
#15842 = EDGE_CURVE('',#15794,#15668,#15843,.T.);
#15843 = SURFACE_CURVE('',#15844,(#15848,#15855),.PCURVE_S1.);
#15844 = LINE('',#15845,#15846);
#15845 = CARTESIAN_POINT('',(12.542875650557,-14.81695251154,0.6));
#15846 = VECTOR('',#15847,1.);
#15847 = DIRECTION('',(0.,1.,0.));
#15848 = PCURVE('',#5702,#15849);
#15849 = DEFINITIONAL_REPRESENTATION('',(#15850),#15854);
#15850 = LINE('',#15851,#15852);
#15851 = CARTESIAN_POINT('',(0.,-0.6));
#15852 = VECTOR('',#15853,1.);
#15853 = DIRECTION('',(1.,0.));
#15854 = ( GEOMETRIC_REPRESENTATION_CONTEXT(2) 
PARAMETRIC_REPRESENTATION_CONTEXT() REPRESENTATION_CONTEXT('2D SPACE',''
  ) );
#15855 = PCURVE('',#15706,#15856);
#15856 = DEFINITIONAL_REPRESENTATION('',(#15857),#15861);
#15857 = LINE('',#15858,#15859);
#15858 = CARTESIAN_POINT('',(-2.038258520127,2.048152978963));
#15859 = VECTOR('',#15860,1.);
#15860 = DIRECTION('',(-0.,-1.));
#15861 = ( GEOMETRIC_REPRESENTATION_CONTEXT(2) 
PARAMETRIC_REPRESENTATION_CONTEXT() REPRESENTATION_CONTEXT('2D SPACE',''
  ) );
#15862 = ORIENTED_EDGE('',*,*,#15667,.F.);
#15863 = ORIENTED_EDGE('',*,*,#5686,.F.);
#15864 = ADVANCED_FACE('',(#15865),#6010,.T.);
#15865 = FACE_BOUND('',#15866,.T.);
#15866 = EDGE_LOOP('',(#15867,#15868,#15869,#15870));
#15867 = ORIENTED_EDGE('',*,*,#6093,.F.);
#15868 = ORIENTED_EDGE('',*,*,#6069,.F.);
#15869 = ORIENTED_EDGE('',*,*,#5994,.T.);
#15870 = ORIENTED_EDGE('',*,*,#6143,.T.);
#15871 = ADVANCED_FACE('',(#15872),#6207,.T.);
#15872 = FACE_BOUND('',#15873,.T.);
#15873 = EDGE_LOOP('',(#15874,#15897,#15923,#15924));
#15874 = ORIENTED_EDGE('',*,*,#15875,.T.);
#15875 = EDGE_CURVE('',#6169,#15876,#15878,.T.);
#15876 = VERTEX_POINT('',#15877);
#15877 = CARTESIAN_POINT('',(-24.1,-13.6,6.3));
#15878 = SEAM_CURVE('',#15879,(#15883,#15890),.PCURVE_S1.);
#15879 = LINE('',#15880,#15881);
#15880 = CARTESIAN_POINT('',(-24.1,-13.6,3.5));
#15881 = VECTOR('',#15882,1.);
#15882 = DIRECTION('',(0.,0.,1.));
#15883 = PCURVE('',#6207,#15884);
#15884 = DEFINITIONAL_REPRESENTATION('',(#15885),#15889);
#15885 = LINE('',#15886,#15887);
#15886 = CARTESIAN_POINT('',(6.28318530718,-0.));
#15887 = VECTOR('',#15888,1.);
#15888 = DIRECTION('',(0.,1.));
#15889 = ( GEOMETRIC_REPRESENTATION_CONTEXT(2) 
PARAMETRIC_REPRESENTATION_CONTEXT() REPRESENTATION_CONTEXT('2D SPACE',''
  ) );
#15890 = PCURVE('',#6207,#15891);
#15891 = DEFINITIONAL_REPRESENTATION('',(#15892),#15896);
#15892 = LINE('',#15893,#15894);
#15893 = CARTESIAN_POINT('',(0.,-0.));
#15894 = VECTOR('',#15895,1.);
#15895 = DIRECTION('',(0.,1.));
#15896 = ( GEOMETRIC_REPRESENTATION_CONTEXT(2) 
PARAMETRIC_REPRESENTATION_CONTEXT() REPRESENTATION_CONTEXT('2D SPACE',''
  ) );
#15897 = ORIENTED_EDGE('',*,*,#15898,.F.);
#15898 = EDGE_CURVE('',#15876,#15876,#15899,.T.);
#15899 = SURFACE_CURVE('',#15900,(#15905,#15912),.PCURVE_S1.);
#15900 = CIRCLE('',#15901,3.85);
#15901 = AXIS2_PLACEMENT_3D('',#15902,#15903,#15904);
#15902 = CARTESIAN_POINT('',(-27.95,-13.6,6.3));
#15903 = DIRECTION('',(0.,0.,1.));
#15904 = DIRECTION('',(1.,0.,-0.));
#15905 = PCURVE('',#6207,#15906);
#15906 = DEFINITIONAL_REPRESENTATION('',(#15907),#15911);
#15907 = LINE('',#15908,#15909);
#15908 = CARTESIAN_POINT('',(0.,2.8));
#15909 = VECTOR('',#15910,1.);
#15910 = DIRECTION('',(1.,0.));
#15911 = ( GEOMETRIC_REPRESENTATION_CONTEXT(2) 
PARAMETRIC_REPRESENTATION_CONTEXT() REPRESENTATION_CONTEXT('2D SPACE',''
  ) );
#15912 = PCURVE('',#15913,#15918);
#15913 = CONICAL_SURFACE('',#15914,3.85,0.785398163397);
#15914 = AXIS2_PLACEMENT_3D('',#15915,#15916,#15917);
#15915 = CARTESIAN_POINT('',(-27.95,-13.6,6.3));
#15916 = DIRECTION('',(0.,0.,1.));
#15917 = DIRECTION('',(1.,0.,-0.));
#15918 = DEFINITIONAL_REPRESENTATION('',(#15919),#15922);
#15919 = B_SPLINE_CURVE_WITH_KNOTS('',1,(#15920,#15921),.UNSPECIFIED.,
  .F.,.F.,(2,2),(0.,6.28318530718),.PIECEWISE_BEZIER_KNOTS.);
#15920 = CARTESIAN_POINT('',(0.,0.));
#15921 = CARTESIAN_POINT('',(6.28318530718,0.));
#15922 = ( GEOMETRIC_REPRESENTATION_CONTEXT(2) 
PARAMETRIC_REPRESENTATION_CONTEXT() REPRESENTATION_CONTEXT('2D SPACE',''
  ) );
#15923 = ORIENTED_EDGE('',*,*,#15875,.F.);
#15924 = ORIENTED_EDGE('',*,*,#6192,.T.);
#15925 = ADVANCED_FACE('',(#15926),#6263,.T.);
#15926 = FACE_BOUND('',#15927,.F.);
#15927 = EDGE_LOOP('',(#15928,#15929,#15950,#15951));
#15928 = ORIENTED_EDGE('',*,*,#6324,.F.);
#15929 = ORIENTED_EDGE('',*,*,#15930,.F.);
#15930 = EDGE_CURVE('',#6429,#6325,#15931,.T.);
#15931 = SURFACE_CURVE('',#15932,(#15936,#15943),.PCURVE_S1.);
#15932 = LINE('',#15933,#15934);
#15933 = CARTESIAN_POINT('',(4.,-16.95,11.5));
#15934 = VECTOR('',#15935,1.);
#15935 = DIRECTION('',(-1.,-0.,0.));
#15936 = PCURVE('',#6263,#15937);
#15937 = DEFINITIONAL_REPRESENTATION('',(#15938),#15942);
#15938 = LINE('',#15939,#15940);
#15939 = CARTESIAN_POINT('',(-8.,-2.2));
#15940 = VECTOR('',#15941,1.);
#15941 = DIRECTION('',(1.,-0.));
#15942 = ( GEOMETRIC_REPRESENTATION_CONTEXT(2) 
PARAMETRIC_REPRESENTATION_CONTEXT() REPRESENTATION_CONTEXT('2D SPACE',''
  ) );
#15943 = PCURVE('',#6361,#15944);
#15944 = DEFINITIONAL_REPRESENTATION('',(#15945),#15949);
#15945 = LINE('',#15946,#15947);
#15946 = CARTESIAN_POINT('',(-0.,4.));
#15947 = VECTOR('',#15948,1.);
#15948 = DIRECTION('',(-0.,-1.));
#15949 = ( GEOMETRIC_REPRESENTATION_CONTEXT(2) 
PARAMETRIC_REPRESENTATION_CONTEXT() REPRESENTATION_CONTEXT('2D SPACE',''
  ) );
#15950 = ORIENTED_EDGE('',*,*,#6428,.T.);
#15951 = ORIENTED_EDGE('',*,*,#6247,.F.);
#15952 = ADVANCED_FACE('',(#15953),#6361,.T.);
#15953 = FACE_BOUND('',#15954,.F.);
#15954 = EDGE_LOOP('',(#15955,#15956,#15957,#15958));
#15955 = ORIENTED_EDGE('',*,*,#6347,.T.);
#15956 = ORIENTED_EDGE('',*,*,#6401,.F.);
#15957 = ORIENTED_EDGE('',*,*,#6451,.F.);
#15958 = ORIENTED_EDGE('',*,*,#15930,.T.);
#15959 = ADVANCED_FACE('',(#15960),#6536,.T.);
#15960 = FACE_BOUND('',#15961,.T.);
#15961 = EDGE_LOOP('',(#15962,#15963,#15964,#15965));
#15962 = ORIENTED_EDGE('',*,*,#6522,.F.);
#15963 = ORIENTED_EDGE('',*,*,#6802,.T.);
#15964 = ORIENTED_EDGE('',*,*,#6708,.T.);
#15965 = ORIENTED_EDGE('',*,*,#6636,.F.);
#15966 = ADVANCED_FACE('',(#15967),#6567,.F.);
#15967 = FACE_BOUND('',#15968,.F.);
#15968 = EDGE_LOOP('',(#15969,#15970,#15991,#15992));
#15969 = ORIENTED_EDGE('',*,*,#6550,.T.);
#15970 = ORIENTED_EDGE('',*,*,#15971,.F.);
#15971 = EDGE_CURVE('',#6734,#6553,#15972,.T.);
#15972 = SURFACE_CURVE('',#15973,(#15977,#15984),.PCURVE_S1.);
#15973 = LINE('',#15974,#15975);
#15974 = CARTESIAN_POINT('',(17.5,-14.75,5.948528137424));
#15975 = VECTOR('',#15976,1.);
#15976 = DIRECTION('',(-1.,0.,0.));
#15977 = PCURVE('',#6567,#15978);
#15978 = DEFINITIONAL_REPRESENTATION('',(#15979),#15983);
#15979 = LINE('',#15980,#15981);
#15980 = CARTESIAN_POINT('',(1.039230484541,2.5));
#15981 = VECTOR('',#15982,1.);
#15982 = DIRECTION('',(0.,-1.));
#15983 = ( GEOMETRIC_REPRESENTATION_CONTEXT(2) 
PARAMETRIC_REPRESENTATION_CONTEXT() REPRESENTATION_CONTEXT('2D SPACE',''
  ) );
#15984 = PCURVE('',#6620,#15985);
#15985 = DEFINITIONAL_REPRESENTATION('',(#15986),#15990);
#15986 = LINE('',#15987,#15988);
#15987 = CARTESIAN_POINT('',(0.,2.5));
#15988 = VECTOR('',#15989,1.);
#15989 = DIRECTION('',(-0.,-1.));
#15990 = ( GEOMETRIC_REPRESENTATION_CONTEXT(2) 
PARAMETRIC_REPRESENTATION_CONTEXT() REPRESENTATION_CONTEXT('2D SPACE',''
  ) );
#15991 = ORIENTED_EDGE('',*,*,#6731,.F.);
#15992 = ORIENTED_EDGE('',*,*,#15993,.F.);
#15993 = EDGE_CURVE('',#6551,#6732,#15994,.T.);
#15994 = SURFACE_CURVE('',#15995,(#15999,#16005),.PCURVE_S1.);
#15995 = LINE('',#15996,#15997);
#15996 = CARTESIAN_POINT('',(12.5,-14.55,5.665685424949));
#15997 = VECTOR('',#15998,1.);
#15998 = DIRECTION('',(1.,0.,0.));
#15999 = PCURVE('',#6567,#16000);
#16000 = DEFINITIONAL_REPRESENTATION('',(#16001),#16004);
#16001 = B_SPLINE_CURVE_WITH_KNOTS('',1,(#16002,#16003),.UNSPECIFIED.,
  .F.,.F.,(2,2),(0.4999994,4.5000006),.PIECEWISE_BEZIER_KNOTS.);
#16002 = CARTESIAN_POINT('',(0.692820323028,-2.0000006));
#16003 = CARTESIAN_POINT('',(0.692820323028,2.0000006));
#16004 = ( GEOMETRIC_REPRESENTATION_CONTEXT(2) 
PARAMETRIC_REPRESENTATION_CONTEXT() REPRESENTATION_CONTEXT('2D SPACE',''
  ) );
#16005 = PCURVE('',#6595,#16006);
#16006 = DEFINITIONAL_REPRESENTATION('',(#16007),#16010);
#16007 = B_SPLINE_CURVE_WITH_KNOTS('',1,(#16008,#16009),.UNSPECIFIED.,
  .F.,.F.,(2,2),(0.5,4.5),.PIECEWISE_BEZIER_KNOTS.);
#16008 = CARTESIAN_POINT('',(9.084941051315,0.5));
#16009 = CARTESIAN_POINT('',(9.084941051315,4.5));
#16010 = ( GEOMETRIC_REPRESENTATION_CONTEXT(2) 
PARAMETRIC_REPRESENTATION_CONTEXT() REPRESENTATION_CONTEXT('2D SPACE',''
  ) );
#16011 = ADVANCED_FACE('',(#16012),#6595,.F.);
#16012 = FACE_BOUND('',#16013,.F.);
#16013 = EDGE_LOOP('',(#16014,#16015,#16034,#16035));
#16014 = ORIENTED_EDGE('',*,*,#6754,.F.);
#16015 = ORIENTED_EDGE('',*,*,#16016,.F.);
#16016 = EDGE_CURVE('',#6579,#6755,#16017,.T.);
#16017 = SURFACE_CURVE('',#16018,(#16022,#16028),.PCURVE_S1.);
#16018 = LINE('',#16019,#16020);
#16019 = CARTESIAN_POINT('',(12.5,-14.95,5.665685424949));
#16020 = VECTOR('',#16021,1.);
#16021 = DIRECTION('',(1.,0.,0.));
#16022 = PCURVE('',#6595,#16023);
#16023 = DEFINITIONAL_REPRESENTATION('',(#16024),#16027);
#16024 = B_SPLINE_CURVE_WITH_KNOTS('',1,(#16025,#16026),.UNSPECIFIED.,
  .F.,.F.,(2,2),(0.5,4.5),.PIECEWISE_BEZIER_KNOTS.);
#16025 = CARTESIAN_POINT('',(3.481429563044,0.5));
#16026 = CARTESIAN_POINT('',(3.481429563044,4.5));
#16027 = ( GEOMETRIC_REPRESENTATION_CONTEXT(2) 
PARAMETRIC_REPRESENTATION_CONTEXT() REPRESENTATION_CONTEXT('2D SPACE',''
  ) );
#16028 = PCURVE('',#6620,#16029);
#16029 = DEFINITIONAL_REPRESENTATION('',(#16030),#16033);
#16030 = B_SPLINE_CURVE_WITH_KNOTS('',1,(#16031,#16032),.UNSPECIFIED.,
  .F.,.F.,(2,2),(0.4999994,4.5000006),.PIECEWISE_BEZIER_KNOTS.);
#16031 = CARTESIAN_POINT('',(0.346410161514,-2.0000006));
#16032 = CARTESIAN_POINT('',(0.346410161514,2.0000006));
#16033 = ( GEOMETRIC_REPRESENTATION_CONTEXT(2) 
PARAMETRIC_REPRESENTATION_CONTEXT() REPRESENTATION_CONTEXT('2D SPACE',''
  ) );
#16034 = ORIENTED_EDGE('',*,*,#6578,.T.);
#16035 = ORIENTED_EDGE('',*,*,#15993,.T.);
#16036 = ADVANCED_FACE('',(#16037),#6620,.F.);
#16037 = FACE_BOUND('',#16038,.F.);
#16038 = EDGE_LOOP('',(#16039,#16040,#16041,#16042));
#16039 = ORIENTED_EDGE('',*,*,#15971,.T.);
#16040 = ORIENTED_EDGE('',*,*,#6607,.T.);
#16041 = ORIENTED_EDGE('',*,*,#16016,.T.);
#16042 = ORIENTED_EDGE('',*,*,#6778,.F.);
#16043 = ADVANCED_FACE('',(#16044),#6867,.T.);
#16044 = FACE_BOUND('',#16045,.T.);
#16045 = EDGE_LOOP('',(#16046,#16069,#16095,#16096));
#16046 = ORIENTED_EDGE('',*,*,#16047,.T.);
#16047 = EDGE_CURVE('',#6829,#16048,#16050,.T.);
#16048 = VERTEX_POINT('',#16049);
#16049 = CARTESIAN_POINT('',(31.8,-13.6,6.3));
#16050 = SEAM_CURVE('',#16051,(#16055,#16062),.PCURVE_S1.);
#16051 = LINE('',#16052,#16053);
#16052 = CARTESIAN_POINT('',(31.8,-13.6,3.5));
#16053 = VECTOR('',#16054,1.);
#16054 = DIRECTION('',(0.,0.,1.));
#16055 = PCURVE('',#6867,#16056);
#16056 = DEFINITIONAL_REPRESENTATION('',(#16057),#16061);
#16057 = LINE('',#16058,#16059);
#16058 = CARTESIAN_POINT('',(6.28318530718,-0.));
#16059 = VECTOR('',#16060,1.);
#16060 = DIRECTION('',(0.,1.));
#16061 = ( GEOMETRIC_REPRESENTATION_CONTEXT(2) 
PARAMETRIC_REPRESENTATION_CONTEXT() REPRESENTATION_CONTEXT('2D SPACE',''
  ) );
#16062 = PCURVE('',#6867,#16063);
#16063 = DEFINITIONAL_REPRESENTATION('',(#16064),#16068);
#16064 = LINE('',#16065,#16066);
#16065 = CARTESIAN_POINT('',(0.,-0.));
#16066 = VECTOR('',#16067,1.);
#16067 = DIRECTION('',(0.,1.));
#16068 = ( GEOMETRIC_REPRESENTATION_CONTEXT(2) 
PARAMETRIC_REPRESENTATION_CONTEXT() REPRESENTATION_CONTEXT('2D SPACE',''
  ) );
#16069 = ORIENTED_EDGE('',*,*,#16070,.F.);
#16070 = EDGE_CURVE('',#16048,#16048,#16071,.T.);
#16071 = SURFACE_CURVE('',#16072,(#16077,#16084),.PCURVE_S1.);
#16072 = CIRCLE('',#16073,3.85);
#16073 = AXIS2_PLACEMENT_3D('',#16074,#16075,#16076);
#16074 = CARTESIAN_POINT('',(27.95,-13.6,6.3));
#16075 = DIRECTION('',(0.,0.,1.));
#16076 = DIRECTION('',(1.,0.,-0.));
#16077 = PCURVE('',#6867,#16078);
#16078 = DEFINITIONAL_REPRESENTATION('',(#16079),#16083);
#16079 = LINE('',#16080,#16081);
#16080 = CARTESIAN_POINT('',(0.,2.8));
#16081 = VECTOR('',#16082,1.);
#16082 = DIRECTION('',(1.,0.));
#16083 = ( GEOMETRIC_REPRESENTATION_CONTEXT(2) 
PARAMETRIC_REPRESENTATION_CONTEXT() REPRESENTATION_CONTEXT('2D SPACE',''
  ) );
#16084 = PCURVE('',#16085,#16090);
#16085 = CONICAL_SURFACE('',#16086,3.85,0.785398163397);
#16086 = AXIS2_PLACEMENT_3D('',#16087,#16088,#16089);
#16087 = CARTESIAN_POINT('',(27.95,-13.6,6.3));
#16088 = DIRECTION('',(0.,0.,1.));
#16089 = DIRECTION('',(1.,0.,-0.));
#16090 = DEFINITIONAL_REPRESENTATION('',(#16091),#16094);
#16091 = B_SPLINE_CURVE_WITH_KNOTS('',1,(#16092,#16093),.UNSPECIFIED.,
  .F.,.F.,(2,2),(0.,6.28318530718),.PIECEWISE_BEZIER_KNOTS.);
#16092 = CARTESIAN_POINT('',(0.,0.));
#16093 = CARTESIAN_POINT('',(6.28318530718,0.));
#16094 = ( GEOMETRIC_REPRESENTATION_CONTEXT(2) 
PARAMETRIC_REPRESENTATION_CONTEXT() REPRESENTATION_CONTEXT('2D SPACE',''
  ) );
#16095 = ORIENTED_EDGE('',*,*,#16047,.F.);
#16096 = ORIENTED_EDGE('',*,*,#6852,.T.);
#16097 = ADVANCED_FACE('',(#16098),#6944,.T.);
#16098 = FACE_BOUND('',#16099,.T.);
#16099 = EDGE_LOOP('',(#16100,#16101,#16102,#16103));
#16100 = ORIENTED_EDGE('',*,*,#6930,.F.);
#16101 = ORIENTED_EDGE('',*,*,#7210,.T.);
#16102 = ORIENTED_EDGE('',*,*,#7116,.T.);
#16103 = ORIENTED_EDGE('',*,*,#7044,.F.);
#16104 = ADVANCED_FACE('',(#16105),#6975,.F.);
#16105 = FACE_BOUND('',#16106,.F.);
#16106 = EDGE_LOOP('',(#16107,#16108,#16129,#16130));
#16107 = ORIENTED_EDGE('',*,*,#6958,.T.);
#16108 = ORIENTED_EDGE('',*,*,#16109,.F.);
#16109 = EDGE_CURVE('',#7142,#6961,#16110,.T.);
#16110 = SURFACE_CURVE('',#16111,(#16115,#16122),.PCURVE_S1.);
#16111 = LINE('',#16112,#16113);
#16112 = CARTESIAN_POINT('',(17.5,-7.25,5.948528137424));
#16113 = VECTOR('',#16114,1.);
#16114 = DIRECTION('',(-1.,0.,0.));
#16115 = PCURVE('',#6975,#16116);
#16116 = DEFINITIONAL_REPRESENTATION('',(#16117),#16121);
#16117 = LINE('',#16118,#16119);
#16118 = CARTESIAN_POINT('',(1.039230484541,2.5));
#16119 = VECTOR('',#16120,1.);
#16120 = DIRECTION('',(0.,-1.));
#16121 = ( GEOMETRIC_REPRESENTATION_CONTEXT(2) 
PARAMETRIC_REPRESENTATION_CONTEXT() REPRESENTATION_CONTEXT('2D SPACE',''
  ) );
#16122 = PCURVE('',#7028,#16123);
#16123 = DEFINITIONAL_REPRESENTATION('',(#16124),#16128);
#16124 = LINE('',#16125,#16126);
#16125 = CARTESIAN_POINT('',(0.,2.5));
#16126 = VECTOR('',#16127,1.);
#16127 = DIRECTION('',(-0.,-1.));
#16128 = ( GEOMETRIC_REPRESENTATION_CONTEXT(2) 
PARAMETRIC_REPRESENTATION_CONTEXT() REPRESENTATION_CONTEXT('2D SPACE',''
  ) );
#16129 = ORIENTED_EDGE('',*,*,#7139,.F.);
#16130 = ORIENTED_EDGE('',*,*,#16131,.F.);
#16131 = EDGE_CURVE('',#6959,#7140,#16132,.T.);
#16132 = SURFACE_CURVE('',#16133,(#16137,#16143),.PCURVE_S1.);
#16133 = LINE('',#16134,#16135);
#16134 = CARTESIAN_POINT('',(12.5,-7.05,5.665685424949));
#16135 = VECTOR('',#16136,1.);
#16136 = DIRECTION('',(1.,0.,0.));
#16137 = PCURVE('',#6975,#16138);
#16138 = DEFINITIONAL_REPRESENTATION('',(#16139),#16142);
#16139 = B_SPLINE_CURVE_WITH_KNOTS('',1,(#16140,#16141),.UNSPECIFIED.,
  .F.,.F.,(2,2),(0.4999994,4.5000006),.PIECEWISE_BEZIER_KNOTS.);
#16140 = CARTESIAN_POINT('',(0.692820323028,-2.0000006));
#16141 = CARTESIAN_POINT('',(0.692820323028,2.0000006));
#16142 = ( GEOMETRIC_REPRESENTATION_CONTEXT(2) 
PARAMETRIC_REPRESENTATION_CONTEXT() REPRESENTATION_CONTEXT('2D SPACE',''
  ) );
#16143 = PCURVE('',#7003,#16144);
#16144 = DEFINITIONAL_REPRESENTATION('',(#16145),#16148);
#16145 = B_SPLINE_CURVE_WITH_KNOTS('',1,(#16146,#16147),.UNSPECIFIED.,
  .F.,.F.,(2,2),(0.5,4.5),.PIECEWISE_BEZIER_KNOTS.);
#16146 = CARTESIAN_POINT('',(9.084941051315,0.5));
#16147 = CARTESIAN_POINT('',(9.084941051315,4.5));
#16148 = ( GEOMETRIC_REPRESENTATION_CONTEXT(2) 
PARAMETRIC_REPRESENTATION_CONTEXT() REPRESENTATION_CONTEXT('2D SPACE',''
  ) );
#16149 = ADVANCED_FACE('',(#16150),#7003,.F.);
#16150 = FACE_BOUND('',#16151,.F.);
#16151 = EDGE_LOOP('',(#16152,#16153,#16172,#16173));
#16152 = ORIENTED_EDGE('',*,*,#7162,.F.);
#16153 = ORIENTED_EDGE('',*,*,#16154,.F.);
#16154 = EDGE_CURVE('',#6987,#7163,#16155,.T.);
#16155 = SURFACE_CURVE('',#16156,(#16160,#16166),.PCURVE_S1.);
#16156 = LINE('',#16157,#16158);
#16157 = CARTESIAN_POINT('',(12.5,-7.45,5.665685424949));
#16158 = VECTOR('',#16159,1.);
#16159 = DIRECTION('',(1.,0.,0.));
#16160 = PCURVE('',#7003,#16161);
#16161 = DEFINITIONAL_REPRESENTATION('',(#16162),#16165);
#16162 = B_SPLINE_CURVE_WITH_KNOTS('',1,(#16163,#16164),.UNSPECIFIED.,
  .F.,.F.,(2,2),(0.5,4.5),.PIECEWISE_BEZIER_KNOTS.);
#16163 = CARTESIAN_POINT('',(3.481429563044,0.5));
#16164 = CARTESIAN_POINT('',(3.481429563044,4.5));
#16165 = ( GEOMETRIC_REPRESENTATION_CONTEXT(2) 
PARAMETRIC_REPRESENTATION_CONTEXT() REPRESENTATION_CONTEXT('2D SPACE',''
  ) );
#16166 = PCURVE('',#7028,#16167);
#16167 = DEFINITIONAL_REPRESENTATION('',(#16168),#16171);
#16168 = B_SPLINE_CURVE_WITH_KNOTS('',1,(#16169,#16170),.UNSPECIFIED.,
  .F.,.F.,(2,2),(0.4999994,4.5000006),.PIECEWISE_BEZIER_KNOTS.);
#16169 = CARTESIAN_POINT('',(0.346410161514,-2.0000006));
#16170 = CARTESIAN_POINT('',(0.346410161514,2.0000006));
#16171 = ( GEOMETRIC_REPRESENTATION_CONTEXT(2) 
PARAMETRIC_REPRESENTATION_CONTEXT() REPRESENTATION_CONTEXT('2D SPACE',''
  ) );
#16172 = ORIENTED_EDGE('',*,*,#6986,.T.);
#16173 = ORIENTED_EDGE('',*,*,#16131,.T.);
#16174 = ADVANCED_FACE('',(#16175),#7028,.F.);
#16175 = FACE_BOUND('',#16176,.F.);
#16176 = EDGE_LOOP('',(#16177,#16178,#16179,#16180));
#16177 = ORIENTED_EDGE('',*,*,#16109,.T.);
#16178 = ORIENTED_EDGE('',*,*,#7015,.T.);
#16179 = ORIENTED_EDGE('',*,*,#16154,.T.);
#16180 = ORIENTED_EDGE('',*,*,#7186,.F.);
#16181 = ADVANCED_FACE('',(#16182),#7274,.T.);
#16182 = FACE_BOUND('',#16183,.F.);
#16183 = EDGE_LOOP('',(#16184,#16185,#16186,#16207));
#16184 = ORIENTED_EDGE('',*,*,#7390,.F.);
#16185 = ORIENTED_EDGE('',*,*,#7417,.T.);
#16186 = ORIENTED_EDGE('',*,*,#16187,.T.);
#16187 = EDGE_CURVE('',#7418,#7259,#16188,.T.);
#16188 = SURFACE_CURVE('',#16189,(#16193,#16200),.PCURVE_S1.);
#16189 = LINE('',#16190,#16191);
#16190 = CARTESIAN_POINT('',(9.,2.,12.6));
#16191 = VECTOR('',#16192,1.);
#16192 = DIRECTION('',(1.,-0.,-0.));
#16193 = PCURVE('',#7274,#16194);
#16194 = DEFINITIONAL_REPRESENTATION('',(#16195),#16199);
#16195 = LINE('',#16196,#16197);
#16196 = CARTESIAN_POINT('',(-6.5,-2.));
#16197 = VECTOR('',#16198,1.);
#16198 = DIRECTION('',(-0.,1.));
#16199 = ( GEOMETRIC_REPRESENTATION_CONTEXT(2) 
PARAMETRIC_REPRESENTATION_CONTEXT() REPRESENTATION_CONTEXT('2D SPACE',''
  ) );
#16200 = PCURVE('',#7302,#16201);
#16201 = DEFINITIONAL_REPRESENTATION('',(#16202),#16206);
#16202 = LINE('',#16203,#16204);
#16203 = CARTESIAN_POINT('',(-0.,-2.));
#16204 = VECTOR('',#16205,1.);
#16205 = DIRECTION('',(-0.,1.));
#16206 = ( GEOMETRIC_REPRESENTATION_CONTEXT(2) 
PARAMETRIC_REPRESENTATION_CONTEXT() REPRESENTATION_CONTEXT('2D SPACE',''
  ) );
#16207 = ORIENTED_EDGE('',*,*,#7258,.F.);
#16208 = ADVANCED_FACE('',(#16209),#7302,.T.);
#16209 = FACE_BOUND('',#16210,.F.);
#16210 = EDGE_LOOP('',(#16211,#16212,#16213,#16234));
#16211 = ORIENTED_EDGE('',*,*,#16187,.F.);
#16212 = ORIENTED_EDGE('',*,*,#7440,.T.);
#16213 = ORIENTED_EDGE('',*,*,#16214,.T.);
#16214 = EDGE_CURVE('',#7441,#7287,#16215,.T.);
#16215 = SURFACE_CURVE('',#16216,(#16220,#16227),.PCURVE_S1.);
#16216 = LINE('',#16217,#16218);
#16217 = CARTESIAN_POINT('',(9.,2.,11.));
#16218 = VECTOR('',#16219,1.);
#16219 = DIRECTION('',(1.,-0.,-0.));
#16220 = PCURVE('',#7302,#16221);
#16221 = DEFINITIONAL_REPRESENTATION('',(#16222),#16226);
#16222 = LINE('',#16223,#16224);
#16223 = CARTESIAN_POINT('',(-1.6,-2.));
#16224 = VECTOR('',#16225,1.);
#16225 = DIRECTION('',(-0.,1.));
#16226 = ( GEOMETRIC_REPRESENTATION_CONTEXT(2) 
PARAMETRIC_REPRESENTATION_CONTEXT() REPRESENTATION_CONTEXT('2D SPACE',''
  ) );
#16227 = PCURVE('',#7330,#16228);
#16228 = DEFINITIONAL_REPRESENTATION('',(#16229),#16233);
#16229 = LINE('',#16230,#16231);
#16230 = CARTESIAN_POINT('',(-0.,-2.));
#16231 = VECTOR('',#16232,1.);
#16232 = DIRECTION('',(-0.,1.));
#16233 = ( GEOMETRIC_REPRESENTATION_CONTEXT(2) 
PARAMETRIC_REPRESENTATION_CONTEXT() REPRESENTATION_CONTEXT('2D SPACE',''
  ) );
#16234 = ORIENTED_EDGE('',*,*,#7286,.F.);
#16235 = ADVANCED_FACE('',(#16236),#7330,.T.);
#16236 = FACE_BOUND('',#16237,.F.);
#16237 = EDGE_LOOP('',(#16238,#16239,#16240,#16241));
#16238 = ORIENTED_EDGE('',*,*,#16214,.F.);
#16239 = ORIENTED_EDGE('',*,*,#7463,.T.);
#16240 = ORIENTED_EDGE('',*,*,#7514,.F.);
#16241 = ORIENTED_EDGE('',*,*,#7314,.F.);
#16242 = ADVANCED_FACE('',(#16243),#7577,.T.);
#16243 = FACE_BOUND('',#16244,.F.);
#16244 = EDGE_LOOP('',(#16245,#16246,#16247,#16268));
#16245 = ORIENTED_EDGE('',*,*,#7693,.F.);
#16246 = ORIENTED_EDGE('',*,*,#7720,.T.);
#16247 = ORIENTED_EDGE('',*,*,#16248,.T.);
#16248 = EDGE_CURVE('',#7721,#7562,#16249,.T.);
#16249 = SURFACE_CURVE('',#16250,(#16254,#16261),.PCURVE_S1.);
#16250 = LINE('',#16251,#16252);
#16251 = CARTESIAN_POINT('',(23.,2.,12.6));
#16252 = VECTOR('',#16253,1.);
#16253 = DIRECTION('',(1.,-0.,-0.));
#16254 = PCURVE('',#7577,#16255);
#16255 = DEFINITIONAL_REPRESENTATION('',(#16256),#16260);
#16256 = LINE('',#16257,#16258);
#16257 = CARTESIAN_POINT('',(-6.5,-2.));
#16258 = VECTOR('',#16259,1.);
#16259 = DIRECTION('',(-0.,1.));
#16260 = ( GEOMETRIC_REPRESENTATION_CONTEXT(2) 
PARAMETRIC_REPRESENTATION_CONTEXT() REPRESENTATION_CONTEXT('2D SPACE',''
  ) );
#16261 = PCURVE('',#7605,#16262);
#16262 = DEFINITIONAL_REPRESENTATION('',(#16263),#16267);
#16263 = LINE('',#16264,#16265);
#16264 = CARTESIAN_POINT('',(-0.,-2.));
#16265 = VECTOR('',#16266,1.);
#16266 = DIRECTION('',(-0.,1.));
#16267 = ( GEOMETRIC_REPRESENTATION_CONTEXT(2) 
PARAMETRIC_REPRESENTATION_CONTEXT() REPRESENTATION_CONTEXT('2D SPACE',''
  ) );
#16268 = ORIENTED_EDGE('',*,*,#7561,.F.);
#16269 = ADVANCED_FACE('',(#16270),#7605,.T.);
#16270 = FACE_BOUND('',#16271,.F.);
#16271 = EDGE_LOOP('',(#16272,#16273,#16274,#16295));
#16272 = ORIENTED_EDGE('',*,*,#16248,.F.);
#16273 = ORIENTED_EDGE('',*,*,#7743,.T.);
#16274 = ORIENTED_EDGE('',*,*,#16275,.T.);
#16275 = EDGE_CURVE('',#7744,#7590,#16276,.T.);
#16276 = SURFACE_CURVE('',#16277,(#16281,#16288),.PCURVE_S1.);
#16277 = LINE('',#16278,#16279);
#16278 = CARTESIAN_POINT('',(23.,2.,11.));
#16279 = VECTOR('',#16280,1.);
#16280 = DIRECTION('',(1.,-0.,-0.));
#16281 = PCURVE('',#7605,#16282);
#16282 = DEFINITIONAL_REPRESENTATION('',(#16283),#16287);
#16283 = LINE('',#16284,#16285);
#16284 = CARTESIAN_POINT('',(-1.6,-2.));
#16285 = VECTOR('',#16286,1.);
#16286 = DIRECTION('',(-0.,1.));
#16287 = ( GEOMETRIC_REPRESENTATION_CONTEXT(2) 
PARAMETRIC_REPRESENTATION_CONTEXT() REPRESENTATION_CONTEXT('2D SPACE',''
  ) );
#16288 = PCURVE('',#7633,#16289);
#16289 = DEFINITIONAL_REPRESENTATION('',(#16290),#16294);
#16290 = LINE('',#16291,#16292);
#16291 = CARTESIAN_POINT('',(-0.,-2.));
#16292 = VECTOR('',#16293,1.);
#16293 = DIRECTION('',(-0.,1.));
#16294 = ( GEOMETRIC_REPRESENTATION_CONTEXT(2) 
PARAMETRIC_REPRESENTATION_CONTEXT() REPRESENTATION_CONTEXT('2D SPACE',''
  ) );
#16295 = ORIENTED_EDGE('',*,*,#7589,.F.);
#16296 = ADVANCED_FACE('',(#16297),#7633,.T.);
#16297 = FACE_BOUND('',#16298,.F.);
#16298 = EDGE_LOOP('',(#16299,#16300,#16301,#16302));
#16299 = ORIENTED_EDGE('',*,*,#16275,.F.);
#16300 = ORIENTED_EDGE('',*,*,#7766,.T.);
#16301 = ORIENTED_EDGE('',*,*,#7817,.F.);
#16302 = ORIENTED_EDGE('',*,*,#7617,.F.);
#16303 = ADVANCED_FACE('',(#16304),#7859,.T.);
#16304 = FACE_BOUND('',#16305,.T.);
#16305 = EDGE_LOOP('',(#16306,#16307,#16308,#16309));
#16306 = ORIENTED_EDGE('',*,*,#7841,.F.);
#16307 = ORIENTED_EDGE('',*,*,#8125,.T.);
#16308 = ORIENTED_EDGE('',*,*,#8023,.T.);
#16309 = ORIENTED_EDGE('',*,*,#16310,.F.);
#16310 = EDGE_CURVE('',#7844,#8026,#16311,.T.);
#16311 = SURFACE_CURVE('',#16312,(#16316,#16322),.PCURVE_S1.);
#16312 = LINE('',#16313,#16314);
#16313 = CARTESIAN_POINT('',(-11.7,-2.5,18.3));
#16314 = VECTOR('',#16315,1.);
#16315 = DIRECTION('',(1.,0.,0.));
#16316 = PCURVE('',#7859,#16317);
#16317 = DEFINITIONAL_REPRESENTATION('',(#16318),#16321);
#16318 = B_SPLINE_CURVE_WITH_KNOTS('',1,(#16319,#16320),.UNSPECIFIED.,
  .F.,.F.,(2,2),(0.8,3.2),.PIECEWISE_BEZIER_KNOTS.);
#16319 = CARTESIAN_POINT('',(-0.2,12.5));
#16320 = CARTESIAN_POINT('',(2.2,12.5));
#16321 = ( GEOMETRIC_REPRESENTATION_CONTEXT(2) 
PARAMETRIC_REPRESENTATION_CONTEXT() REPRESENTATION_CONTEXT('2D SPACE',''
  ) );
#16322 = PCURVE('',#7959,#16323);
#16323 = DEFINITIONAL_REPRESENTATION('',(#16324),#16327);
#16324 = B_SPLINE_CURVE_WITH_KNOTS('',1,(#16325,#16326),.UNSPECIFIED.,
  .F.,.F.,(2,2),(1.,3.),.PIECEWISE_BEZIER_KNOTS.);
#16325 = CARTESIAN_POINT('',(4.712388980385,1.));
#16326 = CARTESIAN_POINT('',(4.712388980385,3.));
#16327 = ( GEOMETRIC_REPRESENTATION_CONTEXT(2) 
PARAMETRIC_REPRESENTATION_CONTEXT() REPRESENTATION_CONTEXT('2D SPACE',''
  ) );
#16328 = ADVANCED_FACE('',(#16329),#7932,.T.);
#16329 = FACE_BOUND('',#16330,.T.);
#16330 = EDGE_LOOP('',(#16331,#16332,#16351,#16352));
#16331 = ORIENTED_EDGE('',*,*,#7916,.F.);
#16332 = ORIENTED_EDGE('',*,*,#16333,.T.);
#16333 = EDGE_CURVE('',#7917,#8072,#16334,.T.);
#16334 = SURFACE_CURVE('',#16335,(#16339,#16345),.PCURVE_S1.);
#16335 = LINE('',#16336,#16337);
#16336 = CARTESIAN_POINT('',(-11.7,2.5,18.3));
#16337 = VECTOR('',#16338,1.);
#16338 = DIRECTION('',(1.,0.,0.));
#16339 = PCURVE('',#7932,#16340);
#16340 = DEFINITIONAL_REPRESENTATION('',(#16341),#16344);
#16341 = B_SPLINE_CURVE_WITH_KNOTS('',1,(#16342,#16343),.UNSPECIFIED.,
  .F.,.F.,(2,2),(0.8,3.2),.PIECEWISE_BEZIER_KNOTS.);
#16342 = CARTESIAN_POINT('',(-0.2,17.5));
#16343 = CARTESIAN_POINT('',(2.2,17.5));
#16344 = ( GEOMETRIC_REPRESENTATION_CONTEXT(2) 
PARAMETRIC_REPRESENTATION_CONTEXT() REPRESENTATION_CONTEXT('2D SPACE',''
  ) );
#16345 = PCURVE('',#7959,#16346);
#16346 = DEFINITIONAL_REPRESENTATION('',(#16347),#16350);
#16347 = B_SPLINE_CURVE_WITH_KNOTS('',1,(#16348,#16349),.UNSPECIFIED.,
  .F.,.F.,(2,2),(1.,3.),.PIECEWISE_BEZIER_KNOTS.);
#16348 = CARTESIAN_POINT('',(7.853981633974,1.));
#16349 = CARTESIAN_POINT('',(7.853981633974,3.));
#16350 = ( GEOMETRIC_REPRESENTATION_CONTEXT(2) 
PARAMETRIC_REPRESENTATION_CONTEXT() REPRESENTATION_CONTEXT('2D SPACE',''
  ) );
#16351 = ORIENTED_EDGE('',*,*,#8071,.T.);
#16352 = ORIENTED_EDGE('',*,*,#7976,.F.);
#16353 = ADVANCED_FACE('',(#16354),#7959,.F.);
#16354 = FACE_BOUND('',#16355,.F.);
#16355 = EDGE_LOOP('',(#16356,#16357,#16358,#16359));
#16356 = ORIENTED_EDGE('',*,*,#7944,.T.);
#16357 = ORIENTED_EDGE('',*,*,#16333,.T.);
#16358 = ORIENTED_EDGE('',*,*,#8094,.T.);
#16359 = ORIENTED_EDGE('',*,*,#16310,.F.);
#16360 = ADVANCED_FACE('',(#16361),#8190,.T.);
#16361 = FACE_BOUND('',#16362,.T.);
#16362 = EDGE_LOOP('',(#16363,#16386,#16412,#16413));
#16363 = ORIENTED_EDGE('',*,*,#16364,.T.);
#16364 = EDGE_CURVE('',#8152,#16365,#16367,.T.);
#16365 = VERTEX_POINT('',#16366);
#16366 = CARTESIAN_POINT('',(-24.1,13.6,6.3));
#16367 = SEAM_CURVE('',#16368,(#16372,#16379),.PCURVE_S1.);
#16368 = LINE('',#16369,#16370);
#16369 = CARTESIAN_POINT('',(-24.1,13.6,3.5));
#16370 = VECTOR('',#16371,1.);
#16371 = DIRECTION('',(0.,0.,1.));
#16372 = PCURVE('',#8190,#16373);
#16373 = DEFINITIONAL_REPRESENTATION('',(#16374),#16378);
#16374 = LINE('',#16375,#16376);
#16375 = CARTESIAN_POINT('',(6.28318530718,-0.));
#16376 = VECTOR('',#16377,1.);
#16377 = DIRECTION('',(0.,1.));
#16378 = ( GEOMETRIC_REPRESENTATION_CONTEXT(2) 
PARAMETRIC_REPRESENTATION_CONTEXT() REPRESENTATION_CONTEXT('2D SPACE',''
  ) );
#16379 = PCURVE('',#8190,#16380);
#16380 = DEFINITIONAL_REPRESENTATION('',(#16381),#16385);
#16381 = LINE('',#16382,#16383);
#16382 = CARTESIAN_POINT('',(0.,-0.));
#16383 = VECTOR('',#16384,1.);
#16384 = DIRECTION('',(0.,1.));
#16385 = ( GEOMETRIC_REPRESENTATION_CONTEXT(2) 
PARAMETRIC_REPRESENTATION_CONTEXT() REPRESENTATION_CONTEXT('2D SPACE',''
  ) );
#16386 = ORIENTED_EDGE('',*,*,#16387,.F.);
#16387 = EDGE_CURVE('',#16365,#16365,#16388,.T.);
#16388 = SURFACE_CURVE('',#16389,(#16394,#16401),.PCURVE_S1.);
#16389 = CIRCLE('',#16390,3.85);
#16390 = AXIS2_PLACEMENT_3D('',#16391,#16392,#16393);
#16391 = CARTESIAN_POINT('',(-27.95,13.6,6.3));
#16392 = DIRECTION('',(0.,0.,1.));
#16393 = DIRECTION('',(1.,0.,-0.));
#16394 = PCURVE('',#8190,#16395);
#16395 = DEFINITIONAL_REPRESENTATION('',(#16396),#16400);
#16396 = LINE('',#16397,#16398);
#16397 = CARTESIAN_POINT('',(0.,2.8));
#16398 = VECTOR('',#16399,1.);
#16399 = DIRECTION('',(1.,0.));
#16400 = ( GEOMETRIC_REPRESENTATION_CONTEXT(2) 
PARAMETRIC_REPRESENTATION_CONTEXT() REPRESENTATION_CONTEXT('2D SPACE',''
  ) );
#16401 = PCURVE('',#16402,#16407);
#16402 = CONICAL_SURFACE('',#16403,3.85,0.785398163397);
#16403 = AXIS2_PLACEMENT_3D('',#16404,#16405,#16406);
#16404 = CARTESIAN_POINT('',(-27.95,13.6,6.3));
#16405 = DIRECTION('',(0.,0.,1.));
#16406 = DIRECTION('',(1.,0.,-0.));
#16407 = DEFINITIONAL_REPRESENTATION('',(#16408),#16411);
#16408 = B_SPLINE_CURVE_WITH_KNOTS('',1,(#16409,#16410),.UNSPECIFIED.,
  .F.,.F.,(2,2),(0.,6.28318530718),.PIECEWISE_BEZIER_KNOTS.);
#16409 = CARTESIAN_POINT('',(0.,0.));
#16410 = CARTESIAN_POINT('',(6.28318530718,0.));
#16411 = ( GEOMETRIC_REPRESENTATION_CONTEXT(2) 
PARAMETRIC_REPRESENTATION_CONTEXT() REPRESENTATION_CONTEXT('2D SPACE',''
  ) );
#16412 = ORIENTED_EDGE('',*,*,#16364,.F.);
#16413 = ORIENTED_EDGE('',*,*,#8175,.T.);
#16414 = ADVANCED_FACE('',(#16415),#8269,.T.);
#16415 = FACE_BOUND('',#16416,.T.);
#16416 = EDGE_LOOP('',(#16417,#16418,#16439,#16440));
#16417 = ORIENTED_EDGE('',*,*,#8253,.F.);
#16418 = ORIENTED_EDGE('',*,*,#16419,.F.);
#16419 = EDGE_CURVE('',#8385,#8254,#16420,.T.);
#16420 = SURFACE_CURVE('',#16421,(#16425,#16432),.PCURVE_S1.);
#16421 = LINE('',#16422,#16423);
#16422 = CARTESIAN_POINT('',(4.,16.95,11.5));
#16423 = VECTOR('',#16424,1.);
#16424 = DIRECTION('',(-1.,0.,0.));
#16425 = PCURVE('',#8269,#16426);
#16426 = DEFINITIONAL_REPRESENTATION('',(#16427),#16431);
#16427 = LINE('',#16428,#16429);
#16428 = CARTESIAN_POINT('',(8.,-2.2));
#16429 = VECTOR('',#16430,1.);
#16430 = DIRECTION('',(-1.,0.));
#16431 = ( GEOMETRIC_REPRESENTATION_CONTEXT(2) 
PARAMETRIC_REPRESENTATION_CONTEXT() REPRESENTATION_CONTEXT('2D SPACE',''
  ) );
#16432 = PCURVE('',#8295,#16433);
#16433 = DEFINITIONAL_REPRESENTATION('',(#16434),#16438);
#16434 = LINE('',#16435,#16436);
#16435 = CARTESIAN_POINT('',(0.,4.));
#16436 = VECTOR('',#16437,1.);
#16437 = DIRECTION('',(0.,-1.));
#16438 = ( GEOMETRIC_REPRESENTATION_CONTEXT(2) 
PARAMETRIC_REPRESENTATION_CONTEXT() REPRESENTATION_CONTEXT('2D SPACE',''
  ) );
#16439 = ORIENTED_EDGE('',*,*,#8384,.T.);
#16440 = ORIENTED_EDGE('',*,*,#8312,.F.);
#16441 = ADVANCED_FACE('',(#16442),#8295,.T.);
#16442 = FACE_BOUND('',#16443,.T.);
#16443 = EDGE_LOOP('',(#16444,#16445,#16446,#16447));
#16444 = ORIENTED_EDGE('',*,*,#8281,.T.);
#16445 = ORIENTED_EDGE('',*,*,#8434,.F.);
#16446 = ORIENTED_EDGE('',*,*,#8407,.F.);
#16447 = ORIENTED_EDGE('',*,*,#16419,.T.);
#16448 = ADVANCED_FACE('',(#16449,#16473),#8476,.T.);
#16449 = FACE_BOUND('',#16450,.T.);
#16450 = EDGE_LOOP('',(#16451,#16452,#16453,#16454));
#16451 = ORIENTED_EDGE('',*,*,#8458,.F.);
#16452 = ORIENTED_EDGE('',*,*,#8738,.T.);
#16453 = ORIENTED_EDGE('',*,*,#8640,.T.);
#16454 = ORIENTED_EDGE('',*,*,#16455,.F.);
#16455 = EDGE_CURVE('',#8461,#8643,#16456,.T.);
#16456 = SURFACE_CURVE('',#16457,(#16461,#16467),.PCURVE_S1.);
#16457 = LINE('',#16458,#16459);
#16458 = CARTESIAN_POINT('',(-3.85,-1.5,11.5));
#16459 = VECTOR('',#16460,1.);
#16460 = DIRECTION('',(1.,0.,0.));
#16461 = PCURVE('',#8476,#16462);
#16462 = DEFINITIONAL_REPRESENTATION('',(#16463),#16466);
#16463 = B_SPLINE_CURVE_WITH_KNOTS('',1,(#16464,#16465),.UNSPECIFIED.,
  .F.,.F.,(2,2),(1.E-01,10.9),.PIECEWISE_BEZIER_KNOTS.);
#16464 = CARTESIAN_POINT('',(-0.9,10.));
#16465 = CARTESIAN_POINT('',(9.9,10.));
#16466 = ( GEOMETRIC_REPRESENTATION_CONTEXT(2) 
PARAMETRIC_REPRESENTATION_CONTEXT() REPRESENTATION_CONTEXT('2D SPACE',''
  ) );
#16467 = PCURVE('',#8576,#16468);
#16468 = DEFINITIONAL_REPRESENTATION('',(#16469),#16472);
#16469 = B_SPLINE_CURVE_WITH_KNOTS('',1,(#16470,#16471),.UNSPECIFIED.,
  .F.,.F.,(2,2),(1.,10.),.PIECEWISE_BEZIER_KNOTS.);
#16470 = CARTESIAN_POINT('',(4.712388980385,1.));
#16471 = CARTESIAN_POINT('',(4.712388980385,10.));
#16472 = ( GEOMETRIC_REPRESENTATION_CONTEXT(2) 
PARAMETRIC_REPRESENTATION_CONTEXT() REPRESENTATION_CONTEXT('2D SPACE',''
  ) );
#16473 = FACE_BOUND('',#16474,.T.);
#16474 = EDGE_LOOP('',(#16475));
#16475 = ORIENTED_EDGE('',*,*,#16476,.F.);
#16476 = EDGE_CURVE('',#16477,#16477,#16479,.T.);
#16477 = VERTEX_POINT('',#16478);
#16478 = CARTESIAN_POINT('',(2.9,-7.,11.5));
#16479 = SURFACE_CURVE('',#16480,(#16485,#16492),.PCURVE_S1.);
#16480 = CIRCLE('',#16481,1.25);
#16481 = AXIS2_PLACEMENT_3D('',#16482,#16483,#16484);
#16482 = CARTESIAN_POINT('',(1.65,-7.,11.5));
#16483 = DIRECTION('',(0.,0.,1.));
#16484 = DIRECTION('',(1.,0.,-0.));
#16485 = PCURVE('',#8476,#16486);
#16486 = DEFINITIONAL_REPRESENTATION('',(#16487),#16491);
#16487 = CIRCLE('',#16488,1.25);
#16488 = AXIS2_PLACEMENT_2D('',#16489,#16490);
#16489 = CARTESIAN_POINT('',(4.5,4.5));
#16490 = DIRECTION('',(1.,0.));
#16491 = ( GEOMETRIC_REPRESENTATION_CONTEXT(2) 
PARAMETRIC_REPRESENTATION_CONTEXT() REPRESENTATION_CONTEXT('2D SPACE',''
  ) );
#16492 = PCURVE('',#16493,#16498);
#16493 = CYLINDRICAL_SURFACE('',#16494,1.25);
#16494 = AXIS2_PLACEMENT_3D('',#16495,#16496,#16497);
#16495 = CARTESIAN_POINT('',(1.65,-7.,5.5));
#16496 = DIRECTION('',(0.,0.,1.));
#16497 = DIRECTION('',(1.,0.,-0.));
#16498 = DEFINITIONAL_REPRESENTATION('',(#16499),#16503);
#16499 = LINE('',#16500,#16501);
#16500 = CARTESIAN_POINT('',(0.,6.));
#16501 = VECTOR('',#16502,1.);
#16502 = DIRECTION('',(1.,0.));
#16503 = ( GEOMETRIC_REPRESENTATION_CONTEXT(2) 
PARAMETRIC_REPRESENTATION_CONTEXT() REPRESENTATION_CONTEXT('2D SPACE',''
  ) );
#16504 = ADVANCED_FACE('',(#16505,#16529),#8549,.T.);
#16505 = FACE_BOUND('',#16506,.T.);
#16506 = EDGE_LOOP('',(#16507,#16508,#16527,#16528));
#16507 = ORIENTED_EDGE('',*,*,#8533,.F.);
#16508 = ORIENTED_EDGE('',*,*,#16509,.T.);
#16509 = EDGE_CURVE('',#8534,#8689,#16510,.T.);
#16510 = SURFACE_CURVE('',#16511,(#16515,#16521),.PCURVE_S1.);
#16511 = LINE('',#16512,#16513);
#16512 = CARTESIAN_POINT('',(-3.85,1.5,11.5));
#16513 = VECTOR('',#16514,1.);
#16514 = DIRECTION('',(1.,0.,0.));
#16515 = PCURVE('',#8549,#16516);
#16516 = DEFINITIONAL_REPRESENTATION('',(#16517),#16520);
#16517 = B_SPLINE_CURVE_WITH_KNOTS('',1,(#16518,#16519),.UNSPECIFIED.,
  .F.,.F.,(2,2),(1.E-01,10.9),.PIECEWISE_BEZIER_KNOTS.);
#16518 = CARTESIAN_POINT('',(-0.9,13.));
#16519 = CARTESIAN_POINT('',(9.9,13.));
#16520 = ( GEOMETRIC_REPRESENTATION_CONTEXT(2) 
PARAMETRIC_REPRESENTATION_CONTEXT() REPRESENTATION_CONTEXT('2D SPACE',''
  ) );
#16521 = PCURVE('',#8576,#16522);
#16522 = DEFINITIONAL_REPRESENTATION('',(#16523),#16526);
#16523 = B_SPLINE_CURVE_WITH_KNOTS('',1,(#16524,#16525),.UNSPECIFIED.,
  .F.,.F.,(2,2),(1.,10.),.PIECEWISE_BEZIER_KNOTS.);
#16524 = CARTESIAN_POINT('',(7.853981633974,1.));
#16525 = CARTESIAN_POINT('',(7.853981633974,10.));
#16526 = ( GEOMETRIC_REPRESENTATION_CONTEXT(2) 
PARAMETRIC_REPRESENTATION_CONTEXT() REPRESENTATION_CONTEXT('2D SPACE',''
  ) );
#16527 = ORIENTED_EDGE('',*,*,#8688,.T.);
#16528 = ORIENTED_EDGE('',*,*,#8593,.F.);
#16529 = FACE_BOUND('',#16530,.T.);
#16530 = EDGE_LOOP('',(#16531));
#16531 = ORIENTED_EDGE('',*,*,#16532,.F.);
#16532 = EDGE_CURVE('',#16533,#16533,#16535,.T.);
#16533 = VERTEX_POINT('',#16534);
#16534 = CARTESIAN_POINT('',(2.9,7.,11.5));
#16535 = SURFACE_CURVE('',#16536,(#16541,#16548),.PCURVE_S1.);
#16536 = CIRCLE('',#16537,1.25);
#16537 = AXIS2_PLACEMENT_3D('',#16538,#16539,#16540);
#16538 = CARTESIAN_POINT('',(1.65,7.,11.5));
#16539 = DIRECTION('',(0.,0.,1.));
#16540 = DIRECTION('',(1.,0.,-0.));
#16541 = PCURVE('',#8549,#16542);
#16542 = DEFINITIONAL_REPRESENTATION('',(#16543),#16547);
#16543 = CIRCLE('',#16544,1.25);
#16544 = AXIS2_PLACEMENT_2D('',#16545,#16546);
#16545 = CARTESIAN_POINT('',(4.5,18.5));
#16546 = DIRECTION('',(1.,0.));
#16547 = ( GEOMETRIC_REPRESENTATION_CONTEXT(2) 
PARAMETRIC_REPRESENTATION_CONTEXT() REPRESENTATION_CONTEXT('2D SPACE',''
  ) );
#16548 = PCURVE('',#16549,#16554);
#16549 = CYLINDRICAL_SURFACE('',#16550,1.25);
#16550 = AXIS2_PLACEMENT_3D('',#16551,#16552,#16553);
#16551 = CARTESIAN_POINT('',(1.65,7.,5.5));
#16552 = DIRECTION('',(0.,0.,1.));
#16553 = DIRECTION('',(1.,0.,-0.));
#16554 = DEFINITIONAL_REPRESENTATION('',(#16555),#16559);
#16555 = LINE('',#16556,#16557);
#16556 = CARTESIAN_POINT('',(0.,6.));
#16557 = VECTOR('',#16558,1.);
#16558 = DIRECTION('',(1.,0.));
#16559 = ( GEOMETRIC_REPRESENTATION_CONTEXT(2) 
PARAMETRIC_REPRESENTATION_CONTEXT() REPRESENTATION_CONTEXT('2D SPACE',''
  ) );
#16560 = ADVANCED_FACE('',(#16561),#8576,.F.);
#16561 = FACE_BOUND('',#16562,.F.);
#16562 = EDGE_LOOP('',(#16563,#16564,#16565,#16566));
#16563 = ORIENTED_EDGE('',*,*,#8561,.T.);
#16564 = ORIENTED_EDGE('',*,*,#16509,.T.);
#16565 = ORIENTED_EDGE('',*,*,#8711,.F.);
#16566 = ORIENTED_EDGE('',*,*,#16455,.F.);
#16567 = ADVANCED_FACE('',(#16568),#8824,.T.);
#16568 = FACE_BOUND('',#16569,.T.);
#16569 = EDGE_LOOP('',(#16570,#16571,#16572,#16573));
#16570 = ORIENTED_EDGE('',*,*,#8810,.F.);
#16571 = ORIENTED_EDGE('',*,*,#9090,.T.);
#16572 = ORIENTED_EDGE('',*,*,#8996,.T.);
#16573 = ORIENTED_EDGE('',*,*,#8924,.F.);
#16574 = ADVANCED_FACE('',(#16575),#8855,.F.);
#16575 = FACE_BOUND('',#16576,.F.);
#16576 = EDGE_LOOP('',(#16577,#16578,#16599,#16600));
#16577 = ORIENTED_EDGE('',*,*,#8838,.T.);
#16578 = ORIENTED_EDGE('',*,*,#16579,.F.);
#16579 = EDGE_CURVE('',#9022,#8841,#16580,.T.);
#16580 = SURFACE_CURVE('',#16581,(#16585,#16592),.PCURVE_S1.);
#16581 = LINE('',#16582,#16583);
#16582 = CARTESIAN_POINT('',(17.5,7.25,5.948528137424));
#16583 = VECTOR('',#16584,1.);
#16584 = DIRECTION('',(-1.,0.,0.));
#16585 = PCURVE('',#8855,#16586);
#16586 = DEFINITIONAL_REPRESENTATION('',(#16587),#16591);
#16587 = LINE('',#16588,#16589);
#16588 = CARTESIAN_POINT('',(1.039230484541,2.5));
#16589 = VECTOR('',#16590,1.);
#16590 = DIRECTION('',(0.,-1.));
#16591 = ( GEOMETRIC_REPRESENTATION_CONTEXT(2) 
PARAMETRIC_REPRESENTATION_CONTEXT() REPRESENTATION_CONTEXT('2D SPACE',''
  ) );
#16592 = PCURVE('',#8908,#16593);
#16593 = DEFINITIONAL_REPRESENTATION('',(#16594),#16598);
#16594 = LINE('',#16595,#16596);
#16595 = CARTESIAN_POINT('',(0.,2.5));
#16596 = VECTOR('',#16597,1.);
#16597 = DIRECTION('',(-0.,-1.));
#16598 = ( GEOMETRIC_REPRESENTATION_CONTEXT(2) 
PARAMETRIC_REPRESENTATION_CONTEXT() REPRESENTATION_CONTEXT('2D SPACE',''
  ) );
#16599 = ORIENTED_EDGE('',*,*,#9019,.F.);
#16600 = ORIENTED_EDGE('',*,*,#16601,.F.);
#16601 = EDGE_CURVE('',#8839,#9020,#16602,.T.);
#16602 = SURFACE_CURVE('',#16603,(#16607,#16613),.PCURVE_S1.);
#16603 = LINE('',#16604,#16605);
#16604 = CARTESIAN_POINT('',(12.5,7.45,5.665685424949));
#16605 = VECTOR('',#16606,1.);
#16606 = DIRECTION('',(1.,0.,0.));
#16607 = PCURVE('',#8855,#16608);
#16608 = DEFINITIONAL_REPRESENTATION('',(#16609),#16612);
#16609 = B_SPLINE_CURVE_WITH_KNOTS('',1,(#16610,#16611),.UNSPECIFIED.,
  .F.,.F.,(2,2),(0.4999994,4.5000006),.PIECEWISE_BEZIER_KNOTS.);
#16610 = CARTESIAN_POINT('',(0.692820323028,-2.0000006));
#16611 = CARTESIAN_POINT('',(0.692820323028,2.0000006));
#16612 = ( GEOMETRIC_REPRESENTATION_CONTEXT(2) 
PARAMETRIC_REPRESENTATION_CONTEXT() REPRESENTATION_CONTEXT('2D SPACE',''
  ) );
#16613 = PCURVE('',#8883,#16614);
#16614 = DEFINITIONAL_REPRESENTATION('',(#16615),#16618);
#16615 = B_SPLINE_CURVE_WITH_KNOTS('',1,(#16616,#16617),.UNSPECIFIED.,
  .F.,.F.,(2,2),(0.5,4.5),.PIECEWISE_BEZIER_KNOTS.);
#16616 = CARTESIAN_POINT('',(9.084941051315,0.5));
#16617 = CARTESIAN_POINT('',(9.084941051315,4.5));
#16618 = ( GEOMETRIC_REPRESENTATION_CONTEXT(2) 
PARAMETRIC_REPRESENTATION_CONTEXT() REPRESENTATION_CONTEXT('2D SPACE',''
  ) );
#16619 = ADVANCED_FACE('',(#16620),#8883,.F.);
#16620 = FACE_BOUND('',#16621,.F.);
#16621 = EDGE_LOOP('',(#16622,#16623,#16642,#16643));
#16622 = ORIENTED_EDGE('',*,*,#9042,.F.);
#16623 = ORIENTED_EDGE('',*,*,#16624,.F.);
#16624 = EDGE_CURVE('',#8867,#9043,#16625,.T.);
#16625 = SURFACE_CURVE('',#16626,(#16630,#16636),.PCURVE_S1.);
#16626 = LINE('',#16627,#16628);
#16627 = CARTESIAN_POINT('',(12.5,7.05,5.665685424949));
#16628 = VECTOR('',#16629,1.);
#16629 = DIRECTION('',(1.,0.,0.));
#16630 = PCURVE('',#8883,#16631);
#16631 = DEFINITIONAL_REPRESENTATION('',(#16632),#16635);
#16632 = B_SPLINE_CURVE_WITH_KNOTS('',1,(#16633,#16634),.UNSPECIFIED.,
  .F.,.F.,(2,2),(0.5,4.5),.PIECEWISE_BEZIER_KNOTS.);
#16633 = CARTESIAN_POINT('',(3.481429563044,0.5));
#16634 = CARTESIAN_POINT('',(3.481429563044,4.5));
#16635 = ( GEOMETRIC_REPRESENTATION_CONTEXT(2) 
PARAMETRIC_REPRESENTATION_CONTEXT() REPRESENTATION_CONTEXT('2D SPACE',''
  ) );
#16636 = PCURVE('',#8908,#16637);
#16637 = DEFINITIONAL_REPRESENTATION('',(#16638),#16641);
#16638 = B_SPLINE_CURVE_WITH_KNOTS('',1,(#16639,#16640),.UNSPECIFIED.,
  .F.,.F.,(2,2),(0.4999994,4.5000006),.PIECEWISE_BEZIER_KNOTS.);
#16639 = CARTESIAN_POINT('',(0.346410161514,-2.0000006));
#16640 = CARTESIAN_POINT('',(0.346410161514,2.0000006));
#16641 = ( GEOMETRIC_REPRESENTATION_CONTEXT(2) 
PARAMETRIC_REPRESENTATION_CONTEXT() REPRESENTATION_CONTEXT('2D SPACE',''
  ) );
#16642 = ORIENTED_EDGE('',*,*,#8866,.T.);
#16643 = ORIENTED_EDGE('',*,*,#16601,.T.);
#16644 = ADVANCED_FACE('',(#16645),#8908,.F.);
#16645 = FACE_BOUND('',#16646,.F.);
#16646 = EDGE_LOOP('',(#16647,#16648,#16649,#16650));
#16647 = ORIENTED_EDGE('',*,*,#16579,.T.);
#16648 = ORIENTED_EDGE('',*,*,#8895,.T.);
#16649 = ORIENTED_EDGE('',*,*,#16624,.T.);
#16650 = ORIENTED_EDGE('',*,*,#9066,.F.);
#16651 = ADVANCED_FACE('',(#16652),#9154,.T.);
#16652 = FACE_BOUND('',#16653,.T.);
#16653 = EDGE_LOOP('',(#16654,#16655,#16656,#16677));
#16654 = ORIENTED_EDGE('',*,*,#9138,.F.);
#16655 = ORIENTED_EDGE('',*,*,#9346,.T.);
#16656 = ORIENTED_EDGE('',*,*,#16657,.T.);
#16657 = EDGE_CURVE('',#9347,#9193,#16658,.T.);
#16658 = SURFACE_CURVE('',#16659,(#16663,#16670),.PCURVE_S1.);
#16659 = LINE('',#16660,#16661);
#16660 = CARTESIAN_POINT('',(16.,-2.,12.6));
#16661 = VECTOR('',#16662,1.);
#16662 = DIRECTION('',(1.,0.,0.));
#16663 = PCURVE('',#9154,#16664);
#16664 = DEFINITIONAL_REPRESENTATION('',(#16665),#16669);
#16665 = LINE('',#16666,#16667);
#16666 = CARTESIAN_POINT('',(6.5,-2.));
#16667 = VECTOR('',#16668,1.);
#16668 = DIRECTION('',(0.,1.));
#16669 = ( GEOMETRIC_REPRESENTATION_CONTEXT(2) 
PARAMETRIC_REPRESENTATION_CONTEXT() REPRESENTATION_CONTEXT('2D SPACE',''
  ) );
#16670 = PCURVE('',#9231,#16671);
#16671 = DEFINITIONAL_REPRESENTATION('',(#16672),#16676);
#16672 = LINE('',#16673,#16674);
#16673 = CARTESIAN_POINT('',(0.,-2.));
#16674 = VECTOR('',#16675,1.);
#16675 = DIRECTION('',(0.,1.));
#16676 = ( GEOMETRIC_REPRESENTATION_CONTEXT(2) 
PARAMETRIC_REPRESENTATION_CONTEXT() REPRESENTATION_CONTEXT('2D SPACE',''
  ) );
#16677 = ORIENTED_EDGE('',*,*,#9192,.F.);
#16678 = ADVANCED_FACE('',(#16679),#9231,.T.);
#16679 = FACE_BOUND('',#16680,.T.);
#16680 = EDGE_LOOP('',(#16681,#16682,#16683,#16704));
#16681 = ORIENTED_EDGE('',*,*,#16657,.F.);
#16682 = ORIENTED_EDGE('',*,*,#9369,.T.);
#16683 = ORIENTED_EDGE('',*,*,#16684,.T.);
#16684 = EDGE_CURVE('',#9370,#9216,#16685,.T.);
#16685 = SURFACE_CURVE('',#16686,(#16690,#16697),.PCURVE_S1.);
#16686 = LINE('',#16687,#16688);
#16687 = CARTESIAN_POINT('',(16.,-2.,11.));
#16688 = VECTOR('',#16689,1.);
#16689 = DIRECTION('',(1.,0.,0.));
#16690 = PCURVE('',#9231,#16691);
#16691 = DEFINITIONAL_REPRESENTATION('',(#16692),#16696);
#16692 = LINE('',#16693,#16694);
#16693 = CARTESIAN_POINT('',(1.6,-2.));
#16694 = VECTOR('',#16695,1.);
#16695 = DIRECTION('',(0.,1.));
#16696 = ( GEOMETRIC_REPRESENTATION_CONTEXT(2) 
PARAMETRIC_REPRESENTATION_CONTEXT() REPRESENTATION_CONTEXT('2D SPACE',''
  ) );
#16697 = PCURVE('',#9259,#16698);
#16698 = DEFINITIONAL_REPRESENTATION('',(#16699),#16703);
#16699 = LINE('',#16700,#16701);
#16700 = CARTESIAN_POINT('',(0.,-2.));
#16701 = VECTOR('',#16702,1.);
#16702 = DIRECTION('',(0.,1.));
#16703 = ( GEOMETRIC_REPRESENTATION_CONTEXT(2) 
PARAMETRIC_REPRESENTATION_CONTEXT() REPRESENTATION_CONTEXT('2D SPACE',''
  ) );
#16704 = ORIENTED_EDGE('',*,*,#9215,.F.);
#16705 = ADVANCED_FACE('',(#16706),#9259,.T.);
#16706 = FACE_BOUND('',#16707,.T.);
#16707 = EDGE_LOOP('',(#16708,#16709,#16710,#16711));
#16708 = ORIENTED_EDGE('',*,*,#16684,.F.);
#16709 = ORIENTED_EDGE('',*,*,#9392,.T.);
#16710 = ORIENTED_EDGE('',*,*,#9321,.F.);
#16711 = ORIENTED_EDGE('',*,*,#9243,.F.);
#16712 = ADVANCED_FACE('',(#16713),#9479,.T.);
#16713 = FACE_BOUND('',#16714,.T.);
#16714 = EDGE_LOOP('',(#16715,#16716,#16717,#16718));
#16715 = ORIENTED_EDGE('',*,*,#9465,.F.);
#16716 = ORIENTED_EDGE('',*,*,#9745,.T.);
#16717 = ORIENTED_EDGE('',*,*,#9651,.T.);
#16718 = ORIENTED_EDGE('',*,*,#9579,.F.);
#16719 = ADVANCED_FACE('',(#16720),#9510,.F.);
#16720 = FACE_BOUND('',#16721,.F.);
#16721 = EDGE_LOOP('',(#16722,#16723,#16744,#16745));
#16722 = ORIENTED_EDGE('',*,*,#9493,.T.);
#16723 = ORIENTED_EDGE('',*,*,#16724,.F.);
#16724 = EDGE_CURVE('',#9677,#9496,#16725,.T.);
#16725 = SURFACE_CURVE('',#16726,(#16730,#16737),.PCURVE_S1.);
#16726 = LINE('',#16727,#16728);
#16727 = CARTESIAN_POINT('',(17.5,14.75,5.948528137424));
#16728 = VECTOR('',#16729,1.);
#16729 = DIRECTION('',(-1.,0.,0.));
#16730 = PCURVE('',#9510,#16731);
#16731 = DEFINITIONAL_REPRESENTATION('',(#16732),#16736);
#16732 = LINE('',#16733,#16734);
#16733 = CARTESIAN_POINT('',(1.039230484541,2.5));
#16734 = VECTOR('',#16735,1.);
#16735 = DIRECTION('',(0.,-1.));
#16736 = ( GEOMETRIC_REPRESENTATION_CONTEXT(2) 
PARAMETRIC_REPRESENTATION_CONTEXT() REPRESENTATION_CONTEXT('2D SPACE',''
  ) );
#16737 = PCURVE('',#9563,#16738);
#16738 = DEFINITIONAL_REPRESENTATION('',(#16739),#16743);
#16739 = LINE('',#16740,#16741);
#16740 = CARTESIAN_POINT('',(0.,2.5));
#16741 = VECTOR('',#16742,1.);
#16742 = DIRECTION('',(-0.,-1.));
#16743 = ( GEOMETRIC_REPRESENTATION_CONTEXT(2) 
PARAMETRIC_REPRESENTATION_CONTEXT() REPRESENTATION_CONTEXT('2D SPACE',''
  ) );
#16744 = ORIENTED_EDGE('',*,*,#9674,.F.);
#16745 = ORIENTED_EDGE('',*,*,#16746,.F.);
#16746 = EDGE_CURVE('',#9494,#9675,#16747,.T.);
#16747 = SURFACE_CURVE('',#16748,(#16752,#16758),.PCURVE_S1.);
#16748 = LINE('',#16749,#16750);
#16749 = CARTESIAN_POINT('',(12.5,14.95,5.665685424949));
#16750 = VECTOR('',#16751,1.);
#16751 = DIRECTION('',(1.,0.,0.));
#16752 = PCURVE('',#9510,#16753);
#16753 = DEFINITIONAL_REPRESENTATION('',(#16754),#16757);
#16754 = B_SPLINE_CURVE_WITH_KNOTS('',1,(#16755,#16756),.UNSPECIFIED.,
  .F.,.F.,(2,2),(0.4999994,4.5000006),.PIECEWISE_BEZIER_KNOTS.);
#16755 = CARTESIAN_POINT('',(0.692820323028,-2.0000006));
#16756 = CARTESIAN_POINT('',(0.692820323028,2.0000006));
#16757 = ( GEOMETRIC_REPRESENTATION_CONTEXT(2) 
PARAMETRIC_REPRESENTATION_CONTEXT() REPRESENTATION_CONTEXT('2D SPACE',''
  ) );
#16758 = PCURVE('',#9538,#16759);
#16759 = DEFINITIONAL_REPRESENTATION('',(#16760),#16763);
#16760 = B_SPLINE_CURVE_WITH_KNOTS('',1,(#16761,#16762),.UNSPECIFIED.,
  .F.,.F.,(2,2),(0.5,4.5),.PIECEWISE_BEZIER_KNOTS.);
#16761 = CARTESIAN_POINT('',(9.084941051315,0.5));
#16762 = CARTESIAN_POINT('',(9.084941051315,4.5));
#16763 = ( GEOMETRIC_REPRESENTATION_CONTEXT(2) 
PARAMETRIC_REPRESENTATION_CONTEXT() REPRESENTATION_CONTEXT('2D SPACE',''
  ) );
#16764 = ADVANCED_FACE('',(#16765),#9538,.F.);
#16765 = FACE_BOUND('',#16766,.F.);
#16766 = EDGE_LOOP('',(#16767,#16768,#16787,#16788));
#16767 = ORIENTED_EDGE('',*,*,#9697,.F.);
#16768 = ORIENTED_EDGE('',*,*,#16769,.F.);
#16769 = EDGE_CURVE('',#9522,#9698,#16770,.T.);
#16770 = SURFACE_CURVE('',#16771,(#16775,#16781),.PCURVE_S1.);
#16771 = LINE('',#16772,#16773);
#16772 = CARTESIAN_POINT('',(12.5,14.55,5.665685424949));
#16773 = VECTOR('',#16774,1.);
#16774 = DIRECTION('',(1.,0.,0.));
#16775 = PCURVE('',#9538,#16776);
#16776 = DEFINITIONAL_REPRESENTATION('',(#16777),#16780);
#16777 = B_SPLINE_CURVE_WITH_KNOTS('',1,(#16778,#16779),.UNSPECIFIED.,
  .F.,.F.,(2,2),(0.5,4.5),.PIECEWISE_BEZIER_KNOTS.);
#16778 = CARTESIAN_POINT('',(3.481429563044,0.5));
#16779 = CARTESIAN_POINT('',(3.481429563044,4.5));
#16780 = ( GEOMETRIC_REPRESENTATION_CONTEXT(2) 
PARAMETRIC_REPRESENTATION_CONTEXT() REPRESENTATION_CONTEXT('2D SPACE',''
  ) );
#16781 = PCURVE('',#9563,#16782);
#16782 = DEFINITIONAL_REPRESENTATION('',(#16783),#16786);
#16783 = B_SPLINE_CURVE_WITH_KNOTS('',1,(#16784,#16785),.UNSPECIFIED.,
  .F.,.F.,(2,2),(0.4999994,4.5000006),.PIECEWISE_BEZIER_KNOTS.);
#16784 = CARTESIAN_POINT('',(0.346410161514,-2.0000006));
#16785 = CARTESIAN_POINT('',(0.346410161514,2.0000006));
#16786 = ( GEOMETRIC_REPRESENTATION_CONTEXT(2) 
PARAMETRIC_REPRESENTATION_CONTEXT() REPRESENTATION_CONTEXT('2D SPACE',''
  ) );
#16787 = ORIENTED_EDGE('',*,*,#9521,.T.);
#16788 = ORIENTED_EDGE('',*,*,#16746,.T.);
#16789 = ADVANCED_FACE('',(#16790),#9563,.F.);
#16790 = FACE_BOUND('',#16791,.F.);
#16791 = EDGE_LOOP('',(#16792,#16793,#16794,#16795));
#16792 = ORIENTED_EDGE('',*,*,#16724,.T.);
#16793 = ORIENTED_EDGE('',*,*,#9550,.T.);
#16794 = ORIENTED_EDGE('',*,*,#16769,.T.);
#16795 = ORIENTED_EDGE('',*,*,#9721,.F.);
#16796 = ADVANCED_FACE('',(#16797),#9810,.T.);
#16797 = FACE_BOUND('',#16798,.T.);
#16798 = EDGE_LOOP('',(#16799,#16822,#16848,#16849));
#16799 = ORIENTED_EDGE('',*,*,#16800,.T.);
#16800 = EDGE_CURVE('',#9772,#16801,#16803,.T.);
#16801 = VERTEX_POINT('',#16802);
#16802 = CARTESIAN_POINT('',(31.8,13.6,6.3));
#16803 = SEAM_CURVE('',#16804,(#16808,#16815),.PCURVE_S1.);
#16804 = LINE('',#16805,#16806);
#16805 = CARTESIAN_POINT('',(31.8,13.6,3.5));
#16806 = VECTOR('',#16807,1.);
#16807 = DIRECTION('',(0.,0.,1.));
#16808 = PCURVE('',#9810,#16809);
#16809 = DEFINITIONAL_REPRESENTATION('',(#16810),#16814);
#16810 = LINE('',#16811,#16812);
#16811 = CARTESIAN_POINT('',(6.28318530718,-0.));
#16812 = VECTOR('',#16813,1.);
#16813 = DIRECTION('',(0.,1.));
#16814 = ( GEOMETRIC_REPRESENTATION_CONTEXT(2) 
PARAMETRIC_REPRESENTATION_CONTEXT() REPRESENTATION_CONTEXT('2D SPACE',''
  ) );
#16815 = PCURVE('',#9810,#16816);
#16816 = DEFINITIONAL_REPRESENTATION('',(#16817),#16821);
#16817 = LINE('',#16818,#16819);
#16818 = CARTESIAN_POINT('',(0.,-0.));
#16819 = VECTOR('',#16820,1.);
#16820 = DIRECTION('',(0.,1.));
#16821 = ( GEOMETRIC_REPRESENTATION_CONTEXT(2) 
PARAMETRIC_REPRESENTATION_CONTEXT() REPRESENTATION_CONTEXT('2D SPACE',''
  ) );
#16822 = ORIENTED_EDGE('',*,*,#16823,.F.);
#16823 = EDGE_CURVE('',#16801,#16801,#16824,.T.);
#16824 = SURFACE_CURVE('',#16825,(#16830,#16837),.PCURVE_S1.);
#16825 = CIRCLE('',#16826,3.85);
#16826 = AXIS2_PLACEMENT_3D('',#16827,#16828,#16829);
#16827 = CARTESIAN_POINT('',(27.95,13.6,6.3));
#16828 = DIRECTION('',(0.,0.,1.));
#16829 = DIRECTION('',(1.,0.,-0.));
#16830 = PCURVE('',#9810,#16831);
#16831 = DEFINITIONAL_REPRESENTATION('',(#16832),#16836);
#16832 = LINE('',#16833,#16834);
#16833 = CARTESIAN_POINT('',(0.,2.8));
#16834 = VECTOR('',#16835,1.);
#16835 = DIRECTION('',(1.,0.));
#16836 = ( GEOMETRIC_REPRESENTATION_CONTEXT(2) 
PARAMETRIC_REPRESENTATION_CONTEXT() REPRESENTATION_CONTEXT('2D SPACE',''
  ) );
#16837 = PCURVE('',#16838,#16843);
#16838 = CONICAL_SURFACE('',#16839,3.85,0.785398163397);
#16839 = AXIS2_PLACEMENT_3D('',#16840,#16841,#16842);
#16840 = CARTESIAN_POINT('',(27.95,13.6,6.3));
#16841 = DIRECTION('',(0.,0.,1.));
#16842 = DIRECTION('',(1.,0.,-0.));
#16843 = DEFINITIONAL_REPRESENTATION('',(#16844),#16847);
#16844 = B_SPLINE_CURVE_WITH_KNOTS('',1,(#16845,#16846),.UNSPECIFIED.,
  .F.,.F.,(2,2),(0.,6.28318530718),.PIECEWISE_BEZIER_KNOTS.);
#16845 = CARTESIAN_POINT('',(0.,0.));
#16846 = CARTESIAN_POINT('',(6.28318530718,0.));
#16847 = ( GEOMETRIC_REPRESENTATION_CONTEXT(2) 
PARAMETRIC_REPRESENTATION_CONTEXT() REPRESENTATION_CONTEXT('2D SPACE',''
  ) );
#16848 = ORIENTED_EDGE('',*,*,#16800,.F.);
#16849 = ORIENTED_EDGE('',*,*,#9795,.T.);
#16850 = ADVANCED_FACE('',(#16851),#9972,.F.);
#16851 = FACE_BOUND('',#16852,.F.);
#16852 = EDGE_LOOP('',(#16853,#16854,#16855,#16856,#16857,#16858,#16859,
    #16860,#16861,#16862,#16863,#16864,#16865,#16866,#16867,#16868,
    #16869,#16870,#16871,#16872,#16873,#16874));
#16853 = ORIENTED_EDGE('',*,*,#9956,.T.);
#16854 = ORIENTED_EDGE('',*,*,#10010,.T.);
#16855 = ORIENTED_EDGE('',*,*,#10059,.T.);
#16856 = ORIENTED_EDGE('',*,*,#10108,.T.);
#16857 = ORIENTED_EDGE('',*,*,#10157,.T.);
#16858 = ORIENTED_EDGE('',*,*,#10206,.T.);
#16859 = ORIENTED_EDGE('',*,*,#10255,.T.);
#16860 = ORIENTED_EDGE('',*,*,#10304,.T.);
#16861 = ORIENTED_EDGE('',*,*,#10353,.T.);
#16862 = ORIENTED_EDGE('',*,*,#10402,.T.);
#16863 = ORIENTED_EDGE('',*,*,#10451,.T.);
#16864 = ORIENTED_EDGE('',*,*,#10500,.T.);
#16865 = ORIENTED_EDGE('',*,*,#10549,.T.);
#16866 = ORIENTED_EDGE('',*,*,#10598,.T.);
#16867 = ORIENTED_EDGE('',*,*,#10647,.T.);
#16868 = ORIENTED_EDGE('',*,*,#10696,.T.);
#16869 = ORIENTED_EDGE('',*,*,#10745,.T.);
#16870 = ORIENTED_EDGE('',*,*,#10794,.T.);
#16871 = ORIENTED_EDGE('',*,*,#10843,.T.);
#16872 = ORIENTED_EDGE('',*,*,#10892,.T.);
#16873 = ORIENTED_EDGE('',*,*,#10941,.T.);
#16874 = ORIENTED_EDGE('',*,*,#10990,.T.);
#16875 = ADVANCED_FACE('',(#16876),#11055,.F.);
#16876 = FACE_BOUND('',#16877,.F.);
#16877 = EDGE_LOOP('',(#16878,#16879,#16880,#16881));
#16878 = ORIENTED_EDGE('',*,*,#11039,.T.);
#16879 = ORIENTED_EDGE('',*,*,#11093,.T.);
#16880 = ORIENTED_EDGE('',*,*,#11142,.T.);
#16881 = ORIENTED_EDGE('',*,*,#11191,.T.);
#16882 = ADVANCED_FACE('',(#16883),#11256,.F.);
#16883 = FACE_BOUND('',#16884,.F.);
#16884 = EDGE_LOOP('',(#16885,#16886,#16887,#16888,#16889,#16890,#16891,
    #16892));
#16885 = ORIENTED_EDGE('',*,*,#11240,.T.);
#16886 = ORIENTED_EDGE('',*,*,#11294,.T.);
#16887 = ORIENTED_EDGE('',*,*,#11343,.T.);
#16888 = ORIENTED_EDGE('',*,*,#11392,.T.);
#16889 = ORIENTED_EDGE('',*,*,#11441,.T.);
#16890 = ORIENTED_EDGE('',*,*,#11490,.T.);
#16891 = ORIENTED_EDGE('',*,*,#11539,.T.);
#16892 = ORIENTED_EDGE('',*,*,#11588,.T.);
#16893 = ADVANCED_FACE('',(#16894,#16904),#11653,.F.);
#16894 = FACE_BOUND('',#16895,.F.);
#16895 = EDGE_LOOP('',(#16896,#16897,#16898,#16899,#16900,#16901,#16902,
    #16903));
#16896 = ORIENTED_EDGE('',*,*,#11637,.T.);
#16897 = ORIENTED_EDGE('',*,*,#11691,.T.);
#16898 = ORIENTED_EDGE('',*,*,#11740,.T.);
#16899 = ORIENTED_EDGE('',*,*,#11789,.T.);
#16900 = ORIENTED_EDGE('',*,*,#11838,.T.);
#16901 = ORIENTED_EDGE('',*,*,#11887,.T.);
#16902 = ORIENTED_EDGE('',*,*,#11936,.T.);
#16903 = ORIENTED_EDGE('',*,*,#11985,.T.);
#16904 = FACE_BOUND('',#16905,.F.);
#16905 = EDGE_LOOP('',(#16906,#16936,#16964,#16992,#17022));
#16906 = ORIENTED_EDGE('',*,*,#16907,.T.);
#16907 = EDGE_CURVE('',#16908,#16910,#16912,.T.);
#16908 = VERTEX_POINT('',#16909);
#16909 = CARTESIAN_POINT('',(-6.3423481136,-16.17249337201,0.6));
#16910 = VERTEX_POINT('',#16911);
#16911 = CARTESIAN_POINT('',(-6.873350737775,-14.75428760558,0.6));
#16912 = SURFACE_CURVE('',#16913,(#16917,#16924),.PCURVE_S1.);
#16913 = LINE('',#16914,#16915);
#16914 = CARTESIAN_POINT('',(-6.3423481136,-16.17249337201,0.6));
#16915 = VECTOR('',#16916,1.);
#16916 = DIRECTION('',(-0.350646042374,0.936508063482,0.));
#16917 = PCURVE('',#11653,#16918);
#16918 = DEFINITIONAL_REPRESENTATION('',(#16919),#16923);
#16919 = LINE('',#16920,#16921);
#16920 = CARTESIAN_POINT('',(-1.916226861155,3.403693839436));
#16921 = VECTOR('',#16922,1.);
#16922 = DIRECTION('',(0.350646042374,-0.936508063482));
#16923 = ( GEOMETRIC_REPRESENTATION_CONTEXT(2) 
PARAMETRIC_REPRESENTATION_CONTEXT() REPRESENTATION_CONTEXT('2D SPACE',''
  ) );
#16924 = PCURVE('',#16925,#16930);
#16925 = PLANE('',#16926);
#16926 = AXIS2_PLACEMENT_3D('',#16927,#16928,#16929);
#16927 = CARTESIAN_POINT('',(-6.3423481136,-16.17249337201,0.));
#16928 = DIRECTION('',(-0.936508063482,-0.350646042374,-0.));
#16929 = DIRECTION('',(-0.350646042374,0.936508063482,0.));
#16930 = DEFINITIONAL_REPRESENTATION('',(#16931),#16935);
#16931 = LINE('',#16932,#16933);
#16932 = CARTESIAN_POINT('',(0.,-0.6));
#16933 = VECTOR('',#16934,1.);
#16934 = DIRECTION('',(1.,0.));
#16935 = ( GEOMETRIC_REPRESENTATION_CONTEXT(2) 
PARAMETRIC_REPRESENTATION_CONTEXT() REPRESENTATION_CONTEXT('2D SPACE',''
  ) );
#16936 = ORIENTED_EDGE('',*,*,#16937,.T.);
#16937 = EDGE_CURVE('',#16910,#16938,#16940,.T.);
#16938 = VERTEX_POINT('',#16939);
#16939 = CARTESIAN_POINT('',(-5.234168724016,-14.75428760558,0.6));
#16940 = SURFACE_CURVE('',#16941,(#16945,#16952),.PCURVE_S1.);
#16941 = LINE('',#16942,#16943);
#16942 = CARTESIAN_POINT('',(-6.873350737775,-14.75428760558,0.6));
#16943 = VECTOR('',#16944,1.);
#16944 = DIRECTION('',(1.,0.,0.));
#16945 = PCURVE('',#11653,#16946);
#16946 = DEFINITIONAL_REPRESENTATION('',(#16947),#16951);
#16947 = LINE('',#16948,#16949);
#16948 = CARTESIAN_POINT('',(-1.38522423698,1.985488073004));
#16949 = VECTOR('',#16950,1.);
#16950 = DIRECTION('',(-1.,0.));
#16951 = ( GEOMETRIC_REPRESENTATION_CONTEXT(2) 
PARAMETRIC_REPRESENTATION_CONTEXT() REPRESENTATION_CONTEXT('2D SPACE',''
  ) );
#16952 = PCURVE('',#16953,#16958);
#16953 = PLANE('',#16954);
#16954 = AXIS2_PLACEMENT_3D('',#16955,#16956,#16957);
#16955 = CARTESIAN_POINT('',(-6.873350737775,-14.75428760558,0.));
#16956 = DIRECTION('',(-0.,1.,0.));
#16957 = DIRECTION('',(1.,0.,0.));
#16958 = DEFINITIONAL_REPRESENTATION('',(#16959),#16963);
#16959 = LINE('',#16960,#16961);
#16960 = CARTESIAN_POINT('',(0.,-0.6));
#16961 = VECTOR('',#16962,1.);
#16962 = DIRECTION('',(1.,0.));
#16963 = ( GEOMETRIC_REPRESENTATION_CONTEXT(2) 
PARAMETRIC_REPRESENTATION_CONTEXT() REPRESENTATION_CONTEXT('2D SPACE',''
  ) );
#16964 = ORIENTED_EDGE('',*,*,#16965,.T.);
#16965 = EDGE_CURVE('',#16938,#16966,#16968,.T.);
#16966 = VERTEX_POINT('',#16967);
#16967 = CARTESIAN_POINT('',(-5.73878612463,-16.09333770133,0.6));
#16968 = SURFACE_CURVE('',#16969,(#16973,#16980),.PCURVE_S1.);
#16969 = LINE('',#16970,#16971);
#16970 = CARTESIAN_POINT('',(-5.234168724016,-14.75428760558,0.6));
#16971 = VECTOR('',#16972,1.);
#16972 = DIRECTION('',(-0.352638484148,-0.935759637673,-0.));
#16973 = PCURVE('',#11653,#16974);
#16974 = DEFINITIONAL_REPRESENTATION('',(#16975),#16979);
#16975 = LINE('',#16976,#16977);
#16976 = CARTESIAN_POINT('',(-3.024406250739,1.985488073004));
#16977 = VECTOR('',#16978,1.);
#16978 = DIRECTION('',(0.352638484148,0.935759637673));
#16979 = ( GEOMETRIC_REPRESENTATION_CONTEXT(2) 
PARAMETRIC_REPRESENTATION_CONTEXT() REPRESENTATION_CONTEXT('2D SPACE',''
  ) );
#16980 = PCURVE('',#16981,#16986);
#16981 = PLANE('',#16982);
#16982 = AXIS2_PLACEMENT_3D('',#16983,#16984,#16985);
#16983 = CARTESIAN_POINT('',(-5.234168724016,-14.75428760558,0.));
#16984 = DIRECTION('',(0.935759637673,-0.352638484148,0.));
#16985 = DIRECTION('',(-0.352638484148,-0.935759637673,0.));
#16986 = DEFINITIONAL_REPRESENTATION('',(#16987),#16991);
#16987 = LINE('',#16988,#16989);
#16988 = CARTESIAN_POINT('',(0.,-0.6));
#16989 = VECTOR('',#16990,1.);
#16990 = DIRECTION('',(1.,0.));
#16991 = ( GEOMETRIC_REPRESENTATION_CONTEXT(2) 
PARAMETRIC_REPRESENTATION_CONTEXT() REPRESENTATION_CONTEXT('2D SPACE',''
  ) );
#16992 = ORIENTED_EDGE('',*,*,#16993,.T.);
#16993 = EDGE_CURVE('',#16966,#16994,#16996,.T.);
#16994 = VERTEX_POINT('',#16995);
#16995 = CARTESIAN_POINT('',(-6.08179403093,-17.09597619666,0.6));
#16996 = SURFACE_CURVE('',#16997,(#17001,#17008),.PCURVE_S1.);
#16997 = B_SPLINE_CURVE_WITH_KNOTS('',2,(#16998,#16999,#17000),
  .UNSPECIFIED.,.F.,.F.,(3,3),(0.,1.),.PIECEWISE_BEZIER_KNOTS.);
#16998 = CARTESIAN_POINT('',(-5.73878612463,-16.09333770133,0.6));
#16999 = CARTESIAN_POINT('',(-5.969656830793,-16.70349599619,0.6));
#17000 = CARTESIAN_POINT('',(-6.08179403093,-17.09597619666,0.6));
#17001 = PCURVE('',#11653,#17002);
#17002 = DEFINITIONAL_REPRESENTATION('',(#17003),#17007);
#17003 = B_SPLINE_CURVE_WITH_KNOTS('',2,(#17004,#17005,#17006),
  .UNSPECIFIED.,.F.,.F.,(3,3),(0.,1.),.PIECEWISE_BEZIER_KNOTS.);
#17004 = CARTESIAN_POINT('',(-2.519788850125,3.324538168751));
#17005 = CARTESIAN_POINT('',(-2.288918143962,3.934696463611));
#17006 = CARTESIAN_POINT('',(-2.176780943825,4.327176664089));
#17007 = ( GEOMETRIC_REPRESENTATION_CONTEXT(2) 
PARAMETRIC_REPRESENTATION_CONTEXT() REPRESENTATION_CONTEXT('2D SPACE',''
  ) );
#17008 = PCURVE('',#17009,#17016);
#17009 = SURFACE_OF_LINEAR_EXTRUSION('',#17010,#17014);
#17010 = B_SPLINE_CURVE_WITH_KNOTS('',2,(#17011,#17012,#17013),
  .UNSPECIFIED.,.F.,.F.,(3,3),(0.,1.),.PIECEWISE_BEZIER_KNOTS.);
#17011 = CARTESIAN_POINT('',(-5.73878612463,-16.09333770133,0.));
#17012 = CARTESIAN_POINT('',(-5.969656830793,-16.70349599619,0.));
#17013 = CARTESIAN_POINT('',(-6.08179403093,-17.09597619666,0.));
#17014 = VECTOR('',#17015,1.);
#17015 = DIRECTION('',(0.,0.,-1.));
#17016 = DEFINITIONAL_REPRESENTATION('',(#17017),#17021);
#17017 = LINE('',#17018,#17019);
#17018 = CARTESIAN_POINT('',(0.,-0.6));
#17019 = VECTOR('',#17020,1.);
#17020 = DIRECTION('',(1.,0.));
#17021 = ( GEOMETRIC_REPRESENTATION_CONTEXT(2) 
PARAMETRIC_REPRESENTATION_CONTEXT() REPRESENTATION_CONTEXT('2D SPACE',''
  ) );
#17022 = ORIENTED_EDGE('',*,*,#17023,.T.);
#17023 = EDGE_CURVE('',#16994,#16908,#17024,.T.);
#17024 = SURFACE_CURVE('',#17025,(#17029,#17036),.PCURVE_S1.);
#17025 = B_SPLINE_CURVE_WITH_KNOTS('',2,(#17026,#17027,#17028),
  .UNSPECIFIED.,.F.,.F.,(3,3),(0.,1.),.PIECEWISE_BEZIER_KNOTS.);
#17026 = CARTESIAN_POINT('',(-6.08179403093,-17.09597619666,0.6));
#17027 = CARTESIAN_POINT('',(-6.174142313395,-16.63093663139,0.6));
#17028 = CARTESIAN_POINT('',(-6.3423481136,-16.17249337201,0.6));
#17029 = PCURVE('',#11653,#17030);
#17030 = DEFINITIONAL_REPRESENTATION('',(#17031),#17035);
#17031 = B_SPLINE_CURVE_WITH_KNOTS('',2,(#17032,#17033,#17034),
  .UNSPECIFIED.,.F.,.F.,(3,3),(0.,1.),.PIECEWISE_BEZIER_KNOTS.);
#17032 = CARTESIAN_POINT('',(-2.176780943825,4.327176664089));
#17033 = CARTESIAN_POINT('',(-2.08443266136,3.862137098817));
#17034 = CARTESIAN_POINT('',(-1.916226861155,3.403693839436));
#17035 = ( GEOMETRIC_REPRESENTATION_CONTEXT(2) 
PARAMETRIC_REPRESENTATION_CONTEXT() REPRESENTATION_CONTEXT('2D SPACE',''
  ) );
#17036 = PCURVE('',#17037,#17044);
#17037 = SURFACE_OF_LINEAR_EXTRUSION('',#17038,#17042);
#17038 = B_SPLINE_CURVE_WITH_KNOTS('',2,(#17039,#17040,#17041),
  .UNSPECIFIED.,.F.,.F.,(3,3),(0.,1.),.PIECEWISE_BEZIER_KNOTS.);
#17039 = CARTESIAN_POINT('',(-6.08179403093,-17.09597619666,0.));
#17040 = CARTESIAN_POINT('',(-6.174142313395,-16.63093663139,0.));
#17041 = CARTESIAN_POINT('',(-6.3423481136,-16.17249337201,0.));
#17042 = VECTOR('',#17043,1.);
#17043 = DIRECTION('',(0.,0.,-1.));
#17044 = DEFINITIONAL_REPRESENTATION('',(#17045),#17049);
#17045 = LINE('',#17046,#17047);
#17046 = CARTESIAN_POINT('',(0.,-0.6));
#17047 = VECTOR('',#17048,1.);
#17048 = DIRECTION('',(1.,0.));
#17049 = ( GEOMETRIC_REPRESENTATION_CONTEXT(2) 
PARAMETRIC_REPRESENTATION_CONTEXT() REPRESENTATION_CONTEXT('2D SPACE',''
  ) );
#17050 = ADVANCED_FACE('',(#17051),#12050,.F.);
#17051 = FACE_BOUND('',#17052,.F.);
#17052 = EDGE_LOOP('',(#17053,#17054,#17055,#17056,#17057,#17058,#17059,
    #17060,#17061,#17062,#17063,#17064,#17065,#17066,#17067));
#17053 = ORIENTED_EDGE('',*,*,#12034,.T.);
#17054 = ORIENTED_EDGE('',*,*,#12088,.T.);
#17055 = ORIENTED_EDGE('',*,*,#12137,.T.);
#17056 = ORIENTED_EDGE('',*,*,#12186,.T.);
#17057 = ORIENTED_EDGE('',*,*,#12235,.T.);
#17058 = ORIENTED_EDGE('',*,*,#12284,.T.);
#17059 = ORIENTED_EDGE('',*,*,#12333,.T.);
#17060 = ORIENTED_EDGE('',*,*,#12382,.T.);
#17061 = ORIENTED_EDGE('',*,*,#12431,.T.);
#17062 = ORIENTED_EDGE('',*,*,#12480,.T.);
#17063 = ORIENTED_EDGE('',*,*,#12529,.T.);
#17064 = ORIENTED_EDGE('',*,*,#12578,.T.);
#17065 = ORIENTED_EDGE('',*,*,#12627,.T.);
#17066 = ORIENTED_EDGE('',*,*,#12676,.T.);
#17067 = ORIENTED_EDGE('',*,*,#12725,.T.);
#17068 = ADVANCED_FACE('',(#17069),#12790,.F.);
#17069 = FACE_BOUND('',#17070,.F.);
#17070 = EDGE_LOOP('',(#17071,#17072,#17073,#17074,#17075,#17076,#17077,
    #17078));
#17071 = ORIENTED_EDGE('',*,*,#12774,.T.);
#17072 = ORIENTED_EDGE('',*,*,#12828,.T.);
#17073 = ORIENTED_EDGE('',*,*,#12877,.T.);
#17074 = ORIENTED_EDGE('',*,*,#12926,.T.);
#17075 = ORIENTED_EDGE('',*,*,#12975,.T.);
#17076 = ORIENTED_EDGE('',*,*,#13024,.T.);
#17077 = ORIENTED_EDGE('',*,*,#13073,.T.);
#17078 = ORIENTED_EDGE('',*,*,#13122,.T.);
#17079 = ADVANCED_FACE('',(#17080),#13187,.F.);
#17080 = FACE_BOUND('',#17081,.F.);
#17081 = EDGE_LOOP('',(#17082,#17083,#17084,#17085,#17086,#17087,#17088,
    #17089,#17090,#17091,#17092,#17093,#17094,#17095,#17096,#17097));
#17082 = ORIENTED_EDGE('',*,*,#13171,.T.);
#17083 = ORIENTED_EDGE('',*,*,#13225,.T.);
#17084 = ORIENTED_EDGE('',*,*,#13274,.T.);
#17085 = ORIENTED_EDGE('',*,*,#13323,.T.);
#17086 = ORIENTED_EDGE('',*,*,#13372,.T.);
#17087 = ORIENTED_EDGE('',*,*,#13421,.T.);
#17088 = ORIENTED_EDGE('',*,*,#13470,.T.);
#17089 = ORIENTED_EDGE('',*,*,#13519,.T.);
#17090 = ORIENTED_EDGE('',*,*,#13568,.T.);
#17091 = ORIENTED_EDGE('',*,*,#13617,.T.);
#17092 = ORIENTED_EDGE('',*,*,#13666,.T.);
#17093 = ORIENTED_EDGE('',*,*,#13715,.T.);
#17094 = ORIENTED_EDGE('',*,*,#13764,.T.);
#17095 = ORIENTED_EDGE('',*,*,#13813,.T.);
#17096 = ORIENTED_EDGE('',*,*,#13862,.T.);
#17097 = ORIENTED_EDGE('',*,*,#13911,.T.);
#17098 = ADVANCED_FACE('',(#17099),#13976,.F.);
#17099 = FACE_BOUND('',#17100,.F.);
#17100 = EDGE_LOOP('',(#17101,#17102,#17103,#17104,#17105,#17106,#17107,
    #17108,#17109));
#17101 = ORIENTED_EDGE('',*,*,#13960,.T.);
#17102 = ORIENTED_EDGE('',*,*,#14014,.T.);
#17103 = ORIENTED_EDGE('',*,*,#14063,.T.);
#17104 = ORIENTED_EDGE('',*,*,#14112,.T.);
#17105 = ORIENTED_EDGE('',*,*,#14161,.T.);
#17106 = ORIENTED_EDGE('',*,*,#14210,.T.);
#17107 = ORIENTED_EDGE('',*,*,#14259,.T.);
#17108 = ORIENTED_EDGE('',*,*,#14308,.T.);
#17109 = ORIENTED_EDGE('',*,*,#14357,.T.);
#17110 = ADVANCED_FACE('',(#17111),#14422,.F.);
#17111 = FACE_BOUND('',#17112,.F.);
#17112 = EDGE_LOOP('',(#17113,#17114,#17115,#17116,#17117,#17118,#17119,
    #17120,#17121,#17122,#17123,#17124,#17125,#17126,#17127,#17128,
    #17129,#17130,#17131,#17132,#17133,#17134));
#17113 = ORIENTED_EDGE('',*,*,#14406,.T.);
#17114 = ORIENTED_EDGE('',*,*,#14460,.T.);
#17115 = ORIENTED_EDGE('',*,*,#14509,.T.);
#17116 = ORIENTED_EDGE('',*,*,#14558,.T.);
#17117 = ORIENTED_EDGE('',*,*,#14607,.T.);
#17118 = ORIENTED_EDGE('',*,*,#14656,.T.);
#17119 = ORIENTED_EDGE('',*,*,#14705,.T.);
#17120 = ORIENTED_EDGE('',*,*,#14754,.T.);
#17121 = ORIENTED_EDGE('',*,*,#14803,.T.);
#17122 = ORIENTED_EDGE('',*,*,#14852,.T.);
#17123 = ORIENTED_EDGE('',*,*,#14901,.T.);
#17124 = ORIENTED_EDGE('',*,*,#14950,.T.);
#17125 = ORIENTED_EDGE('',*,*,#14999,.T.);
#17126 = ORIENTED_EDGE('',*,*,#15048,.T.);
#17127 = ORIENTED_EDGE('',*,*,#15097,.T.);
#17128 = ORIENTED_EDGE('',*,*,#15146,.T.);
#17129 = ORIENTED_EDGE('',*,*,#15195,.T.);
#17130 = ORIENTED_EDGE('',*,*,#15244,.T.);
#17131 = ORIENTED_EDGE('',*,*,#15293,.T.);
#17132 = ORIENTED_EDGE('',*,*,#15342,.T.);
#17133 = ORIENTED_EDGE('',*,*,#15391,.T.);
#17134 = ORIENTED_EDGE('',*,*,#15440,.T.);
#17135 = ADVANCED_FACE('',(#17136),#15505,.F.);
#17136 = FACE_BOUND('',#17137,.F.);
#17137 = EDGE_LOOP('',(#17138,#17139,#17140,#17141));
#17138 = ORIENTED_EDGE('',*,*,#15489,.T.);
#17139 = ORIENTED_EDGE('',*,*,#15543,.T.);
#17140 = ORIENTED_EDGE('',*,*,#15592,.T.);
#17141 = ORIENTED_EDGE('',*,*,#15641,.T.);
#17142 = ADVANCED_FACE('',(#17143),#15706,.F.);
#17143 = FACE_BOUND('',#17144,.F.);
#17144 = EDGE_LOOP('',(#17145,#17146,#17147,#17148));
#17145 = ORIENTED_EDGE('',*,*,#15690,.T.);
#17146 = ORIENTED_EDGE('',*,*,#15744,.T.);
#17147 = ORIENTED_EDGE('',*,*,#15793,.T.);
#17148 = ORIENTED_EDGE('',*,*,#15842,.T.);
#17149 = ADVANCED_FACE('',(#17150),#15913,.T.);
#17150 = FACE_BOUND('',#17151,.T.);
#17151 = EDGE_LOOP('',(#17152,#17180,#17201,#17202));
#17152 = ORIENTED_EDGE('',*,*,#17153,.F.);
#17153 = EDGE_CURVE('',#17154,#17154,#17156,.T.);
#17154 = VERTEX_POINT('',#17155);
#17155 = CARTESIAN_POINT('',(-23.1,-13.6,7.3));
#17156 = SURFACE_CURVE('',#17157,(#17162,#17169),.PCURVE_S1.);
#17157 = CIRCLE('',#17158,4.85);
#17158 = AXIS2_PLACEMENT_3D('',#17159,#17160,#17161);
#17159 = CARTESIAN_POINT('',(-27.95,-13.6,7.3));
#17160 = DIRECTION('',(0.,0.,1.));
#17161 = DIRECTION('',(1.,0.,-0.));
#17162 = PCURVE('',#15913,#17163);
#17163 = DEFINITIONAL_REPRESENTATION('',(#17164),#17168);
#17164 = LINE('',#17165,#17166);
#17165 = CARTESIAN_POINT('',(0.,1.));
#17166 = VECTOR('',#17167,1.);
#17167 = DIRECTION('',(1.,0.));
#17168 = ( GEOMETRIC_REPRESENTATION_CONTEXT(2) 
PARAMETRIC_REPRESENTATION_CONTEXT() REPRESENTATION_CONTEXT('2D SPACE',''
  ) );
#17169 = PCURVE('',#17170,#17175);
#17170 = CYLINDRICAL_SURFACE('',#17171,4.85);
#17171 = AXIS2_PLACEMENT_3D('',#17172,#17173,#17174);
#17172 = CARTESIAN_POINT('',(-27.95,-13.6,7.3));
#17173 = DIRECTION('',(0.,0.,1.));
#17174 = DIRECTION('',(1.,0.,-0.));
#17175 = DEFINITIONAL_REPRESENTATION('',(#17176),#17179);
#17176 = B_SPLINE_CURVE_WITH_KNOTS('',1,(#17177,#17178),.UNSPECIFIED.,
  .F.,.F.,(2,2),(0.,6.28318530718),.PIECEWISE_BEZIER_KNOTS.);
#17177 = CARTESIAN_POINT('',(0.,0.));
#17178 = CARTESIAN_POINT('',(6.28318530718,0.));
#17179 = ( GEOMETRIC_REPRESENTATION_CONTEXT(2) 
PARAMETRIC_REPRESENTATION_CONTEXT() REPRESENTATION_CONTEXT('2D SPACE',''
  ) );
#17180 = ORIENTED_EDGE('',*,*,#17181,.F.);
#17181 = EDGE_CURVE('',#15876,#17154,#17182,.T.);
#17182 = SEAM_CURVE('',#17183,(#17187,#17194),.PCURVE_S1.);
#17183 = LINE('',#17184,#17185);
#17184 = CARTESIAN_POINT('',(-24.1,-13.6,6.3));
#17185 = VECTOR('',#17186,1.);
#17186 = DIRECTION('',(0.707106781187,-1.731912112471E-16,0.707106781187
    ));
#17187 = PCURVE('',#15913,#17188);
#17188 = DEFINITIONAL_REPRESENTATION('',(#17189),#17193);
#17189 = LINE('',#17190,#17191);
#17190 = CARTESIAN_POINT('',(6.28318530718,-0.));
#17191 = VECTOR('',#17192,1.);
#17192 = DIRECTION('',(0.,1.));
#17193 = ( GEOMETRIC_REPRESENTATION_CONTEXT(2) 
PARAMETRIC_REPRESENTATION_CONTEXT() REPRESENTATION_CONTEXT('2D SPACE',''
  ) );
#17194 = PCURVE('',#15913,#17195);
#17195 = DEFINITIONAL_REPRESENTATION('',(#17196),#17200);
#17196 = LINE('',#17197,#17198);
#17197 = CARTESIAN_POINT('',(0.,-0.));
#17198 = VECTOR('',#17199,1.);
#17199 = DIRECTION('',(0.,1.));
#17200 = ( GEOMETRIC_REPRESENTATION_CONTEXT(2) 
PARAMETRIC_REPRESENTATION_CONTEXT() REPRESENTATION_CONTEXT('2D SPACE',''
  ) );
#17201 = ORIENTED_EDGE('',*,*,#15898,.T.);
#17202 = ORIENTED_EDGE('',*,*,#17181,.T.);
#17203 = ADVANCED_FACE('',(#17204),#16085,.T.);
#17204 = FACE_BOUND('',#17205,.T.);
#17205 = EDGE_LOOP('',(#17206,#17234,#17255,#17256));
#17206 = ORIENTED_EDGE('',*,*,#17207,.F.);
#17207 = EDGE_CURVE('',#17208,#17208,#17210,.T.);
#17208 = VERTEX_POINT('',#17209);
#17209 = CARTESIAN_POINT('',(32.8,-13.6,7.3));
#17210 = SURFACE_CURVE('',#17211,(#17216,#17223),.PCURVE_S1.);
#17211 = CIRCLE('',#17212,4.85);
#17212 = AXIS2_PLACEMENT_3D('',#17213,#17214,#17215);
#17213 = CARTESIAN_POINT('',(27.95,-13.6,7.3));
#17214 = DIRECTION('',(0.,0.,1.));
#17215 = DIRECTION('',(1.,0.,-0.));
#17216 = PCURVE('',#16085,#17217);
#17217 = DEFINITIONAL_REPRESENTATION('',(#17218),#17222);
#17218 = LINE('',#17219,#17220);
#17219 = CARTESIAN_POINT('',(0.,1.));
#17220 = VECTOR('',#17221,1.);
#17221 = DIRECTION('',(1.,0.));
#17222 = ( GEOMETRIC_REPRESENTATION_CONTEXT(2) 
PARAMETRIC_REPRESENTATION_CONTEXT() REPRESENTATION_CONTEXT('2D SPACE',''
  ) );
#17223 = PCURVE('',#17224,#17229);
#17224 = CYLINDRICAL_SURFACE('',#17225,4.85);
#17225 = AXIS2_PLACEMENT_3D('',#17226,#17227,#17228);
#17226 = CARTESIAN_POINT('',(27.95,-13.6,7.3));
#17227 = DIRECTION('',(0.,0.,1.));
#17228 = DIRECTION('',(1.,0.,-0.));
#17229 = DEFINITIONAL_REPRESENTATION('',(#17230),#17233);
#17230 = B_SPLINE_CURVE_WITH_KNOTS('',1,(#17231,#17232),.UNSPECIFIED.,
  .F.,.F.,(2,2),(0.,6.28318530718),.PIECEWISE_BEZIER_KNOTS.);
#17231 = CARTESIAN_POINT('',(0.,0.));
#17232 = CARTESIAN_POINT('',(6.28318530718,0.));
#17233 = ( GEOMETRIC_REPRESENTATION_CONTEXT(2) 
PARAMETRIC_REPRESENTATION_CONTEXT() REPRESENTATION_CONTEXT('2D SPACE',''
  ) );
#17234 = ORIENTED_EDGE('',*,*,#17235,.F.);
#17235 = EDGE_CURVE('',#16048,#17208,#17236,.T.);
#17236 = SEAM_CURVE('',#17237,(#17241,#17248),.PCURVE_S1.);
#17237 = LINE('',#17238,#17239);
#17238 = CARTESIAN_POINT('',(31.8,-13.6,6.3));
#17239 = VECTOR('',#17240,1.);
#17240 = DIRECTION('',(0.707106781187,-1.731912112471E-16,0.707106781187
    ));
#17241 = PCURVE('',#16085,#17242);
#17242 = DEFINITIONAL_REPRESENTATION('',(#17243),#17247);
#17243 = LINE('',#17244,#17245);
#17244 = CARTESIAN_POINT('',(6.28318530718,-0.));
#17245 = VECTOR('',#17246,1.);
#17246 = DIRECTION('',(0.,1.));
#17247 = ( GEOMETRIC_REPRESENTATION_CONTEXT(2) 
PARAMETRIC_REPRESENTATION_CONTEXT() REPRESENTATION_CONTEXT('2D SPACE',''
  ) );
#17248 = PCURVE('',#16085,#17249);
#17249 = DEFINITIONAL_REPRESENTATION('',(#17250),#17254);
#17250 = LINE('',#17251,#17252);
#17251 = CARTESIAN_POINT('',(0.,-0.));
#17252 = VECTOR('',#17253,1.);
#17253 = DIRECTION('',(0.,1.));
#17254 = ( GEOMETRIC_REPRESENTATION_CONTEXT(2) 
PARAMETRIC_REPRESENTATION_CONTEXT() REPRESENTATION_CONTEXT('2D SPACE',''
  ) );
#17255 = ORIENTED_EDGE('',*,*,#16070,.T.);
#17256 = ORIENTED_EDGE('',*,*,#17235,.T.);
#17257 = ADVANCED_FACE('',(#17258),#16402,.T.);
#17258 = FACE_BOUND('',#17259,.T.);
#17259 = EDGE_LOOP('',(#17260,#17288,#17309,#17310));
#17260 = ORIENTED_EDGE('',*,*,#17261,.F.);
#17261 = EDGE_CURVE('',#17262,#17262,#17264,.T.);
#17262 = VERTEX_POINT('',#17263);
#17263 = CARTESIAN_POINT('',(-23.1,13.6,7.3));
#17264 = SURFACE_CURVE('',#17265,(#17270,#17277),.PCURVE_S1.);
#17265 = CIRCLE('',#17266,4.85);
#17266 = AXIS2_PLACEMENT_3D('',#17267,#17268,#17269);
#17267 = CARTESIAN_POINT('',(-27.95,13.6,7.3));
#17268 = DIRECTION('',(0.,0.,1.));
#17269 = DIRECTION('',(1.,0.,-0.));
#17270 = PCURVE('',#16402,#17271);
#17271 = DEFINITIONAL_REPRESENTATION('',(#17272),#17276);
#17272 = LINE('',#17273,#17274);
#17273 = CARTESIAN_POINT('',(0.,1.));
#17274 = VECTOR('',#17275,1.);
#17275 = DIRECTION('',(1.,0.));
#17276 = ( GEOMETRIC_REPRESENTATION_CONTEXT(2) 
PARAMETRIC_REPRESENTATION_CONTEXT() REPRESENTATION_CONTEXT('2D SPACE',''
  ) );
#17277 = PCURVE('',#17278,#17283);
#17278 = CYLINDRICAL_SURFACE('',#17279,4.85);
#17279 = AXIS2_PLACEMENT_3D('',#17280,#17281,#17282);
#17280 = CARTESIAN_POINT('',(-27.95,13.6,7.3));
#17281 = DIRECTION('',(0.,0.,1.));
#17282 = DIRECTION('',(1.,0.,-0.));
#17283 = DEFINITIONAL_REPRESENTATION('',(#17284),#17287);
#17284 = B_SPLINE_CURVE_WITH_KNOTS('',1,(#17285,#17286),.UNSPECIFIED.,
  .F.,.F.,(2,2),(0.,6.28318530718),.PIECEWISE_BEZIER_KNOTS.);
#17285 = CARTESIAN_POINT('',(0.,0.));
#17286 = CARTESIAN_POINT('',(6.28318530718,0.));
#17287 = ( GEOMETRIC_REPRESENTATION_CONTEXT(2) 
PARAMETRIC_REPRESENTATION_CONTEXT() REPRESENTATION_CONTEXT('2D SPACE',''
  ) );
#17288 = ORIENTED_EDGE('',*,*,#17289,.F.);
#17289 = EDGE_CURVE('',#16365,#17262,#17290,.T.);
#17290 = SEAM_CURVE('',#17291,(#17295,#17302),.PCURVE_S1.);
#17291 = LINE('',#17292,#17293);
#17292 = CARTESIAN_POINT('',(-24.1,13.6,6.3));
#17293 = VECTOR('',#17294,1.);
#17294 = DIRECTION('',(0.707106781187,-1.731912112471E-16,0.707106781187
    ));
#17295 = PCURVE('',#16402,#17296);
#17296 = DEFINITIONAL_REPRESENTATION('',(#17297),#17301);
#17297 = LINE('',#17298,#17299);
#17298 = CARTESIAN_POINT('',(6.28318530718,-0.));
#17299 = VECTOR('',#17300,1.);
#17300 = DIRECTION('',(0.,1.));
#17301 = ( GEOMETRIC_REPRESENTATION_CONTEXT(2) 
PARAMETRIC_REPRESENTATION_CONTEXT() REPRESENTATION_CONTEXT('2D SPACE',''
  ) );
#17302 = PCURVE('',#16402,#17303);
#17303 = DEFINITIONAL_REPRESENTATION('',(#17304),#17308);
#17304 = LINE('',#17305,#17306);
#17305 = CARTESIAN_POINT('',(0.,-0.));
#17306 = VECTOR('',#17307,1.);
#17307 = DIRECTION('',(0.,1.));
#17308 = ( GEOMETRIC_REPRESENTATION_CONTEXT(2) 
PARAMETRIC_REPRESENTATION_CONTEXT() REPRESENTATION_CONTEXT('2D SPACE',''
  ) );
#17309 = ORIENTED_EDGE('',*,*,#16387,.T.);
#17310 = ORIENTED_EDGE('',*,*,#17289,.T.);
#17311 = ADVANCED_FACE('',(#17312),#16493,.F.);
#17312 = FACE_BOUND('',#17313,.F.);
#17313 = EDGE_LOOP('',(#17314,#17315,#17338,#17365));
#17314 = ORIENTED_EDGE('',*,*,#16476,.F.);
#17315 = ORIENTED_EDGE('',*,*,#17316,.F.);
#17316 = EDGE_CURVE('',#17317,#16477,#17319,.T.);
#17317 = VERTEX_POINT('',#17318);
#17318 = CARTESIAN_POINT('',(2.9,-7.,5.5));
#17319 = SEAM_CURVE('',#17320,(#17324,#17331),.PCURVE_S1.);
#17320 = LINE('',#17321,#17322);
#17321 = CARTESIAN_POINT('',(2.9,-7.,5.5));
#17322 = VECTOR('',#17323,1.);
#17323 = DIRECTION('',(0.,0.,1.));
#17324 = PCURVE('',#16493,#17325);
#17325 = DEFINITIONAL_REPRESENTATION('',(#17326),#17330);
#17326 = LINE('',#17327,#17328);
#17327 = CARTESIAN_POINT('',(6.28318530718,-0.));
#17328 = VECTOR('',#17329,1.);
#17329 = DIRECTION('',(0.,1.));
#17330 = ( GEOMETRIC_REPRESENTATION_CONTEXT(2) 
PARAMETRIC_REPRESENTATION_CONTEXT() REPRESENTATION_CONTEXT('2D SPACE',''
  ) );
#17331 = PCURVE('',#16493,#17332);
#17332 = DEFINITIONAL_REPRESENTATION('',(#17333),#17337);
#17333 = LINE('',#17334,#17335);
#17334 = CARTESIAN_POINT('',(0.,-0.));
#17335 = VECTOR('',#17336,1.);
#17336 = DIRECTION('',(0.,1.));
#17337 = ( GEOMETRIC_REPRESENTATION_CONTEXT(2) 
PARAMETRIC_REPRESENTATION_CONTEXT() REPRESENTATION_CONTEXT('2D SPACE',''
  ) );
#17338 = ORIENTED_EDGE('',*,*,#17339,.T.);
#17339 = EDGE_CURVE('',#17317,#17317,#17340,.T.);
#17340 = SURFACE_CURVE('',#17341,(#17346,#17353),.PCURVE_S1.);
#17341 = CIRCLE('',#17342,1.25);
#17342 = AXIS2_PLACEMENT_3D('',#17343,#17344,#17345);
#17343 = CARTESIAN_POINT('',(1.65,-7.,5.5));
#17344 = DIRECTION('',(0.,0.,1.));
#17345 = DIRECTION('',(1.,0.,-0.));
#17346 = PCURVE('',#16493,#17347);
#17347 = DEFINITIONAL_REPRESENTATION('',(#17348),#17352);
#17348 = LINE('',#17349,#17350);
#17349 = CARTESIAN_POINT('',(0.,0.));
#17350 = VECTOR('',#17351,1.);
#17351 = DIRECTION('',(1.,0.));
#17352 = ( GEOMETRIC_REPRESENTATION_CONTEXT(2) 
PARAMETRIC_REPRESENTATION_CONTEXT() REPRESENTATION_CONTEXT('2D SPACE',''
  ) );
#17353 = PCURVE('',#17354,#17359);
#17354 = PLANE('',#17355);
#17355 = AXIS2_PLACEMENT_3D('',#17356,#17357,#17358);
#17356 = CARTESIAN_POINT('',(1.65,-7.,5.5));
#17357 = DIRECTION('',(0.,0.,1.));
#17358 = DIRECTION('',(1.,0.,-0.));
#17359 = DEFINITIONAL_REPRESENTATION('',(#17360),#17364);
#17360 = CIRCLE('',#17361,1.25);
#17361 = AXIS2_PLACEMENT_2D('',#17362,#17363);
#17362 = CARTESIAN_POINT('',(0.,0.));
#17363 = DIRECTION('',(1.,0.));
#17364 = ( GEOMETRIC_REPRESENTATION_CONTEXT(2) 
PARAMETRIC_REPRESENTATION_CONTEXT() REPRESENTATION_CONTEXT('2D SPACE',''
  ) );
#17365 = ORIENTED_EDGE('',*,*,#17316,.T.);
#17366 = ADVANCED_FACE('',(#17367),#16549,.F.);
#17367 = FACE_BOUND('',#17368,.F.);
#17368 = EDGE_LOOP('',(#17369,#17370,#17393,#17420));
#17369 = ORIENTED_EDGE('',*,*,#16532,.F.);
#17370 = ORIENTED_EDGE('',*,*,#17371,.F.);
#17371 = EDGE_CURVE('',#17372,#16533,#17374,.T.);
#17372 = VERTEX_POINT('',#17373);
#17373 = CARTESIAN_POINT('',(2.9,7.,5.5));
#17374 = SEAM_CURVE('',#17375,(#17379,#17386),.PCURVE_S1.);
#17375 = LINE('',#17376,#17377);
#17376 = CARTESIAN_POINT('',(2.9,7.,5.5));
#17377 = VECTOR('',#17378,1.);
#17378 = DIRECTION('',(0.,0.,1.));
#17379 = PCURVE('',#16549,#17380);
#17380 = DEFINITIONAL_REPRESENTATION('',(#17381),#17385);
#17381 = LINE('',#17382,#17383);
#17382 = CARTESIAN_POINT('',(6.28318530718,-0.));
#17383 = VECTOR('',#17384,1.);
#17384 = DIRECTION('',(0.,1.));
#17385 = ( GEOMETRIC_REPRESENTATION_CONTEXT(2) 
PARAMETRIC_REPRESENTATION_CONTEXT() REPRESENTATION_CONTEXT('2D SPACE',''
  ) );
#17386 = PCURVE('',#16549,#17387);
#17387 = DEFINITIONAL_REPRESENTATION('',(#17388),#17392);
#17388 = LINE('',#17389,#17390);
#17389 = CARTESIAN_POINT('',(0.,-0.));
#17390 = VECTOR('',#17391,1.);
#17391 = DIRECTION('',(0.,1.));
#17392 = ( GEOMETRIC_REPRESENTATION_CONTEXT(2) 
PARAMETRIC_REPRESENTATION_CONTEXT() REPRESENTATION_CONTEXT('2D SPACE',''
  ) );
#17393 = ORIENTED_EDGE('',*,*,#17394,.T.);
#17394 = EDGE_CURVE('',#17372,#17372,#17395,.T.);
#17395 = SURFACE_CURVE('',#17396,(#17401,#17408),.PCURVE_S1.);
#17396 = CIRCLE('',#17397,1.25);
#17397 = AXIS2_PLACEMENT_3D('',#17398,#17399,#17400);
#17398 = CARTESIAN_POINT('',(1.65,7.,5.5));
#17399 = DIRECTION('',(0.,0.,1.));
#17400 = DIRECTION('',(1.,0.,-0.));
#17401 = PCURVE('',#16549,#17402);
#17402 = DEFINITIONAL_REPRESENTATION('',(#17403),#17407);
#17403 = LINE('',#17404,#17405);
#17404 = CARTESIAN_POINT('',(0.,0.));
#17405 = VECTOR('',#17406,1.);
#17406 = DIRECTION('',(1.,0.));
#17407 = ( GEOMETRIC_REPRESENTATION_CONTEXT(2) 
PARAMETRIC_REPRESENTATION_CONTEXT() REPRESENTATION_CONTEXT('2D SPACE',''
  ) );
#17408 = PCURVE('',#17409,#17414);
#17409 = PLANE('',#17410);
#17410 = AXIS2_PLACEMENT_3D('',#17411,#17412,#17413);
#17411 = CARTESIAN_POINT('',(1.65,7.,5.5));
#17412 = DIRECTION('',(0.,0.,1.));
#17413 = DIRECTION('',(1.,0.,-0.));
#17414 = DEFINITIONAL_REPRESENTATION('',(#17415),#17419);
#17415 = CIRCLE('',#17416,1.25);
#17416 = AXIS2_PLACEMENT_2D('',#17417,#17418);
#17417 = CARTESIAN_POINT('',(0.,0.));
#17418 = DIRECTION('',(1.,0.));
#17419 = ( GEOMETRIC_REPRESENTATION_CONTEXT(2) 
PARAMETRIC_REPRESENTATION_CONTEXT() REPRESENTATION_CONTEXT('2D SPACE',''
  ) );
#17420 = ORIENTED_EDGE('',*,*,#17371,.T.);
#17421 = ADVANCED_FACE('',(#17422),#16838,.T.);
#17422 = FACE_BOUND('',#17423,.T.);
#17423 = EDGE_LOOP('',(#17424,#17452,#17473,#17474));
#17424 = ORIENTED_EDGE('',*,*,#17425,.F.);
#17425 = EDGE_CURVE('',#17426,#17426,#17428,.T.);
#17426 = VERTEX_POINT('',#17427);
#17427 = CARTESIAN_POINT('',(32.8,13.6,7.3));
#17428 = SURFACE_CURVE('',#17429,(#17434,#17441),.PCURVE_S1.);
#17429 = CIRCLE('',#17430,4.85);
#17430 = AXIS2_PLACEMENT_3D('',#17431,#17432,#17433);
#17431 = CARTESIAN_POINT('',(27.95,13.6,7.3));
#17432 = DIRECTION('',(0.,0.,1.));
#17433 = DIRECTION('',(1.,0.,-0.));
#17434 = PCURVE('',#16838,#17435);
#17435 = DEFINITIONAL_REPRESENTATION('',(#17436),#17440);
#17436 = LINE('',#17437,#17438);
#17437 = CARTESIAN_POINT('',(0.,1.));
#17438 = VECTOR('',#17439,1.);
#17439 = DIRECTION('',(1.,0.));
#17440 = ( GEOMETRIC_REPRESENTATION_CONTEXT(2) 
PARAMETRIC_REPRESENTATION_CONTEXT() REPRESENTATION_CONTEXT('2D SPACE',''
  ) );
#17441 = PCURVE('',#17442,#17447);
#17442 = CYLINDRICAL_SURFACE('',#17443,4.85);
#17443 = AXIS2_PLACEMENT_3D('',#17444,#17445,#17446);
#17444 = CARTESIAN_POINT('',(27.95,13.6,7.3));
#17445 = DIRECTION('',(0.,0.,1.));
#17446 = DIRECTION('',(1.,0.,-0.));
#17447 = DEFINITIONAL_REPRESENTATION('',(#17448),#17451);
#17448 = B_SPLINE_CURVE_WITH_KNOTS('',1,(#17449,#17450),.UNSPECIFIED.,
  .F.,.F.,(2,2),(0.,6.28318530718),.PIECEWISE_BEZIER_KNOTS.);
#17449 = CARTESIAN_POINT('',(0.,0.));
#17450 = CARTESIAN_POINT('',(6.28318530718,0.));
#17451 = ( GEOMETRIC_REPRESENTATION_CONTEXT(2) 
PARAMETRIC_REPRESENTATION_CONTEXT() REPRESENTATION_CONTEXT('2D SPACE',''
  ) );
#17452 = ORIENTED_EDGE('',*,*,#17453,.F.);
#17453 = EDGE_CURVE('',#16801,#17426,#17454,.T.);
#17454 = SEAM_CURVE('',#17455,(#17459,#17466),.PCURVE_S1.);
#17455 = LINE('',#17456,#17457);
#17456 = CARTESIAN_POINT('',(31.8,13.6,6.3));
#17457 = VECTOR('',#17458,1.);
#17458 = DIRECTION('',(0.707106781187,-1.731912112471E-16,0.707106781187
    ));
#17459 = PCURVE('',#16838,#17460);
#17460 = DEFINITIONAL_REPRESENTATION('',(#17461),#17465);
#17461 = LINE('',#17462,#17463);
#17462 = CARTESIAN_POINT('',(6.28318530718,-0.));
#17463 = VECTOR('',#17464,1.);
#17464 = DIRECTION('',(0.,1.));
#17465 = ( GEOMETRIC_REPRESENTATION_CONTEXT(2) 
PARAMETRIC_REPRESENTATION_CONTEXT() REPRESENTATION_CONTEXT('2D SPACE',''
  ) );
#17466 = PCURVE('',#16838,#17467);
#17467 = DEFINITIONAL_REPRESENTATION('',(#17468),#17472);
#17468 = LINE('',#17469,#17470);
#17469 = CARTESIAN_POINT('',(0.,-0.));
#17470 = VECTOR('',#17471,1.);
#17471 = DIRECTION('',(0.,1.));
#17472 = ( GEOMETRIC_REPRESENTATION_CONTEXT(2) 
PARAMETRIC_REPRESENTATION_CONTEXT() REPRESENTATION_CONTEXT('2D SPACE',''
  ) );
#17473 = ORIENTED_EDGE('',*,*,#16823,.T.);
#17474 = ORIENTED_EDGE('',*,*,#17453,.T.);
#17475 = ADVANCED_FACE('',(#17476),#16925,.T.);
#17476 = FACE_BOUND('',#17477,.T.);
#17477 = EDGE_LOOP('',(#17478,#17501,#17502,#17525));
#17478 = ORIENTED_EDGE('',*,*,#17479,.T.);
#17479 = EDGE_CURVE('',#17480,#16908,#17482,.T.);
#17480 = VERTEX_POINT('',#17481);
#17481 = CARTESIAN_POINT('',(-6.3423481136,-16.17249337201,0.));
#17482 = SURFACE_CURVE('',#17483,(#17487,#17494),.PCURVE_S1.);
#17483 = LINE('',#17484,#17485);
#17484 = CARTESIAN_POINT('',(-6.3423481136,-16.17249337201,0.));
#17485 = VECTOR('',#17486,1.);
#17486 = DIRECTION('',(-0.,-0.,1.));
#17487 = PCURVE('',#16925,#17488);
#17488 = DEFINITIONAL_REPRESENTATION('',(#17489),#17493);
#17489 = LINE('',#17490,#17491);
#17490 = CARTESIAN_POINT('',(0.,0.));
#17491 = VECTOR('',#17492,1.);
#17492 = DIRECTION('',(0.,-1.));
#17493 = ( GEOMETRIC_REPRESENTATION_CONTEXT(2) 
PARAMETRIC_REPRESENTATION_CONTEXT() REPRESENTATION_CONTEXT('2D SPACE',''
  ) );
#17494 = PCURVE('',#17037,#17495);
#17495 = DEFINITIONAL_REPRESENTATION('',(#17496),#17500);
#17496 = LINE('',#17497,#17498);
#17497 = CARTESIAN_POINT('',(1.,0.));
#17498 = VECTOR('',#17499,1.);
#17499 = DIRECTION('',(0.,-1.));
#17500 = ( GEOMETRIC_REPRESENTATION_CONTEXT(2) 
PARAMETRIC_REPRESENTATION_CONTEXT() REPRESENTATION_CONTEXT('2D SPACE',''
  ) );
#17501 = ORIENTED_EDGE('',*,*,#16907,.T.);
#17502 = ORIENTED_EDGE('',*,*,#17503,.F.);
#17503 = EDGE_CURVE('',#17504,#16910,#17506,.T.);
#17504 = VERTEX_POINT('',#17505);
#17505 = CARTESIAN_POINT('',(-6.873350737775,-14.75428760558,0.));
#17506 = SURFACE_CURVE('',#17507,(#17511,#17518),.PCURVE_S1.);
#17507 = LINE('',#17508,#17509);
#17508 = CARTESIAN_POINT('',(-6.873350737775,-14.75428760558,0.));
#17509 = VECTOR('',#17510,1.);
#17510 = DIRECTION('',(-0.,-0.,1.));
#17511 = PCURVE('',#16925,#17512);
#17512 = DEFINITIONAL_REPRESENTATION('',(#17513),#17517);
#17513 = LINE('',#17514,#17515);
#17514 = CARTESIAN_POINT('',(1.514355104598,0.));
#17515 = VECTOR('',#17516,1.);
#17516 = DIRECTION('',(0.,-1.));
#17517 = ( GEOMETRIC_REPRESENTATION_CONTEXT(2) 
PARAMETRIC_REPRESENTATION_CONTEXT() REPRESENTATION_CONTEXT('2D SPACE',''
  ) );
#17518 = PCURVE('',#16953,#17519);
#17519 = DEFINITIONAL_REPRESENTATION('',(#17520),#17524);
#17520 = LINE('',#17521,#17522);
#17521 = CARTESIAN_POINT('',(0.,0.));
#17522 = VECTOR('',#17523,1.);
#17523 = DIRECTION('',(0.,-1.));
#17524 = ( GEOMETRIC_REPRESENTATION_CONTEXT(2) 
PARAMETRIC_REPRESENTATION_CONTEXT() REPRESENTATION_CONTEXT('2D SPACE',''
  ) );
#17525 = ORIENTED_EDGE('',*,*,#17526,.F.);
#17526 = EDGE_CURVE('',#17480,#17504,#17527,.T.);
#17527 = SURFACE_CURVE('',#17528,(#17532,#17539),.PCURVE_S1.);
#17528 = LINE('',#17529,#17530);
#17529 = CARTESIAN_POINT('',(-6.3423481136,-16.17249337201,0.));
#17530 = VECTOR('',#17531,1.);
#17531 = DIRECTION('',(-0.350646042374,0.936508063482,0.));
#17532 = PCURVE('',#16925,#17533);
#17533 = DEFINITIONAL_REPRESENTATION('',(#17534),#17538);
#17534 = LINE('',#17535,#17536);
#17535 = CARTESIAN_POINT('',(0.,0.));
#17536 = VECTOR('',#17537,1.);
#17537 = DIRECTION('',(1.,0.));
#17538 = ( GEOMETRIC_REPRESENTATION_CONTEXT(2) 
PARAMETRIC_REPRESENTATION_CONTEXT() REPRESENTATION_CONTEXT('2D SPACE',''
  ) );
#17539 = PCURVE('',#17540,#17545);
#17540 = PLANE('',#17541);
#17541 = AXIS2_PLACEMENT_3D('',#17542,#17543,#17544);
#17542 = CARTESIAN_POINT('',(-37.8,-23.45,0.));
#17543 = DIRECTION('',(0.,0.,1.));
#17544 = DIRECTION('',(1.,0.,-0.));
#17545 = DEFINITIONAL_REPRESENTATION('',(#17546),#17550);
#17546 = LINE('',#17547,#17548);
#17547 = CARTESIAN_POINT('',(31.4576518864,7.277506627985));
#17548 = VECTOR('',#17549,1.);
#17549 = DIRECTION('',(-0.350646042374,0.936508063482));
#17550 = ( GEOMETRIC_REPRESENTATION_CONTEXT(2) 
PARAMETRIC_REPRESENTATION_CONTEXT() REPRESENTATION_CONTEXT('2D SPACE',''
  ) );
#17551 = ADVANCED_FACE('',(#17552),#16953,.T.);
#17552 = FACE_BOUND('',#17553,.T.);
#17553 = EDGE_LOOP('',(#17554,#17555,#17556,#17579));
#17554 = ORIENTED_EDGE('',*,*,#17503,.T.);
#17555 = ORIENTED_EDGE('',*,*,#16937,.T.);
#17556 = ORIENTED_EDGE('',*,*,#17557,.F.);
#17557 = EDGE_CURVE('',#17558,#16938,#17560,.T.);
#17558 = VERTEX_POINT('',#17559);
#17559 = CARTESIAN_POINT('',(-5.234168724016,-14.75428760558,0.));
#17560 = SURFACE_CURVE('',#17561,(#17565,#17572),.PCURVE_S1.);
#17561 = LINE('',#17562,#17563);
#17562 = CARTESIAN_POINT('',(-5.234168724016,-14.75428760558,0.));
#17563 = VECTOR('',#17564,1.);
#17564 = DIRECTION('',(-0.,-0.,1.));
#17565 = PCURVE('',#16953,#17566);
#17566 = DEFINITIONAL_REPRESENTATION('',(#17567),#17571);
#17567 = LINE('',#17568,#17569);
#17568 = CARTESIAN_POINT('',(1.639182013759,0.));
#17569 = VECTOR('',#17570,1.);
#17570 = DIRECTION('',(0.,-1.));
#17571 = ( GEOMETRIC_REPRESENTATION_CONTEXT(2) 
PARAMETRIC_REPRESENTATION_CONTEXT() REPRESENTATION_CONTEXT('2D SPACE',''
  ) );
#17572 = PCURVE('',#16981,#17573);
#17573 = DEFINITIONAL_REPRESENTATION('',(#17574),#17578);
#17574 = LINE('',#17575,#17576);
#17575 = CARTESIAN_POINT('',(0.,0.));
#17576 = VECTOR('',#17577,1.);
#17577 = DIRECTION('',(0.,-1.));
#17578 = ( GEOMETRIC_REPRESENTATION_CONTEXT(2) 
PARAMETRIC_REPRESENTATION_CONTEXT() REPRESENTATION_CONTEXT('2D SPACE',''
  ) );
#17579 = ORIENTED_EDGE('',*,*,#17580,.F.);
#17580 = EDGE_CURVE('',#17504,#17558,#17581,.T.);
#17581 = SURFACE_CURVE('',#17582,(#17586,#17593),.PCURVE_S1.);
#17582 = LINE('',#17583,#17584);
#17583 = CARTESIAN_POINT('',(-6.873350737775,-14.75428760558,0.));
#17584 = VECTOR('',#17585,1.);
#17585 = DIRECTION('',(1.,0.,0.));
#17586 = PCURVE('',#16953,#17587);
#17587 = DEFINITIONAL_REPRESENTATION('',(#17588),#17592);
#17588 = LINE('',#17589,#17590);
#17589 = CARTESIAN_POINT('',(0.,0.));
#17590 = VECTOR('',#17591,1.);
#17591 = DIRECTION('',(1.,0.));
#17592 = ( GEOMETRIC_REPRESENTATION_CONTEXT(2) 
PARAMETRIC_REPRESENTATION_CONTEXT() REPRESENTATION_CONTEXT('2D SPACE',''
  ) );
#17593 = PCURVE('',#17540,#17594);
#17594 = DEFINITIONAL_REPRESENTATION('',(#17595),#17599);
#17595 = LINE('',#17596,#17597);
#17596 = CARTESIAN_POINT('',(30.926649262225,8.695712394417));
#17597 = VECTOR('',#17598,1.);
#17598 = DIRECTION('',(1.,0.));
#17599 = ( GEOMETRIC_REPRESENTATION_CONTEXT(2) 
PARAMETRIC_REPRESENTATION_CONTEXT() REPRESENTATION_CONTEXT('2D SPACE',''
  ) );
#17600 = ADVANCED_FACE('',(#17601),#16981,.T.);
#17601 = FACE_BOUND('',#17602,.T.);
#17602 = EDGE_LOOP('',(#17603,#17604,#17605,#17628));
#17603 = ORIENTED_EDGE('',*,*,#17557,.T.);
#17604 = ORIENTED_EDGE('',*,*,#16965,.T.);
#17605 = ORIENTED_EDGE('',*,*,#17606,.F.);
#17606 = EDGE_CURVE('',#17607,#16966,#17609,.T.);
#17607 = VERTEX_POINT('',#17608);
#17608 = CARTESIAN_POINT('',(-5.73878612463,-16.09333770133,0.));
#17609 = SURFACE_CURVE('',#17610,(#17614,#17621),.PCURVE_S1.);
#17610 = LINE('',#17611,#17612);
#17611 = CARTESIAN_POINT('',(-5.73878612463,-16.09333770133,0.));
#17612 = VECTOR('',#17613,1.);
#17613 = DIRECTION('',(-0.,-0.,1.));
#17614 = PCURVE('',#16981,#17615);
#17615 = DEFINITIONAL_REPRESENTATION('',(#17616),#17620);
#17616 = LINE('',#17617,#17618);
#17617 = CARTESIAN_POINT('',(1.430976547649,0.));
#17618 = VECTOR('',#17619,1.);
#17619 = DIRECTION('',(0.,-1.));
#17620 = ( GEOMETRIC_REPRESENTATION_CONTEXT(2) 
PARAMETRIC_REPRESENTATION_CONTEXT() REPRESENTATION_CONTEXT('2D SPACE',''
  ) );
#17621 = PCURVE('',#17009,#17622);
#17622 = DEFINITIONAL_REPRESENTATION('',(#17623),#17627);
#17623 = LINE('',#17624,#17625);
#17624 = CARTESIAN_POINT('',(0.,0.));
#17625 = VECTOR('',#17626,1.);
#17626 = DIRECTION('',(0.,-1.));
#17627 = ( GEOMETRIC_REPRESENTATION_CONTEXT(2) 
PARAMETRIC_REPRESENTATION_CONTEXT() REPRESENTATION_CONTEXT('2D SPACE',''
  ) );
#17628 = ORIENTED_EDGE('',*,*,#17629,.F.);
#17629 = EDGE_CURVE('',#17558,#17607,#17630,.T.);
#17630 = SURFACE_CURVE('',#17631,(#17635,#17642),.PCURVE_S1.);
#17631 = LINE('',#17632,#17633);
#17632 = CARTESIAN_POINT('',(-5.234168724016,-14.75428760558,0.));
#17633 = VECTOR('',#17634,1.);
#17634 = DIRECTION('',(-0.352638484148,-0.935759637673,-0.));
#17635 = PCURVE('',#16981,#17636);
#17636 = DEFINITIONAL_REPRESENTATION('',(#17637),#17641);
#17637 = LINE('',#17638,#17639);
#17638 = CARTESIAN_POINT('',(0.,0.));
#17639 = VECTOR('',#17640,1.);
#17640 = DIRECTION('',(1.,0.));
#17641 = ( GEOMETRIC_REPRESENTATION_CONTEXT(2) 
PARAMETRIC_REPRESENTATION_CONTEXT() REPRESENTATION_CONTEXT('2D SPACE',''
  ) );
#17642 = PCURVE('',#17540,#17643);
#17643 = DEFINITIONAL_REPRESENTATION('',(#17644),#17648);
#17644 = LINE('',#17645,#17646);
#17645 = CARTESIAN_POINT('',(32.565831275984,8.695712394417));
#17646 = VECTOR('',#17647,1.);
#17647 = DIRECTION('',(-0.352638484148,-0.935759637673));
#17648 = ( GEOMETRIC_REPRESENTATION_CONTEXT(2) 
PARAMETRIC_REPRESENTATION_CONTEXT() REPRESENTATION_CONTEXT('2D SPACE',''
  ) );
#17649 = ADVANCED_FACE('',(#17650),#17009,.T.);
#17650 = FACE_BOUND('',#17651,.T.);
#17651 = EDGE_LOOP('',(#17652,#17653,#17654,#17677));
#17652 = ORIENTED_EDGE('',*,*,#17606,.T.);
#17653 = ORIENTED_EDGE('',*,*,#16993,.T.);
#17654 = ORIENTED_EDGE('',*,*,#17655,.F.);
#17655 = EDGE_CURVE('',#17656,#16994,#17658,.T.);
#17656 = VERTEX_POINT('',#17657);
#17657 = CARTESIAN_POINT('',(-6.08179403093,-17.09597619666,0.));
#17658 = SURFACE_CURVE('',#17659,(#17663,#17670),.PCURVE_S1.);
#17659 = LINE('',#17660,#17661);
#17660 = CARTESIAN_POINT('',(-6.08179403093,-17.09597619666,0.));
#17661 = VECTOR('',#17662,1.);
#17662 = DIRECTION('',(-0.,-0.,1.));
#17663 = PCURVE('',#17009,#17664);
#17664 = DEFINITIONAL_REPRESENTATION('',(#17665),#17669);
#17665 = LINE('',#17666,#17667);
#17666 = CARTESIAN_POINT('',(1.,0.));
#17667 = VECTOR('',#17668,1.);
#17668 = DIRECTION('',(0.,-1.));
#17669 = ( GEOMETRIC_REPRESENTATION_CONTEXT(2) 
PARAMETRIC_REPRESENTATION_CONTEXT() REPRESENTATION_CONTEXT('2D SPACE',''
  ) );
#17670 = PCURVE('',#17037,#17671);
#17671 = DEFINITIONAL_REPRESENTATION('',(#17672),#17676);
#17672 = LINE('',#17673,#17674);
#17673 = CARTESIAN_POINT('',(0.,0.));
#17674 = VECTOR('',#17675,1.);
#17675 = DIRECTION('',(0.,-1.));
#17676 = ( GEOMETRIC_REPRESENTATION_CONTEXT(2) 
PARAMETRIC_REPRESENTATION_CONTEXT() REPRESENTATION_CONTEXT('2D SPACE',''
  ) );
#17677 = ORIENTED_EDGE('',*,*,#17678,.F.);
#17678 = EDGE_CURVE('',#17607,#17656,#17679,.T.);
#17679 = SURFACE_CURVE('',#17680,(#17684,#17691),.PCURVE_S1.);
#17680 = B_SPLINE_CURVE_WITH_KNOTS('',2,(#17681,#17682,#17683),
  .UNSPECIFIED.,.F.,.F.,(3,3),(0.,1.),.PIECEWISE_BEZIER_KNOTS.);
#17681 = CARTESIAN_POINT('',(-5.73878612463,-16.09333770133,0.));
#17682 = CARTESIAN_POINT('',(-5.969656830793,-16.70349599619,0.));
#17683 = CARTESIAN_POINT('',(-6.08179403093,-17.09597619666,0.));
#17684 = PCURVE('',#17009,#17685);
#17685 = DEFINITIONAL_REPRESENTATION('',(#17686),#17690);
#17686 = LINE('',#17687,#17688);
#17687 = CARTESIAN_POINT('',(0.,0.));
#17688 = VECTOR('',#17689,1.);
#17689 = DIRECTION('',(1.,0.));
#17690 = ( GEOMETRIC_REPRESENTATION_CONTEXT(2) 
PARAMETRIC_REPRESENTATION_CONTEXT() REPRESENTATION_CONTEXT('2D SPACE',''
  ) );
#17691 = PCURVE('',#17540,#17692);
#17692 = DEFINITIONAL_REPRESENTATION('',(#17693),#17697);
#17693 = B_SPLINE_CURVE_WITH_KNOTS('',2,(#17694,#17695,#17696),
  .UNSPECIFIED.,.F.,.F.,(3,3),(0.,1.),.PIECEWISE_BEZIER_KNOTS.);
#17694 = CARTESIAN_POINT('',(32.06121387537,7.35666229867));
#17695 = CARTESIAN_POINT('',(31.830343169207,6.746504003809));
#17696 = CARTESIAN_POINT('',(31.71820596907,6.354023803332));
#17697 = ( GEOMETRIC_REPRESENTATION_CONTEXT(2) 
PARAMETRIC_REPRESENTATION_CONTEXT() REPRESENTATION_CONTEXT('2D SPACE',''
  ) );
#17698 = ADVANCED_FACE('',(#17699),#17037,.T.);
#17699 = FACE_BOUND('',#17700,.T.);
#17700 = EDGE_LOOP('',(#17701,#17702,#17703,#17704));
#17701 = ORIENTED_EDGE('',*,*,#17655,.T.);
#17702 = ORIENTED_EDGE('',*,*,#17023,.T.);
#17703 = ORIENTED_EDGE('',*,*,#17479,.F.);
#17704 = ORIENTED_EDGE('',*,*,#17705,.F.);
#17705 = EDGE_CURVE('',#17656,#17480,#17706,.T.);
#17706 = SURFACE_CURVE('',#17707,(#17711,#17718),.PCURVE_S1.);
#17707 = B_SPLINE_CURVE_WITH_KNOTS('',2,(#17708,#17709,#17710),
  .UNSPECIFIED.,.F.,.F.,(3,3),(0.,1.),.PIECEWISE_BEZIER_KNOTS.);
#17708 = CARTESIAN_POINT('',(-6.08179403093,-17.09597619666,0.));
#17709 = CARTESIAN_POINT('',(-6.174142313395,-16.63093663139,0.));
#17710 = CARTESIAN_POINT('',(-6.3423481136,-16.17249337201,0.));
#17711 = PCURVE('',#17037,#17712);
#17712 = DEFINITIONAL_REPRESENTATION('',(#17713),#17717);
#17713 = LINE('',#17714,#17715);
#17714 = CARTESIAN_POINT('',(0.,0.));
#17715 = VECTOR('',#17716,1.);
#17716 = DIRECTION('',(1.,0.));
#17717 = ( GEOMETRIC_REPRESENTATION_CONTEXT(2) 
PARAMETRIC_REPRESENTATION_CONTEXT() REPRESENTATION_CONTEXT('2D SPACE',''
  ) );
#17718 = PCURVE('',#17540,#17719);
#17719 = DEFINITIONAL_REPRESENTATION('',(#17720),#17724);
#17720 = B_SPLINE_CURVE_WITH_KNOTS('',2,(#17721,#17722,#17723),
  .UNSPECIFIED.,.F.,.F.,(3,3),(0.,1.),.PIECEWISE_BEZIER_KNOTS.);
#17721 = CARTESIAN_POINT('',(31.71820596907,6.354023803332));
#17722 = CARTESIAN_POINT('',(31.625857686605,6.819063368604));
#17723 = CARTESIAN_POINT('',(31.4576518864,7.277506627985));
#17724 = ( GEOMETRIC_REPRESENTATION_CONTEXT(2) 
PARAMETRIC_REPRESENTATION_CONTEXT() REPRESENTATION_CONTEXT('2D SPACE',''
  ) );
#17725 = ADVANCED_FACE('',(#17726),#17170,.T.);
#17726 = FACE_BOUND('',#17727,.T.);
#17727 = EDGE_LOOP('',(#17728,#17757,#17778,#17779));
#17728 = ORIENTED_EDGE('',*,*,#17729,.F.);
#17729 = EDGE_CURVE('',#17730,#17730,#17732,.T.);
#17730 = VERTEX_POINT('',#17731);
#17731 = CARTESIAN_POINT('',(-23.1,-13.6,8.3));
#17732 = SURFACE_CURVE('',#17733,(#17738,#17745),.PCURVE_S1.);
#17733 = CIRCLE('',#17734,4.85);
#17734 = AXIS2_PLACEMENT_3D('',#17735,#17736,#17737);
#17735 = CARTESIAN_POINT('',(-27.95,-13.6,8.3));
#17736 = DIRECTION('',(0.,0.,1.));
#17737 = DIRECTION('',(1.,0.,-0.));
#17738 = PCURVE('',#17170,#17739);
#17739 = DEFINITIONAL_REPRESENTATION('',(#17740),#17744);
#17740 = LINE('',#17741,#17742);
#17741 = CARTESIAN_POINT('',(0.,1.));
#17742 = VECTOR('',#17743,1.);
#17743 = DIRECTION('',(1.,0.));
#17744 = ( GEOMETRIC_REPRESENTATION_CONTEXT(2) 
PARAMETRIC_REPRESENTATION_CONTEXT() REPRESENTATION_CONTEXT('2D SPACE',''
  ) );
#17745 = PCURVE('',#17746,#17751);
#17746 = PLANE('',#17747);
#17747 = AXIS2_PLACEMENT_3D('',#17748,#17749,#17750);
#17748 = CARTESIAN_POINT('',(-27.95,-13.6,8.3));
#17749 = DIRECTION('',(0.,0.,1.));
#17750 = DIRECTION('',(1.,0.,-0.));
#17751 = DEFINITIONAL_REPRESENTATION('',(#17752),#17756);
#17752 = CIRCLE('',#17753,4.85);
#17753 = AXIS2_PLACEMENT_2D('',#17754,#17755);
#17754 = CARTESIAN_POINT('',(0.,0.));
#17755 = DIRECTION('',(1.,0.));
#17756 = ( GEOMETRIC_REPRESENTATION_CONTEXT(2) 
PARAMETRIC_REPRESENTATION_CONTEXT() REPRESENTATION_CONTEXT('2D SPACE',''
  ) );
#17757 = ORIENTED_EDGE('',*,*,#17758,.F.);
#17758 = EDGE_CURVE('',#17154,#17730,#17759,.T.);
#17759 = SEAM_CURVE('',#17760,(#17764,#17771),.PCURVE_S1.);
#17760 = LINE('',#17761,#17762);
#17761 = CARTESIAN_POINT('',(-23.1,-13.6,7.3));
#17762 = VECTOR('',#17763,1.);
#17763 = DIRECTION('',(0.,0.,1.));
#17764 = PCURVE('',#17170,#17765);
#17765 = DEFINITIONAL_REPRESENTATION('',(#17766),#17770);
#17766 = LINE('',#17767,#17768);
#17767 = CARTESIAN_POINT('',(6.28318530718,-0.));
#17768 = VECTOR('',#17769,1.);
#17769 = DIRECTION('',(0.,1.));
#17770 = ( GEOMETRIC_REPRESENTATION_CONTEXT(2) 
PARAMETRIC_REPRESENTATION_CONTEXT() REPRESENTATION_CONTEXT('2D SPACE',''
  ) );
#17771 = PCURVE('',#17170,#17772);
#17772 = DEFINITIONAL_REPRESENTATION('',(#17773),#17777);
#17773 = LINE('',#17774,#17775);
#17774 = CARTESIAN_POINT('',(0.,-0.));
#17775 = VECTOR('',#17776,1.);
#17776 = DIRECTION('',(0.,1.));
#17777 = ( GEOMETRIC_REPRESENTATION_CONTEXT(2) 
PARAMETRIC_REPRESENTATION_CONTEXT() REPRESENTATION_CONTEXT('2D SPACE',''
  ) );
#17778 = ORIENTED_EDGE('',*,*,#17153,.T.);
#17779 = ORIENTED_EDGE('',*,*,#17758,.T.);
#17780 = ADVANCED_FACE('',(#17781),#17224,.T.);
#17781 = FACE_BOUND('',#17782,.T.);
#17782 = EDGE_LOOP('',(#17783,#17812,#17833,#17834));
#17783 = ORIENTED_EDGE('',*,*,#17784,.F.);
#17784 = EDGE_CURVE('',#17785,#17785,#17787,.T.);
#17785 = VERTEX_POINT('',#17786);
#17786 = CARTESIAN_POINT('',(32.8,-13.6,8.3));
#17787 = SURFACE_CURVE('',#17788,(#17793,#17800),.PCURVE_S1.);
#17788 = CIRCLE('',#17789,4.85);
#17789 = AXIS2_PLACEMENT_3D('',#17790,#17791,#17792);
#17790 = CARTESIAN_POINT('',(27.95,-13.6,8.3));
#17791 = DIRECTION('',(0.,0.,1.));
#17792 = DIRECTION('',(1.,0.,-0.));
#17793 = PCURVE('',#17224,#17794);
#17794 = DEFINITIONAL_REPRESENTATION('',(#17795),#17799);
#17795 = LINE('',#17796,#17797);
#17796 = CARTESIAN_POINT('',(0.,1.));
#17797 = VECTOR('',#17798,1.);
#17798 = DIRECTION('',(1.,0.));
#17799 = ( GEOMETRIC_REPRESENTATION_CONTEXT(2) 
PARAMETRIC_REPRESENTATION_CONTEXT() REPRESENTATION_CONTEXT('2D SPACE',''
  ) );
#17800 = PCURVE('',#17801,#17806);
#17801 = PLANE('',#17802);
#17802 = AXIS2_PLACEMENT_3D('',#17803,#17804,#17805);
#17803 = CARTESIAN_POINT('',(27.95,-13.6,8.3));
#17804 = DIRECTION('',(0.,0.,1.));
#17805 = DIRECTION('',(1.,0.,-0.));
#17806 = DEFINITIONAL_REPRESENTATION('',(#17807),#17811);
#17807 = CIRCLE('',#17808,4.85);
#17808 = AXIS2_PLACEMENT_2D('',#17809,#17810);
#17809 = CARTESIAN_POINT('',(0.,0.));
#17810 = DIRECTION('',(1.,0.));
#17811 = ( GEOMETRIC_REPRESENTATION_CONTEXT(2) 
PARAMETRIC_REPRESENTATION_CONTEXT() REPRESENTATION_CONTEXT('2D SPACE',''
  ) );
#17812 = ORIENTED_EDGE('',*,*,#17813,.F.);
#17813 = EDGE_CURVE('',#17208,#17785,#17814,.T.);
#17814 = SEAM_CURVE('',#17815,(#17819,#17826),.PCURVE_S1.);
#17815 = LINE('',#17816,#17817);
#17816 = CARTESIAN_POINT('',(32.8,-13.6,7.3));
#17817 = VECTOR('',#17818,1.);
#17818 = DIRECTION('',(0.,0.,1.));
#17819 = PCURVE('',#17224,#17820);
#17820 = DEFINITIONAL_REPRESENTATION('',(#17821),#17825);
#17821 = LINE('',#17822,#17823);
#17822 = CARTESIAN_POINT('',(6.28318530718,-0.));
#17823 = VECTOR('',#17824,1.);
#17824 = DIRECTION('',(0.,1.));
#17825 = ( GEOMETRIC_REPRESENTATION_CONTEXT(2) 
PARAMETRIC_REPRESENTATION_CONTEXT() REPRESENTATION_CONTEXT('2D SPACE',''
  ) );
#17826 = PCURVE('',#17224,#17827);
#17827 = DEFINITIONAL_REPRESENTATION('',(#17828),#17832);
#17828 = LINE('',#17829,#17830);
#17829 = CARTESIAN_POINT('',(0.,-0.));
#17830 = VECTOR('',#17831,1.);
#17831 = DIRECTION('',(0.,1.));
#17832 = ( GEOMETRIC_REPRESENTATION_CONTEXT(2) 
PARAMETRIC_REPRESENTATION_CONTEXT() REPRESENTATION_CONTEXT('2D SPACE',''
  ) );
#17833 = ORIENTED_EDGE('',*,*,#17207,.T.);
#17834 = ORIENTED_EDGE('',*,*,#17813,.T.);
#17835 = ADVANCED_FACE('',(#17836),#17278,.T.);
#17836 = FACE_BOUND('',#17837,.T.);
#17837 = EDGE_LOOP('',(#17838,#17867,#17888,#17889));
#17838 = ORIENTED_EDGE('',*,*,#17839,.F.);
#17839 = EDGE_CURVE('',#17840,#17840,#17842,.T.);
#17840 = VERTEX_POINT('',#17841);
#17841 = CARTESIAN_POINT('',(-23.1,13.6,8.3));
#17842 = SURFACE_CURVE('',#17843,(#17848,#17855),.PCURVE_S1.);
#17843 = CIRCLE('',#17844,4.85);
#17844 = AXIS2_PLACEMENT_3D('',#17845,#17846,#17847);
#17845 = CARTESIAN_POINT('',(-27.95,13.6,8.3));
#17846 = DIRECTION('',(0.,0.,1.));
#17847 = DIRECTION('',(1.,0.,-0.));
#17848 = PCURVE('',#17278,#17849);
#17849 = DEFINITIONAL_REPRESENTATION('',(#17850),#17854);
#17850 = LINE('',#17851,#17852);
#17851 = CARTESIAN_POINT('',(0.,1.));
#17852 = VECTOR('',#17853,1.);
#17853 = DIRECTION('',(1.,0.));
#17854 = ( GEOMETRIC_REPRESENTATION_CONTEXT(2) 
PARAMETRIC_REPRESENTATION_CONTEXT() REPRESENTATION_CONTEXT('2D SPACE',''
  ) );
#17855 = PCURVE('',#17856,#17861);
#17856 = PLANE('',#17857);
#17857 = AXIS2_PLACEMENT_3D('',#17858,#17859,#17860);
#17858 = CARTESIAN_POINT('',(-27.95,13.6,8.3));
#17859 = DIRECTION('',(0.,0.,1.));
#17860 = DIRECTION('',(1.,0.,-0.));
#17861 = DEFINITIONAL_REPRESENTATION('',(#17862),#17866);
#17862 = CIRCLE('',#17863,4.85);
#17863 = AXIS2_PLACEMENT_2D('',#17864,#17865);
#17864 = CARTESIAN_POINT('',(0.,0.));
#17865 = DIRECTION('',(1.,0.));
#17866 = ( GEOMETRIC_REPRESENTATION_CONTEXT(2) 
PARAMETRIC_REPRESENTATION_CONTEXT() REPRESENTATION_CONTEXT('2D SPACE',''
  ) );
#17867 = ORIENTED_EDGE('',*,*,#17868,.F.);
#17868 = EDGE_CURVE('',#17262,#17840,#17869,.T.);
#17869 = SEAM_CURVE('',#17870,(#17874,#17881),.PCURVE_S1.);
#17870 = LINE('',#17871,#17872);
#17871 = CARTESIAN_POINT('',(-23.1,13.6,7.3));
#17872 = VECTOR('',#17873,1.);
#17873 = DIRECTION('',(0.,0.,1.));
#17874 = PCURVE('',#17278,#17875);
#17875 = DEFINITIONAL_REPRESENTATION('',(#17876),#17880);
#17876 = LINE('',#17877,#17878);
#17877 = CARTESIAN_POINT('',(6.28318530718,-0.));
#17878 = VECTOR('',#17879,1.);
#17879 = DIRECTION('',(0.,1.));
#17880 = ( GEOMETRIC_REPRESENTATION_CONTEXT(2) 
PARAMETRIC_REPRESENTATION_CONTEXT() REPRESENTATION_CONTEXT('2D SPACE',''
  ) );
#17881 = PCURVE('',#17278,#17882);
#17882 = DEFINITIONAL_REPRESENTATION('',(#17883),#17887);
#17883 = LINE('',#17884,#17885);
#17884 = CARTESIAN_POINT('',(0.,-0.));
#17885 = VECTOR('',#17886,1.);
#17886 = DIRECTION('',(0.,1.));
#17887 = ( GEOMETRIC_REPRESENTATION_CONTEXT(2) 
PARAMETRIC_REPRESENTATION_CONTEXT() REPRESENTATION_CONTEXT('2D SPACE',''
  ) );
#17888 = ORIENTED_EDGE('',*,*,#17261,.T.);
#17889 = ORIENTED_EDGE('',*,*,#17868,.T.);
#17890 = ADVANCED_FACE('',(#17891),#17354,.T.);
#17891 = FACE_BOUND('',#17892,.F.);
#17892 = EDGE_LOOP('',(#17893));
#17893 = ORIENTED_EDGE('',*,*,#17339,.F.);
#17894 = ADVANCED_FACE('',(#17895),#17409,.T.);
#17895 = FACE_BOUND('',#17896,.F.);
#17896 = EDGE_LOOP('',(#17897));
#17897 = ORIENTED_EDGE('',*,*,#17394,.F.);
#17898 = ADVANCED_FACE('',(#17899),#17442,.T.);
#17899 = FACE_BOUND('',#17900,.T.);
#17900 = EDGE_LOOP('',(#17901,#17930,#17951,#17952));
#17901 = ORIENTED_EDGE('',*,*,#17902,.F.);
#17902 = EDGE_CURVE('',#17903,#17903,#17905,.T.);
#17903 = VERTEX_POINT('',#17904);
#17904 = CARTESIAN_POINT('',(32.8,13.6,8.3));
#17905 = SURFACE_CURVE('',#17906,(#17911,#17918),.PCURVE_S1.);
#17906 = CIRCLE('',#17907,4.85);
#17907 = AXIS2_PLACEMENT_3D('',#17908,#17909,#17910);
#17908 = CARTESIAN_POINT('',(27.95,13.6,8.3));
#17909 = DIRECTION('',(0.,0.,1.));
#17910 = DIRECTION('',(1.,0.,-0.));
#17911 = PCURVE('',#17442,#17912);
#17912 = DEFINITIONAL_REPRESENTATION('',(#17913),#17917);
#17913 = LINE('',#17914,#17915);
#17914 = CARTESIAN_POINT('',(0.,1.));
#17915 = VECTOR('',#17916,1.);
#17916 = DIRECTION('',(1.,0.));
#17917 = ( GEOMETRIC_REPRESENTATION_CONTEXT(2) 
PARAMETRIC_REPRESENTATION_CONTEXT() REPRESENTATION_CONTEXT('2D SPACE',''
  ) );
#17918 = PCURVE('',#17919,#17924);
#17919 = PLANE('',#17920);
#17920 = AXIS2_PLACEMENT_3D('',#17921,#17922,#17923);
#17921 = CARTESIAN_POINT('',(27.95,13.6,8.3));
#17922 = DIRECTION('',(0.,0.,1.));
#17923 = DIRECTION('',(1.,0.,-0.));
#17924 = DEFINITIONAL_REPRESENTATION('',(#17925),#17929);
#17925 = CIRCLE('',#17926,4.85);
#17926 = AXIS2_PLACEMENT_2D('',#17927,#17928);
#17927 = CARTESIAN_POINT('',(0.,0.));
#17928 = DIRECTION('',(1.,0.));
#17929 = ( GEOMETRIC_REPRESENTATION_CONTEXT(2) 
PARAMETRIC_REPRESENTATION_CONTEXT() REPRESENTATION_CONTEXT('2D SPACE',''
  ) );
#17930 = ORIENTED_EDGE('',*,*,#17931,.F.);
#17931 = EDGE_CURVE('',#17426,#17903,#17932,.T.);
#17932 = SEAM_CURVE('',#17933,(#17937,#17944),.PCURVE_S1.);
#17933 = LINE('',#17934,#17935);
#17934 = CARTESIAN_POINT('',(32.8,13.6,7.3));
#17935 = VECTOR('',#17936,1.);
#17936 = DIRECTION('',(0.,0.,1.));
#17937 = PCURVE('',#17442,#17938);
#17938 = DEFINITIONAL_REPRESENTATION('',(#17939),#17943);
#17939 = LINE('',#17940,#17941);
#17940 = CARTESIAN_POINT('',(6.28318530718,-0.));
#17941 = VECTOR('',#17942,1.);
#17942 = DIRECTION('',(0.,1.));
#17943 = ( GEOMETRIC_REPRESENTATION_CONTEXT(2) 
PARAMETRIC_REPRESENTATION_CONTEXT() REPRESENTATION_CONTEXT('2D SPACE',''
  ) );
#17944 = PCURVE('',#17442,#17945);
#17945 = DEFINITIONAL_REPRESENTATION('',(#17946),#17950);
#17946 = LINE('',#17947,#17948);
#17947 = CARTESIAN_POINT('',(0.,-0.));
#17948 = VECTOR('',#17949,1.);
#17949 = DIRECTION('',(0.,1.));
#17950 = ( GEOMETRIC_REPRESENTATION_CONTEXT(2) 
PARAMETRIC_REPRESENTATION_CONTEXT() REPRESENTATION_CONTEXT('2D SPACE',''
  ) );
#17951 = ORIENTED_EDGE('',*,*,#17425,.T.);
#17952 = ORIENTED_EDGE('',*,*,#17931,.T.);
#17953 = ADVANCED_FACE('',(#17954),#17540,.F.);
#17954 = FACE_BOUND('',#17955,.F.);
#17955 = EDGE_LOOP('',(#17956,#17957,#17958,#17959,#17960));
#17956 = ORIENTED_EDGE('',*,*,#17526,.F.);
#17957 = ORIENTED_EDGE('',*,*,#17705,.F.);
#17958 = ORIENTED_EDGE('',*,*,#17678,.F.);
#17959 = ORIENTED_EDGE('',*,*,#17629,.F.);
#17960 = ORIENTED_EDGE('',*,*,#17580,.F.);
#17961 = ADVANCED_FACE('',(#17962,#17965),#17746,.T.);
#17962 = FACE_BOUND('',#17963,.T.);
#17963 = EDGE_LOOP('',(#17964));
#17964 = ORIENTED_EDGE('',*,*,#17729,.T.);
#17965 = FACE_BOUND('',#17966,.T.);
#17966 = EDGE_LOOP('',(#17967));
#17967 = ORIENTED_EDGE('',*,*,#17968,.F.);
#17968 = EDGE_CURVE('',#17969,#17969,#17971,.T.);
#17969 = VERTEX_POINT('',#17970);
#17970 = CARTESIAN_POINT('',(-24.1,-13.6,8.3));
#17971 = SURFACE_CURVE('',#17972,(#17977,#17984),.PCURVE_S1.);
#17972 = CIRCLE('',#17973,3.85);
#17973 = AXIS2_PLACEMENT_3D('',#17974,#17975,#17976);
#17974 = CARTESIAN_POINT('',(-27.95,-13.6,8.3));
#17975 = DIRECTION('',(0.,0.,1.));
#17976 = DIRECTION('',(1.,0.,-0.));
#17977 = PCURVE('',#17746,#17978);
#17978 = DEFINITIONAL_REPRESENTATION('',(#17979),#17983);
#17979 = CIRCLE('',#17980,3.85);
#17980 = AXIS2_PLACEMENT_2D('',#17981,#17982);
#17981 = CARTESIAN_POINT('',(0.,0.));
#17982 = DIRECTION('',(1.,0.));
#17983 = ( GEOMETRIC_REPRESENTATION_CONTEXT(2) 
PARAMETRIC_REPRESENTATION_CONTEXT() REPRESENTATION_CONTEXT('2D SPACE',''
  ) );
#17984 = PCURVE('',#17985,#17990);
#17985 = CYLINDRICAL_SURFACE('',#17986,3.85);
#17986 = AXIS2_PLACEMENT_3D('',#17987,#17988,#17989);
#17987 = CARTESIAN_POINT('',(-27.95,-13.6,8.3));
#17988 = DIRECTION('',(0.,0.,1.));
#17989 = DIRECTION('',(1.,0.,-0.));
#17990 = DEFINITIONAL_REPRESENTATION('',(#17991),#17995);
#17991 = LINE('',#17992,#17993);
#17992 = CARTESIAN_POINT('',(0.,0.));
#17993 = VECTOR('',#17994,1.);
#17994 = DIRECTION('',(1.,0.));
#17995 = ( GEOMETRIC_REPRESENTATION_CONTEXT(2) 
PARAMETRIC_REPRESENTATION_CONTEXT() REPRESENTATION_CONTEXT('2D SPACE',''
  ) );
#17996 = ADVANCED_FACE('',(#17997,#18000),#17801,.T.);
#17997 = FACE_BOUND('',#17998,.T.);
#17998 = EDGE_LOOP('',(#17999));
#17999 = ORIENTED_EDGE('',*,*,#17784,.T.);
#18000 = FACE_BOUND('',#18001,.T.);
#18001 = EDGE_LOOP('',(#18002));
#18002 = ORIENTED_EDGE('',*,*,#18003,.F.);
#18003 = EDGE_CURVE('',#18004,#18004,#18006,.T.);
#18004 = VERTEX_POINT('',#18005);
#18005 = CARTESIAN_POINT('',(31.8,-13.6,8.3));
#18006 = SURFACE_CURVE('',#18007,(#18012,#18019),.PCURVE_S1.);
#18007 = CIRCLE('',#18008,3.85);
#18008 = AXIS2_PLACEMENT_3D('',#18009,#18010,#18011);
#18009 = CARTESIAN_POINT('',(27.95,-13.6,8.3));
#18010 = DIRECTION('',(0.,0.,1.));
#18011 = DIRECTION('',(1.,0.,-0.));
#18012 = PCURVE('',#17801,#18013);
#18013 = DEFINITIONAL_REPRESENTATION('',(#18014),#18018);
#18014 = CIRCLE('',#18015,3.85);
#18015 = AXIS2_PLACEMENT_2D('',#18016,#18017);
#18016 = CARTESIAN_POINT('',(0.,0.));
#18017 = DIRECTION('',(1.,0.));
#18018 = ( GEOMETRIC_REPRESENTATION_CONTEXT(2) 
PARAMETRIC_REPRESENTATION_CONTEXT() REPRESENTATION_CONTEXT('2D SPACE',''
  ) );
#18019 = PCURVE('',#18020,#18025);
#18020 = CYLINDRICAL_SURFACE('',#18021,3.85);
#18021 = AXIS2_PLACEMENT_3D('',#18022,#18023,#18024);
#18022 = CARTESIAN_POINT('',(27.95,-13.6,8.3));
#18023 = DIRECTION('',(0.,0.,1.));
#18024 = DIRECTION('',(1.,0.,-0.));
#18025 = DEFINITIONAL_REPRESENTATION('',(#18026),#18030);
#18026 = LINE('',#18027,#18028);
#18027 = CARTESIAN_POINT('',(0.,0.));
#18028 = VECTOR('',#18029,1.);
#18029 = DIRECTION('',(1.,0.));
#18030 = ( GEOMETRIC_REPRESENTATION_CONTEXT(2) 
PARAMETRIC_REPRESENTATION_CONTEXT() REPRESENTATION_CONTEXT('2D SPACE',''
  ) );
#18031 = ADVANCED_FACE('',(#18032,#18035),#17856,.T.);
#18032 = FACE_BOUND('',#18033,.T.);
#18033 = EDGE_LOOP('',(#18034));
#18034 = ORIENTED_EDGE('',*,*,#17839,.T.);
#18035 = FACE_BOUND('',#18036,.T.);
#18036 = EDGE_LOOP('',(#18037));
#18037 = ORIENTED_EDGE('',*,*,#18038,.F.);
#18038 = EDGE_CURVE('',#18039,#18039,#18041,.T.);
#18039 = VERTEX_POINT('',#18040);
#18040 = CARTESIAN_POINT('',(-24.1,13.6,8.3));
#18041 = SURFACE_CURVE('',#18042,(#18047,#18054),.PCURVE_S1.);
#18042 = CIRCLE('',#18043,3.85);
#18043 = AXIS2_PLACEMENT_3D('',#18044,#18045,#18046);
#18044 = CARTESIAN_POINT('',(-27.95,13.6,8.3));
#18045 = DIRECTION('',(0.,0.,1.));
#18046 = DIRECTION('',(1.,0.,-0.));
#18047 = PCURVE('',#17856,#18048);
#18048 = DEFINITIONAL_REPRESENTATION('',(#18049),#18053);
#18049 = CIRCLE('',#18050,3.85);
#18050 = AXIS2_PLACEMENT_2D('',#18051,#18052);
#18051 = CARTESIAN_POINT('',(0.,0.));
#18052 = DIRECTION('',(1.,0.));
#18053 = ( GEOMETRIC_REPRESENTATION_CONTEXT(2) 
PARAMETRIC_REPRESENTATION_CONTEXT() REPRESENTATION_CONTEXT('2D SPACE',''
  ) );
#18054 = PCURVE('',#18055,#18060);
#18055 = CYLINDRICAL_SURFACE('',#18056,3.85);
#18056 = AXIS2_PLACEMENT_3D('',#18057,#18058,#18059);
#18057 = CARTESIAN_POINT('',(-27.95,13.6,8.3));
#18058 = DIRECTION('',(0.,0.,1.));
#18059 = DIRECTION('',(1.,0.,-0.));
#18060 = DEFINITIONAL_REPRESENTATION('',(#18061),#18065);
#18061 = LINE('',#18062,#18063);
#18062 = CARTESIAN_POINT('',(0.,0.));
#18063 = VECTOR('',#18064,1.);
#18064 = DIRECTION('',(1.,0.));
#18065 = ( GEOMETRIC_REPRESENTATION_CONTEXT(2) 
PARAMETRIC_REPRESENTATION_CONTEXT() REPRESENTATION_CONTEXT('2D SPACE',''
  ) );
#18066 = ADVANCED_FACE('',(#18067,#18070),#17919,.T.);
#18067 = FACE_BOUND('',#18068,.T.);
#18068 = EDGE_LOOP('',(#18069));
#18069 = ORIENTED_EDGE('',*,*,#17902,.T.);
#18070 = FACE_BOUND('',#18071,.T.);
#18071 = EDGE_LOOP('',(#18072));
#18072 = ORIENTED_EDGE('',*,*,#18073,.F.);
#18073 = EDGE_CURVE('',#18074,#18074,#18076,.T.);
#18074 = VERTEX_POINT('',#18075);
#18075 = CARTESIAN_POINT('',(31.8,13.6,8.3));
#18076 = SURFACE_CURVE('',#18077,(#18082,#18089),.PCURVE_S1.);
#18077 = CIRCLE('',#18078,3.85);
#18078 = AXIS2_PLACEMENT_3D('',#18079,#18080,#18081);
#18079 = CARTESIAN_POINT('',(27.95,13.6,8.3));
#18080 = DIRECTION('',(0.,0.,1.));
#18081 = DIRECTION('',(1.,0.,-0.));
#18082 = PCURVE('',#17919,#18083);
#18083 = DEFINITIONAL_REPRESENTATION('',(#18084),#18088);
#18084 = CIRCLE('',#18085,3.85);
#18085 = AXIS2_PLACEMENT_2D('',#18086,#18087);
#18086 = CARTESIAN_POINT('',(0.,0.));
#18087 = DIRECTION('',(1.,0.));
#18088 = ( GEOMETRIC_REPRESENTATION_CONTEXT(2) 
PARAMETRIC_REPRESENTATION_CONTEXT() REPRESENTATION_CONTEXT('2D SPACE',''
  ) );
#18089 = PCURVE('',#18090,#18095);
#18090 = CYLINDRICAL_SURFACE('',#18091,3.85);
#18091 = AXIS2_PLACEMENT_3D('',#18092,#18093,#18094);
#18092 = CARTESIAN_POINT('',(27.95,13.6,8.3));
#18093 = DIRECTION('',(0.,0.,1.));
#18094 = DIRECTION('',(1.,0.,-0.));
#18095 = DEFINITIONAL_REPRESENTATION('',(#18096),#18100);
#18096 = LINE('',#18097,#18098);
#18097 = CARTESIAN_POINT('',(0.,0.));
#18098 = VECTOR('',#18099,1.);
#18099 = DIRECTION('',(1.,0.));
#18100 = ( GEOMETRIC_REPRESENTATION_CONTEXT(2) 
PARAMETRIC_REPRESENTATION_CONTEXT() REPRESENTATION_CONTEXT('2D SPACE',''
  ) );
#18101 = ADVANCED_FACE('',(#18102),#17985,.T.);
#18102 = FACE_BOUND('',#18103,.T.);
#18103 = EDGE_LOOP('',(#18104,#18132,#18153,#18154));
#18104 = ORIENTED_EDGE('',*,*,#18105,.F.);
#18105 = EDGE_CURVE('',#18106,#18106,#18108,.T.);
#18106 = VERTEX_POINT('',#18107);
#18107 = CARTESIAN_POINT('',(-24.1,-13.6,10.5));
#18108 = SURFACE_CURVE('',#18109,(#18114,#18121),.PCURVE_S1.);
#18109 = CIRCLE('',#18110,3.85);
#18110 = AXIS2_PLACEMENT_3D('',#18111,#18112,#18113);
#18111 = CARTESIAN_POINT('',(-27.95,-13.6,10.5));
#18112 = DIRECTION('',(0.,0.,1.));
#18113 = DIRECTION('',(1.,0.,-0.));
#18114 = PCURVE('',#17985,#18115);
#18115 = DEFINITIONAL_REPRESENTATION('',(#18116),#18120);
#18116 = LINE('',#18117,#18118);
#18117 = CARTESIAN_POINT('',(0.,2.2));
#18118 = VECTOR('',#18119,1.);
#18119 = DIRECTION('',(1.,0.));
#18120 = ( GEOMETRIC_REPRESENTATION_CONTEXT(2) 
PARAMETRIC_REPRESENTATION_CONTEXT() REPRESENTATION_CONTEXT('2D SPACE',''
  ) );
#18121 = PCURVE('',#18122,#18127);
#18122 = CONICAL_SURFACE('',#18123,3.85,0.785398163397);
#18123 = AXIS2_PLACEMENT_3D('',#18124,#18125,#18126);
#18124 = CARTESIAN_POINT('',(-27.95,-13.6,10.5));
#18125 = DIRECTION('',(0.,0.,1.));
#18126 = DIRECTION('',(1.,0.,-0.));
#18127 = DEFINITIONAL_REPRESENTATION('',(#18128),#18131);
#18128 = B_SPLINE_CURVE_WITH_KNOTS('',1,(#18129,#18130),.UNSPECIFIED.,
  .F.,.F.,(2,2),(0.,6.28318530718),.PIECEWISE_BEZIER_KNOTS.);
#18129 = CARTESIAN_POINT('',(0.,0.));
#18130 = CARTESIAN_POINT('',(6.28318530718,0.));
#18131 = ( GEOMETRIC_REPRESENTATION_CONTEXT(2) 
PARAMETRIC_REPRESENTATION_CONTEXT() REPRESENTATION_CONTEXT('2D SPACE',''
  ) );
#18132 = ORIENTED_EDGE('',*,*,#18133,.F.);
#18133 = EDGE_CURVE('',#17969,#18106,#18134,.T.);
#18134 = SEAM_CURVE('',#18135,(#18139,#18146),.PCURVE_S1.);
#18135 = LINE('',#18136,#18137);
#18136 = CARTESIAN_POINT('',(-24.1,-13.6,8.3));
#18137 = VECTOR('',#18138,1.);
#18138 = DIRECTION('',(0.,0.,1.));
#18139 = PCURVE('',#17985,#18140);
#18140 = DEFINITIONAL_REPRESENTATION('',(#18141),#18145);
#18141 = LINE('',#18142,#18143);
#18142 = CARTESIAN_POINT('',(6.28318530718,-0.));
#18143 = VECTOR('',#18144,1.);
#18144 = DIRECTION('',(0.,1.));
#18145 = ( GEOMETRIC_REPRESENTATION_CONTEXT(2) 
PARAMETRIC_REPRESENTATION_CONTEXT() REPRESENTATION_CONTEXT('2D SPACE',''
  ) );
#18146 = PCURVE('',#17985,#18147);
#18147 = DEFINITIONAL_REPRESENTATION('',(#18148),#18152);
#18148 = LINE('',#18149,#18150);
#18149 = CARTESIAN_POINT('',(0.,-0.));
#18150 = VECTOR('',#18151,1.);
#18151 = DIRECTION('',(0.,1.));
#18152 = ( GEOMETRIC_REPRESENTATION_CONTEXT(2) 
PARAMETRIC_REPRESENTATION_CONTEXT() REPRESENTATION_CONTEXT('2D SPACE',''
  ) );
#18153 = ORIENTED_EDGE('',*,*,#17968,.T.);
#18154 = ORIENTED_EDGE('',*,*,#18133,.T.);
#18155 = ADVANCED_FACE('',(#18156),#18020,.T.);
#18156 = FACE_BOUND('',#18157,.T.);
#18157 = EDGE_LOOP('',(#18158,#18186,#18207,#18208));
#18158 = ORIENTED_EDGE('',*,*,#18159,.F.);
#18159 = EDGE_CURVE('',#18160,#18160,#18162,.T.);
#18160 = VERTEX_POINT('',#18161);
#18161 = CARTESIAN_POINT('',(31.8,-13.6,10.5));
#18162 = SURFACE_CURVE('',#18163,(#18168,#18175),.PCURVE_S1.);
#18163 = CIRCLE('',#18164,3.85);
#18164 = AXIS2_PLACEMENT_3D('',#18165,#18166,#18167);
#18165 = CARTESIAN_POINT('',(27.95,-13.6,10.5));
#18166 = DIRECTION('',(0.,0.,1.));
#18167 = DIRECTION('',(1.,0.,-0.));
#18168 = PCURVE('',#18020,#18169);
#18169 = DEFINITIONAL_REPRESENTATION('',(#18170),#18174);
#18170 = LINE('',#18171,#18172);
#18171 = CARTESIAN_POINT('',(0.,2.2));
#18172 = VECTOR('',#18173,1.);
#18173 = DIRECTION('',(1.,0.));
#18174 = ( GEOMETRIC_REPRESENTATION_CONTEXT(2) 
PARAMETRIC_REPRESENTATION_CONTEXT() REPRESENTATION_CONTEXT('2D SPACE',''
  ) );
#18175 = PCURVE('',#18176,#18181);
#18176 = CONICAL_SURFACE('',#18177,3.85,0.785398163397);
#18177 = AXIS2_PLACEMENT_3D('',#18178,#18179,#18180);
#18178 = CARTESIAN_POINT('',(27.95,-13.6,10.5));
#18179 = DIRECTION('',(0.,0.,1.));
#18180 = DIRECTION('',(1.,0.,-0.));
#18181 = DEFINITIONAL_REPRESENTATION('',(#18182),#18185);
#18182 = B_SPLINE_CURVE_WITH_KNOTS('',1,(#18183,#18184),.UNSPECIFIED.,
  .F.,.F.,(2,2),(0.,6.28318530718),.PIECEWISE_BEZIER_KNOTS.);
#18183 = CARTESIAN_POINT('',(0.,0.));
#18184 = CARTESIAN_POINT('',(6.28318530718,0.));
#18185 = ( GEOMETRIC_REPRESENTATION_CONTEXT(2) 
PARAMETRIC_REPRESENTATION_CONTEXT() REPRESENTATION_CONTEXT('2D SPACE',''
  ) );
#18186 = ORIENTED_EDGE('',*,*,#18187,.F.);
#18187 = EDGE_CURVE('',#18004,#18160,#18188,.T.);
#18188 = SEAM_CURVE('',#18189,(#18193,#18200),.PCURVE_S1.);
#18189 = LINE('',#18190,#18191);
#18190 = CARTESIAN_POINT('',(31.8,-13.6,8.3));
#18191 = VECTOR('',#18192,1.);
#18192 = DIRECTION('',(0.,0.,1.));
#18193 = PCURVE('',#18020,#18194);
#18194 = DEFINITIONAL_REPRESENTATION('',(#18195),#18199);
#18195 = LINE('',#18196,#18197);
#18196 = CARTESIAN_POINT('',(6.28318530718,-0.));
#18197 = VECTOR('',#18198,1.);
#18198 = DIRECTION('',(0.,1.));
#18199 = ( GEOMETRIC_REPRESENTATION_CONTEXT(2) 
PARAMETRIC_REPRESENTATION_CONTEXT() REPRESENTATION_CONTEXT('2D SPACE',''
  ) );
#18200 = PCURVE('',#18020,#18201);
#18201 = DEFINITIONAL_REPRESENTATION('',(#18202),#18206);
#18202 = LINE('',#18203,#18204);
#18203 = CARTESIAN_POINT('',(0.,-0.));
#18204 = VECTOR('',#18205,1.);
#18205 = DIRECTION('',(0.,1.));
#18206 = ( GEOMETRIC_REPRESENTATION_CONTEXT(2) 
PARAMETRIC_REPRESENTATION_CONTEXT() REPRESENTATION_CONTEXT('2D SPACE',''
  ) );
#18207 = ORIENTED_EDGE('',*,*,#18003,.T.);
#18208 = ORIENTED_EDGE('',*,*,#18187,.T.);
#18209 = ADVANCED_FACE('',(#18210),#18055,.T.);
#18210 = FACE_BOUND('',#18211,.T.);
#18211 = EDGE_LOOP('',(#18212,#18240,#18261,#18262));
#18212 = ORIENTED_EDGE('',*,*,#18213,.F.);
#18213 = EDGE_CURVE('',#18214,#18214,#18216,.T.);
#18214 = VERTEX_POINT('',#18215);
#18215 = CARTESIAN_POINT('',(-24.1,13.6,10.5));
#18216 = SURFACE_CURVE('',#18217,(#18222,#18229),.PCURVE_S1.);
#18217 = CIRCLE('',#18218,3.85);
#18218 = AXIS2_PLACEMENT_3D('',#18219,#18220,#18221);
#18219 = CARTESIAN_POINT('',(-27.95,13.6,10.5));
#18220 = DIRECTION('',(0.,0.,1.));
#18221 = DIRECTION('',(1.,0.,-0.));
#18222 = PCURVE('',#18055,#18223);
#18223 = DEFINITIONAL_REPRESENTATION('',(#18224),#18228);
#18224 = LINE('',#18225,#18226);
#18225 = CARTESIAN_POINT('',(0.,2.2));
#18226 = VECTOR('',#18227,1.);
#18227 = DIRECTION('',(1.,0.));
#18228 = ( GEOMETRIC_REPRESENTATION_CONTEXT(2) 
PARAMETRIC_REPRESENTATION_CONTEXT() REPRESENTATION_CONTEXT('2D SPACE',''
  ) );
#18229 = PCURVE('',#18230,#18235);
#18230 = CONICAL_SURFACE('',#18231,3.85,0.785398163397);
#18231 = AXIS2_PLACEMENT_3D('',#18232,#18233,#18234);
#18232 = CARTESIAN_POINT('',(-27.95,13.6,10.5));
#18233 = DIRECTION('',(0.,0.,1.));
#18234 = DIRECTION('',(1.,0.,-0.));
#18235 = DEFINITIONAL_REPRESENTATION('',(#18236),#18239);
#18236 = B_SPLINE_CURVE_WITH_KNOTS('',1,(#18237,#18238),.UNSPECIFIED.,
  .F.,.F.,(2,2),(0.,6.28318530718),.PIECEWISE_BEZIER_KNOTS.);
#18237 = CARTESIAN_POINT('',(0.,0.));
#18238 = CARTESIAN_POINT('',(6.28318530718,0.));
#18239 = ( GEOMETRIC_REPRESENTATION_CONTEXT(2) 
PARAMETRIC_REPRESENTATION_CONTEXT() REPRESENTATION_CONTEXT('2D SPACE',''
  ) );
#18240 = ORIENTED_EDGE('',*,*,#18241,.F.);
#18241 = EDGE_CURVE('',#18039,#18214,#18242,.T.);
#18242 = SEAM_CURVE('',#18243,(#18247,#18254),.PCURVE_S1.);
#18243 = LINE('',#18244,#18245);
#18244 = CARTESIAN_POINT('',(-24.1,13.6,8.3));
#18245 = VECTOR('',#18246,1.);
#18246 = DIRECTION('',(0.,0.,1.));
#18247 = PCURVE('',#18055,#18248);
#18248 = DEFINITIONAL_REPRESENTATION('',(#18249),#18253);
#18249 = LINE('',#18250,#18251);
#18250 = CARTESIAN_POINT('',(6.28318530718,-0.));
#18251 = VECTOR('',#18252,1.);
#18252 = DIRECTION('',(0.,1.));
#18253 = ( GEOMETRIC_REPRESENTATION_CONTEXT(2) 
PARAMETRIC_REPRESENTATION_CONTEXT() REPRESENTATION_CONTEXT('2D SPACE',''
  ) );
#18254 = PCURVE('',#18055,#18255);
#18255 = DEFINITIONAL_REPRESENTATION('',(#18256),#18260);
#18256 = LINE('',#18257,#18258);
#18257 = CARTESIAN_POINT('',(0.,-0.));
#18258 = VECTOR('',#18259,1.);
#18259 = DIRECTION('',(0.,1.));
#18260 = ( GEOMETRIC_REPRESENTATION_CONTEXT(2) 
PARAMETRIC_REPRESENTATION_CONTEXT() REPRESENTATION_CONTEXT('2D SPACE',''
  ) );
#18261 = ORIENTED_EDGE('',*,*,#18038,.T.);
#18262 = ORIENTED_EDGE('',*,*,#18241,.T.);
#18263 = ADVANCED_FACE('',(#18264),#18090,.T.);
#18264 = FACE_BOUND('',#18265,.T.);
#18265 = EDGE_LOOP('',(#18266,#18294,#18315,#18316));
#18266 = ORIENTED_EDGE('',*,*,#18267,.F.);
#18267 = EDGE_CURVE('',#18268,#18268,#18270,.T.);
#18268 = VERTEX_POINT('',#18269);
#18269 = CARTESIAN_POINT('',(31.8,13.6,10.5));
#18270 = SURFACE_CURVE('',#18271,(#18276,#18283),.PCURVE_S1.);
#18271 = CIRCLE('',#18272,3.85);
#18272 = AXIS2_PLACEMENT_3D('',#18273,#18274,#18275);
#18273 = CARTESIAN_POINT('',(27.95,13.6,10.5));
#18274 = DIRECTION('',(0.,0.,1.));
#18275 = DIRECTION('',(1.,0.,-0.));
#18276 = PCURVE('',#18090,#18277);
#18277 = DEFINITIONAL_REPRESENTATION('',(#18278),#18282);
#18278 = LINE('',#18279,#18280);
#18279 = CARTESIAN_POINT('',(0.,2.2));
#18280 = VECTOR('',#18281,1.);
#18281 = DIRECTION('',(1.,0.));
#18282 = ( GEOMETRIC_REPRESENTATION_CONTEXT(2) 
PARAMETRIC_REPRESENTATION_CONTEXT() REPRESENTATION_CONTEXT('2D SPACE',''
  ) );
#18283 = PCURVE('',#18284,#18289);
#18284 = CONICAL_SURFACE('',#18285,3.85,0.785398163397);
#18285 = AXIS2_PLACEMENT_3D('',#18286,#18287,#18288);
#18286 = CARTESIAN_POINT('',(27.95,13.6,10.5));
#18287 = DIRECTION('',(0.,0.,1.));
#18288 = DIRECTION('',(1.,0.,-0.));
#18289 = DEFINITIONAL_REPRESENTATION('',(#18290),#18293);
#18290 = B_SPLINE_CURVE_WITH_KNOTS('',1,(#18291,#18292),.UNSPECIFIED.,
  .F.,.F.,(2,2),(0.,6.28318530718),.PIECEWISE_BEZIER_KNOTS.);
#18291 = CARTESIAN_POINT('',(0.,0.));
#18292 = CARTESIAN_POINT('',(6.28318530718,0.));
#18293 = ( GEOMETRIC_REPRESENTATION_CONTEXT(2) 
PARAMETRIC_REPRESENTATION_CONTEXT() REPRESENTATION_CONTEXT('2D SPACE',''
  ) );
#18294 = ORIENTED_EDGE('',*,*,#18295,.F.);
#18295 = EDGE_CURVE('',#18074,#18268,#18296,.T.);
#18296 = SEAM_CURVE('',#18297,(#18301,#18308),.PCURVE_S1.);
#18297 = LINE('',#18298,#18299);
#18298 = CARTESIAN_POINT('',(31.8,13.6,8.3));
#18299 = VECTOR('',#18300,1.);
#18300 = DIRECTION('',(0.,0.,1.));
#18301 = PCURVE('',#18090,#18302);
#18302 = DEFINITIONAL_REPRESENTATION('',(#18303),#18307);
#18303 = LINE('',#18304,#18305);
#18304 = CARTESIAN_POINT('',(6.28318530718,-0.));
#18305 = VECTOR('',#18306,1.);
#18306 = DIRECTION('',(0.,1.));
#18307 = ( GEOMETRIC_REPRESENTATION_CONTEXT(2) 
PARAMETRIC_REPRESENTATION_CONTEXT() REPRESENTATION_CONTEXT('2D SPACE',''
  ) );
#18308 = PCURVE('',#18090,#18309);
#18309 = DEFINITIONAL_REPRESENTATION('',(#18310),#18314);
#18310 = LINE('',#18311,#18312);
#18311 = CARTESIAN_POINT('',(0.,-0.));
#18312 = VECTOR('',#18313,1.);
#18313 = DIRECTION('',(0.,1.));
#18314 = ( GEOMETRIC_REPRESENTATION_CONTEXT(2) 
PARAMETRIC_REPRESENTATION_CONTEXT() REPRESENTATION_CONTEXT('2D SPACE',''
  ) );
#18315 = ORIENTED_EDGE('',*,*,#18073,.T.);
#18316 = ORIENTED_EDGE('',*,*,#18295,.T.);
#18317 = ADVANCED_FACE('',(#18318),#18122,.T.);
#18318 = FACE_BOUND('',#18319,.T.);
#18319 = EDGE_LOOP('',(#18320,#18348,#18369,#18370));
#18320 = ORIENTED_EDGE('',*,*,#18321,.F.);
#18321 = EDGE_CURVE('',#18322,#18322,#18324,.T.);
#18322 = VERTEX_POINT('',#18323);
#18323 = CARTESIAN_POINT('',(-23.1,-13.6,11.5));
#18324 = SURFACE_CURVE('',#18325,(#18330,#18337),.PCURVE_S1.);
#18325 = CIRCLE('',#18326,4.85);
#18326 = AXIS2_PLACEMENT_3D('',#18327,#18328,#18329);
#18327 = CARTESIAN_POINT('',(-27.95,-13.6,11.5));
#18328 = DIRECTION('',(0.,0.,1.));
#18329 = DIRECTION('',(1.,0.,-0.));
#18330 = PCURVE('',#18122,#18331);
#18331 = DEFINITIONAL_REPRESENTATION('',(#18332),#18336);
#18332 = LINE('',#18333,#18334);
#18333 = CARTESIAN_POINT('',(0.,1.));
#18334 = VECTOR('',#18335,1.);
#18335 = DIRECTION('',(1.,0.));
#18336 = ( GEOMETRIC_REPRESENTATION_CONTEXT(2) 
PARAMETRIC_REPRESENTATION_CONTEXT() REPRESENTATION_CONTEXT('2D SPACE',''
  ) );
#18337 = PCURVE('',#18338,#18343);
#18338 = CYLINDRICAL_SURFACE('',#18339,4.85);
#18339 = AXIS2_PLACEMENT_3D('',#18340,#18341,#18342);
#18340 = CARTESIAN_POINT('',(-27.95,-13.6,11.5));
#18341 = DIRECTION('',(0.,0.,1.));
#18342 = DIRECTION('',(1.,0.,-0.));
#18343 = DEFINITIONAL_REPRESENTATION('',(#18344),#18347);
#18344 = B_SPLINE_CURVE_WITH_KNOTS('',1,(#18345,#18346),.UNSPECIFIED.,
  .F.,.F.,(2,2),(0.,6.28318530718),.PIECEWISE_BEZIER_KNOTS.);
#18345 = CARTESIAN_POINT('',(0.,0.));
#18346 = CARTESIAN_POINT('',(6.28318530718,0.));
#18347 = ( GEOMETRIC_REPRESENTATION_CONTEXT(2) 
PARAMETRIC_REPRESENTATION_CONTEXT() REPRESENTATION_CONTEXT('2D SPACE',''
  ) );
#18348 = ORIENTED_EDGE('',*,*,#18349,.F.);
#18349 = EDGE_CURVE('',#18106,#18322,#18350,.T.);
#18350 = SEAM_CURVE('',#18351,(#18355,#18362),.PCURVE_S1.);
#18351 = LINE('',#18352,#18353);
#18352 = CARTESIAN_POINT('',(-24.1,-13.6,10.5));
#18353 = VECTOR('',#18354,1.);
#18354 = DIRECTION('',(0.707106781187,-1.731912112471E-16,0.707106781187
    ));
#18355 = PCURVE('',#18122,#18356);
#18356 = DEFINITIONAL_REPRESENTATION('',(#18357),#18361);
#18357 = LINE('',#18358,#18359);
#18358 = CARTESIAN_POINT('',(6.28318530718,-0.));
#18359 = VECTOR('',#18360,1.);
#18360 = DIRECTION('',(0.,1.));
#18361 = ( GEOMETRIC_REPRESENTATION_CONTEXT(2) 
PARAMETRIC_REPRESENTATION_CONTEXT() REPRESENTATION_CONTEXT('2D SPACE',''
  ) );
#18362 = PCURVE('',#18122,#18363);
#18363 = DEFINITIONAL_REPRESENTATION('',(#18364),#18368);
#18364 = LINE('',#18365,#18366);
#18365 = CARTESIAN_POINT('',(0.,-0.));
#18366 = VECTOR('',#18367,1.);
#18367 = DIRECTION('',(0.,1.));
#18368 = ( GEOMETRIC_REPRESENTATION_CONTEXT(2) 
PARAMETRIC_REPRESENTATION_CONTEXT() REPRESENTATION_CONTEXT('2D SPACE',''
  ) );
#18369 = ORIENTED_EDGE('',*,*,#18105,.T.);
#18370 = ORIENTED_EDGE('',*,*,#18349,.T.);
#18371 = ADVANCED_FACE('',(#18372),#18176,.T.);
#18372 = FACE_BOUND('',#18373,.T.);
#18373 = EDGE_LOOP('',(#18374,#18402,#18423,#18424));
#18374 = ORIENTED_EDGE('',*,*,#18375,.F.);
#18375 = EDGE_CURVE('',#18376,#18376,#18378,.T.);
#18376 = VERTEX_POINT('',#18377);
#18377 = CARTESIAN_POINT('',(32.8,-13.6,11.5));
#18378 = SURFACE_CURVE('',#18379,(#18384,#18391),.PCURVE_S1.);
#18379 = CIRCLE('',#18380,4.85);
#18380 = AXIS2_PLACEMENT_3D('',#18381,#18382,#18383);
#18381 = CARTESIAN_POINT('',(27.95,-13.6,11.5));
#18382 = DIRECTION('',(0.,0.,1.));
#18383 = DIRECTION('',(1.,0.,-0.));
#18384 = PCURVE('',#18176,#18385);
#18385 = DEFINITIONAL_REPRESENTATION('',(#18386),#18390);
#18386 = LINE('',#18387,#18388);
#18387 = CARTESIAN_POINT('',(0.,1.));
#18388 = VECTOR('',#18389,1.);
#18389 = DIRECTION('',(1.,0.));
#18390 = ( GEOMETRIC_REPRESENTATION_CONTEXT(2) 
PARAMETRIC_REPRESENTATION_CONTEXT() REPRESENTATION_CONTEXT('2D SPACE',''
  ) );
#18391 = PCURVE('',#18392,#18397);
#18392 = CYLINDRICAL_SURFACE('',#18393,4.85);
#18393 = AXIS2_PLACEMENT_3D('',#18394,#18395,#18396);
#18394 = CARTESIAN_POINT('',(27.95,-13.6,11.5));
#18395 = DIRECTION('',(0.,0.,1.));
#18396 = DIRECTION('',(1.,0.,-0.));
#18397 = DEFINITIONAL_REPRESENTATION('',(#18398),#18401);
#18398 = B_SPLINE_CURVE_WITH_KNOTS('',1,(#18399,#18400),.UNSPECIFIED.,
  .F.,.F.,(2,2),(0.,6.28318530718),.PIECEWISE_BEZIER_KNOTS.);
#18399 = CARTESIAN_POINT('',(0.,0.));
#18400 = CARTESIAN_POINT('',(6.28318530718,0.));
#18401 = ( GEOMETRIC_REPRESENTATION_CONTEXT(2) 
PARAMETRIC_REPRESENTATION_CONTEXT() REPRESENTATION_CONTEXT('2D SPACE',''
  ) );
#18402 = ORIENTED_EDGE('',*,*,#18403,.F.);
#18403 = EDGE_CURVE('',#18160,#18376,#18404,.T.);
#18404 = SEAM_CURVE('',#18405,(#18409,#18416),.PCURVE_S1.);
#18405 = LINE('',#18406,#18407);
#18406 = CARTESIAN_POINT('',(31.8,-13.6,10.5));
#18407 = VECTOR('',#18408,1.);
#18408 = DIRECTION('',(0.707106781187,-1.731912112471E-16,0.707106781187
    ));
#18409 = PCURVE('',#18176,#18410);
#18410 = DEFINITIONAL_REPRESENTATION('',(#18411),#18415);
#18411 = LINE('',#18412,#18413);
#18412 = CARTESIAN_POINT('',(6.28318530718,-0.));
#18413 = VECTOR('',#18414,1.);
#18414 = DIRECTION('',(0.,1.));
#18415 = ( GEOMETRIC_REPRESENTATION_CONTEXT(2) 
PARAMETRIC_REPRESENTATION_CONTEXT() REPRESENTATION_CONTEXT('2D SPACE',''
  ) );
#18416 = PCURVE('',#18176,#18417);
#18417 = DEFINITIONAL_REPRESENTATION('',(#18418),#18422);
#18418 = LINE('',#18419,#18420);
#18419 = CARTESIAN_POINT('',(0.,-0.));
#18420 = VECTOR('',#18421,1.);
#18421 = DIRECTION('',(0.,1.));
#18422 = ( GEOMETRIC_REPRESENTATION_CONTEXT(2) 
PARAMETRIC_REPRESENTATION_CONTEXT() REPRESENTATION_CONTEXT('2D SPACE',''
  ) );
#18423 = ORIENTED_EDGE('',*,*,#18159,.T.);
#18424 = ORIENTED_EDGE('',*,*,#18403,.T.);
#18425 = ADVANCED_FACE('',(#18426),#18230,.T.);
#18426 = FACE_BOUND('',#18427,.T.);
#18427 = EDGE_LOOP('',(#18428,#18456,#18477,#18478));
#18428 = ORIENTED_EDGE('',*,*,#18429,.F.);
#18429 = EDGE_CURVE('',#18430,#18430,#18432,.T.);
#18430 = VERTEX_POINT('',#18431);
#18431 = CARTESIAN_POINT('',(-23.1,13.6,11.5));
#18432 = SURFACE_CURVE('',#18433,(#18438,#18445),.PCURVE_S1.);
#18433 = CIRCLE('',#18434,4.85);
#18434 = AXIS2_PLACEMENT_3D('',#18435,#18436,#18437);
#18435 = CARTESIAN_POINT('',(-27.95,13.6,11.5));
#18436 = DIRECTION('',(0.,0.,1.));
#18437 = DIRECTION('',(1.,0.,-0.));
#18438 = PCURVE('',#18230,#18439);
#18439 = DEFINITIONAL_REPRESENTATION('',(#18440),#18444);
#18440 = LINE('',#18441,#18442);
#18441 = CARTESIAN_POINT('',(0.,1.));
#18442 = VECTOR('',#18443,1.);
#18443 = DIRECTION('',(1.,0.));
#18444 = ( GEOMETRIC_REPRESENTATION_CONTEXT(2) 
PARAMETRIC_REPRESENTATION_CONTEXT() REPRESENTATION_CONTEXT('2D SPACE',''
  ) );
#18445 = PCURVE('',#18446,#18451);
#18446 = CYLINDRICAL_SURFACE('',#18447,4.85);
#18447 = AXIS2_PLACEMENT_3D('',#18448,#18449,#18450);
#18448 = CARTESIAN_POINT('',(-27.95,13.6,11.5));
#18449 = DIRECTION('',(0.,0.,1.));
#18450 = DIRECTION('',(1.,0.,-0.));
#18451 = DEFINITIONAL_REPRESENTATION('',(#18452),#18455);
#18452 = B_SPLINE_CURVE_WITH_KNOTS('',1,(#18453,#18454),.UNSPECIFIED.,
  .F.,.F.,(2,2),(0.,6.28318530718),.PIECEWISE_BEZIER_KNOTS.);
#18453 = CARTESIAN_POINT('',(0.,0.));
#18454 = CARTESIAN_POINT('',(6.28318530718,0.));
#18455 = ( GEOMETRIC_REPRESENTATION_CONTEXT(2) 
PARAMETRIC_REPRESENTATION_CONTEXT() REPRESENTATION_CONTEXT('2D SPACE',''
  ) );
#18456 = ORIENTED_EDGE('',*,*,#18457,.F.);
#18457 = EDGE_CURVE('',#18214,#18430,#18458,.T.);
#18458 = SEAM_CURVE('',#18459,(#18463,#18470),.PCURVE_S1.);
#18459 = LINE('',#18460,#18461);
#18460 = CARTESIAN_POINT('',(-24.1,13.6,10.5));
#18461 = VECTOR('',#18462,1.);
#18462 = DIRECTION('',(0.707106781187,-1.731912112471E-16,0.707106781187
    ));
#18463 = PCURVE('',#18230,#18464);
#18464 = DEFINITIONAL_REPRESENTATION('',(#18465),#18469);
#18465 = LINE('',#18466,#18467);
#18466 = CARTESIAN_POINT('',(6.28318530718,-0.));
#18467 = VECTOR('',#18468,1.);
#18468 = DIRECTION('',(0.,1.));
#18469 = ( GEOMETRIC_REPRESENTATION_CONTEXT(2) 
PARAMETRIC_REPRESENTATION_CONTEXT() REPRESENTATION_CONTEXT('2D SPACE',''
  ) );
#18470 = PCURVE('',#18230,#18471);
#18471 = DEFINITIONAL_REPRESENTATION('',(#18472),#18476);
#18472 = LINE('',#18473,#18474);
#18473 = CARTESIAN_POINT('',(0.,-0.));
#18474 = VECTOR('',#18475,1.);
#18475 = DIRECTION('',(0.,1.));
#18476 = ( GEOMETRIC_REPRESENTATION_CONTEXT(2) 
PARAMETRIC_REPRESENTATION_CONTEXT() REPRESENTATION_CONTEXT('2D SPACE',''
  ) );
#18477 = ORIENTED_EDGE('',*,*,#18213,.T.);
#18478 = ORIENTED_EDGE('',*,*,#18457,.T.);
#18479 = ADVANCED_FACE('',(#18480),#18284,.T.);
#18480 = FACE_BOUND('',#18481,.T.);
#18481 = EDGE_LOOP('',(#18482,#18510,#18531,#18532));
#18482 = ORIENTED_EDGE('',*,*,#18483,.F.);
#18483 = EDGE_CURVE('',#18484,#18484,#18486,.T.);
#18484 = VERTEX_POINT('',#18485);
#18485 = CARTESIAN_POINT('',(32.8,13.6,11.5));
#18486 = SURFACE_CURVE('',#18487,(#18492,#18499),.PCURVE_S1.);
#18487 = CIRCLE('',#18488,4.85);
#18488 = AXIS2_PLACEMENT_3D('',#18489,#18490,#18491);
#18489 = CARTESIAN_POINT('',(27.95,13.6,11.5));
#18490 = DIRECTION('',(0.,0.,1.));
#18491 = DIRECTION('',(1.,0.,-0.));
#18492 = PCURVE('',#18284,#18493);
#18493 = DEFINITIONAL_REPRESENTATION('',(#18494),#18498);
#18494 = LINE('',#18495,#18496);
#18495 = CARTESIAN_POINT('',(0.,1.));
#18496 = VECTOR('',#18497,1.);
#18497 = DIRECTION('',(1.,0.));
#18498 = ( GEOMETRIC_REPRESENTATION_CONTEXT(2) 
PARAMETRIC_REPRESENTATION_CONTEXT() REPRESENTATION_CONTEXT('2D SPACE',''
  ) );
#18499 = PCURVE('',#18500,#18505);
#18500 = CYLINDRICAL_SURFACE('',#18501,4.85);
#18501 = AXIS2_PLACEMENT_3D('',#18502,#18503,#18504);
#18502 = CARTESIAN_POINT('',(27.95,13.6,11.5));
#18503 = DIRECTION('',(0.,0.,1.));
#18504 = DIRECTION('',(1.,0.,-0.));
#18505 = DEFINITIONAL_REPRESENTATION('',(#18506),#18509);
#18506 = B_SPLINE_CURVE_WITH_KNOTS('',1,(#18507,#18508),.UNSPECIFIED.,
  .F.,.F.,(2,2),(0.,6.28318530718),.PIECEWISE_BEZIER_KNOTS.);
#18507 = CARTESIAN_POINT('',(0.,0.));
#18508 = CARTESIAN_POINT('',(6.28318530718,0.));
#18509 = ( GEOMETRIC_REPRESENTATION_CONTEXT(2) 
PARAMETRIC_REPRESENTATION_CONTEXT() REPRESENTATION_CONTEXT('2D SPACE',''
  ) );
#18510 = ORIENTED_EDGE('',*,*,#18511,.F.);
#18511 = EDGE_CURVE('',#18268,#18484,#18512,.T.);
#18512 = SEAM_CURVE('',#18513,(#18517,#18524),.PCURVE_S1.);
#18513 = LINE('',#18514,#18515);
#18514 = CARTESIAN_POINT('',(31.8,13.6,10.5));
#18515 = VECTOR('',#18516,1.);
#18516 = DIRECTION('',(0.707106781187,-1.731912112471E-16,0.707106781187
    ));
#18517 = PCURVE('',#18284,#18518);
#18518 = DEFINITIONAL_REPRESENTATION('',(#18519),#18523);
#18519 = LINE('',#18520,#18521);
#18520 = CARTESIAN_POINT('',(6.28318530718,-0.));
#18521 = VECTOR('',#18522,1.);
#18522 = DIRECTION('',(0.,1.));
#18523 = ( GEOMETRIC_REPRESENTATION_CONTEXT(2) 
PARAMETRIC_REPRESENTATION_CONTEXT() REPRESENTATION_CONTEXT('2D SPACE',''
  ) );
#18524 = PCURVE('',#18284,#18525);
#18525 = DEFINITIONAL_REPRESENTATION('',(#18526),#18530);
#18526 = LINE('',#18527,#18528);
#18527 = CARTESIAN_POINT('',(0.,-0.));
#18528 = VECTOR('',#18529,1.);
#18529 = DIRECTION('',(0.,1.));
#18530 = ( GEOMETRIC_REPRESENTATION_CONTEXT(2) 
PARAMETRIC_REPRESENTATION_CONTEXT() REPRESENTATION_CONTEXT('2D SPACE',''
  ) );
#18531 = ORIENTED_EDGE('',*,*,#18267,.T.);
#18532 = ORIENTED_EDGE('',*,*,#18511,.T.);
#18533 = ADVANCED_FACE('',(#18534),#18338,.T.);
#18534 = FACE_BOUND('',#18535,.T.);
#18535 = EDGE_LOOP('',(#18536,#18565,#18586,#18587));
#18536 = ORIENTED_EDGE('',*,*,#18537,.F.);
#18537 = EDGE_CURVE('',#18538,#18538,#18540,.T.);
#18538 = VERTEX_POINT('',#18539);
#18539 = CARTESIAN_POINT('',(-23.1,-13.6,12.5));
#18540 = SURFACE_CURVE('',#18541,(#18546,#18553),.PCURVE_S1.);
#18541 = CIRCLE('',#18542,4.85);
#18542 = AXIS2_PLACEMENT_3D('',#18543,#18544,#18545);
#18543 = CARTESIAN_POINT('',(-27.95,-13.6,12.5));
#18544 = DIRECTION('',(0.,0.,1.));
#18545 = DIRECTION('',(1.,0.,-0.));
#18546 = PCURVE('',#18338,#18547);
#18547 = DEFINITIONAL_REPRESENTATION('',(#18548),#18552);
#18548 = LINE('',#18549,#18550);
#18549 = CARTESIAN_POINT('',(0.,1.));
#18550 = VECTOR('',#18551,1.);
#18551 = DIRECTION('',(1.,0.));
#18552 = ( GEOMETRIC_REPRESENTATION_CONTEXT(2) 
PARAMETRIC_REPRESENTATION_CONTEXT() REPRESENTATION_CONTEXT('2D SPACE',''
  ) );
#18553 = PCURVE('',#18554,#18559);
#18554 = PLANE('',#18555);
#18555 = AXIS2_PLACEMENT_3D('',#18556,#18557,#18558);
#18556 = CARTESIAN_POINT('',(-27.95,-13.6,12.5));
#18557 = DIRECTION('',(0.,0.,1.));
#18558 = DIRECTION('',(1.,0.,-0.));
#18559 = DEFINITIONAL_REPRESENTATION('',(#18560),#18564);
#18560 = CIRCLE('',#18561,4.85);
#18561 = AXIS2_PLACEMENT_2D('',#18562,#18563);
#18562 = CARTESIAN_POINT('',(0.,0.));
#18563 = DIRECTION('',(1.,0.));
#18564 = ( GEOMETRIC_REPRESENTATION_CONTEXT(2) 
PARAMETRIC_REPRESENTATION_CONTEXT() REPRESENTATION_CONTEXT('2D SPACE',''
  ) );
#18565 = ORIENTED_EDGE('',*,*,#18566,.F.);
#18566 = EDGE_CURVE('',#18322,#18538,#18567,.T.);
#18567 = SEAM_CURVE('',#18568,(#18572,#18579),.PCURVE_S1.);
#18568 = LINE('',#18569,#18570);
#18569 = CARTESIAN_POINT('',(-23.1,-13.6,11.5));
#18570 = VECTOR('',#18571,1.);
#18571 = DIRECTION('',(0.,0.,1.));
#18572 = PCURVE('',#18338,#18573);
#18573 = DEFINITIONAL_REPRESENTATION('',(#18574),#18578);
#18574 = LINE('',#18575,#18576);
#18575 = CARTESIAN_POINT('',(6.28318530718,-0.));
#18576 = VECTOR('',#18577,1.);
#18577 = DIRECTION('',(0.,1.));
#18578 = ( GEOMETRIC_REPRESENTATION_CONTEXT(2) 
PARAMETRIC_REPRESENTATION_CONTEXT() REPRESENTATION_CONTEXT('2D SPACE',''
  ) );
#18579 = PCURVE('',#18338,#18580);
#18580 = DEFINITIONAL_REPRESENTATION('',(#18581),#18585);
#18581 = LINE('',#18582,#18583);
#18582 = CARTESIAN_POINT('',(0.,-0.));
#18583 = VECTOR('',#18584,1.);
#18584 = DIRECTION('',(0.,1.));
#18585 = ( GEOMETRIC_REPRESENTATION_CONTEXT(2) 
PARAMETRIC_REPRESENTATION_CONTEXT() REPRESENTATION_CONTEXT('2D SPACE',''
  ) );
#18586 = ORIENTED_EDGE('',*,*,#18321,.T.);
#18587 = ORIENTED_EDGE('',*,*,#18566,.T.);
#18588 = ADVANCED_FACE('',(#18589),#18392,.T.);
#18589 = FACE_BOUND('',#18590,.T.);
#18590 = EDGE_LOOP('',(#18591,#18620,#18641,#18642));
#18591 = ORIENTED_EDGE('',*,*,#18592,.F.);
#18592 = EDGE_CURVE('',#18593,#18593,#18595,.T.);
#18593 = VERTEX_POINT('',#18594);
#18594 = CARTESIAN_POINT('',(32.8,-13.6,12.5));
#18595 = SURFACE_CURVE('',#18596,(#18601,#18608),.PCURVE_S1.);
#18596 = CIRCLE('',#18597,4.85);
#18597 = AXIS2_PLACEMENT_3D('',#18598,#18599,#18600);
#18598 = CARTESIAN_POINT('',(27.95,-13.6,12.5));
#18599 = DIRECTION('',(0.,0.,1.));
#18600 = DIRECTION('',(1.,0.,-0.));
#18601 = PCURVE('',#18392,#18602);
#18602 = DEFINITIONAL_REPRESENTATION('',(#18603),#18607);
#18603 = LINE('',#18604,#18605);
#18604 = CARTESIAN_POINT('',(0.,1.));
#18605 = VECTOR('',#18606,1.);
#18606 = DIRECTION('',(1.,0.));
#18607 = ( GEOMETRIC_REPRESENTATION_CONTEXT(2) 
PARAMETRIC_REPRESENTATION_CONTEXT() REPRESENTATION_CONTEXT('2D SPACE',''
  ) );
#18608 = PCURVE('',#18609,#18614);
#18609 = PLANE('',#18610);
#18610 = AXIS2_PLACEMENT_3D('',#18611,#18612,#18613);
#18611 = CARTESIAN_POINT('',(27.95,-13.6,12.5));
#18612 = DIRECTION('',(0.,0.,1.));
#18613 = DIRECTION('',(1.,0.,-0.));
#18614 = DEFINITIONAL_REPRESENTATION('',(#18615),#18619);
#18615 = CIRCLE('',#18616,4.85);
#18616 = AXIS2_PLACEMENT_2D('',#18617,#18618);
#18617 = CARTESIAN_POINT('',(0.,0.));
#18618 = DIRECTION('',(1.,0.));
#18619 = ( GEOMETRIC_REPRESENTATION_CONTEXT(2) 
PARAMETRIC_REPRESENTATION_CONTEXT() REPRESENTATION_CONTEXT('2D SPACE',''
  ) );
#18620 = ORIENTED_EDGE('',*,*,#18621,.F.);
#18621 = EDGE_CURVE('',#18376,#18593,#18622,.T.);
#18622 = SEAM_CURVE('',#18623,(#18627,#18634),.PCURVE_S1.);
#18623 = LINE('',#18624,#18625);
#18624 = CARTESIAN_POINT('',(32.8,-13.6,11.5));
#18625 = VECTOR('',#18626,1.);
#18626 = DIRECTION('',(0.,0.,1.));
#18627 = PCURVE('',#18392,#18628);
#18628 = DEFINITIONAL_REPRESENTATION('',(#18629),#18633);
#18629 = LINE('',#18630,#18631);
#18630 = CARTESIAN_POINT('',(6.28318530718,-0.));
#18631 = VECTOR('',#18632,1.);
#18632 = DIRECTION('',(0.,1.));
#18633 = ( GEOMETRIC_REPRESENTATION_CONTEXT(2) 
PARAMETRIC_REPRESENTATION_CONTEXT() REPRESENTATION_CONTEXT('2D SPACE',''
  ) );
#18634 = PCURVE('',#18392,#18635);
#18635 = DEFINITIONAL_REPRESENTATION('',(#18636),#18640);
#18636 = LINE('',#18637,#18638);
#18637 = CARTESIAN_POINT('',(0.,-0.));
#18638 = VECTOR('',#18639,1.);
#18639 = DIRECTION('',(0.,1.));
#18640 = ( GEOMETRIC_REPRESENTATION_CONTEXT(2) 
PARAMETRIC_REPRESENTATION_CONTEXT() REPRESENTATION_CONTEXT('2D SPACE',''
  ) );
#18641 = ORIENTED_EDGE('',*,*,#18375,.T.);
#18642 = ORIENTED_EDGE('',*,*,#18621,.T.);
#18643 = ADVANCED_FACE('',(#18644),#18446,.T.);
#18644 = FACE_BOUND('',#18645,.T.);
#18645 = EDGE_LOOP('',(#18646,#18675,#18696,#18697));
#18646 = ORIENTED_EDGE('',*,*,#18647,.F.);
#18647 = EDGE_CURVE('',#18648,#18648,#18650,.T.);
#18648 = VERTEX_POINT('',#18649);
#18649 = CARTESIAN_POINT('',(-23.1,13.6,12.5));
#18650 = SURFACE_CURVE('',#18651,(#18656,#18663),.PCURVE_S1.);
#18651 = CIRCLE('',#18652,4.85);
#18652 = AXIS2_PLACEMENT_3D('',#18653,#18654,#18655);
#18653 = CARTESIAN_POINT('',(-27.95,13.6,12.5));
#18654 = DIRECTION('',(0.,0.,1.));
#18655 = DIRECTION('',(1.,0.,-0.));
#18656 = PCURVE('',#18446,#18657);
#18657 = DEFINITIONAL_REPRESENTATION('',(#18658),#18662);
#18658 = LINE('',#18659,#18660);
#18659 = CARTESIAN_POINT('',(0.,1.));
#18660 = VECTOR('',#18661,1.);
#18661 = DIRECTION('',(1.,0.));
#18662 = ( GEOMETRIC_REPRESENTATION_CONTEXT(2) 
PARAMETRIC_REPRESENTATION_CONTEXT() REPRESENTATION_CONTEXT('2D SPACE',''
  ) );
#18663 = PCURVE('',#18664,#18669);
#18664 = PLANE('',#18665);
#18665 = AXIS2_PLACEMENT_3D('',#18666,#18667,#18668);
#18666 = CARTESIAN_POINT('',(-27.95,13.6,12.5));
#18667 = DIRECTION('',(0.,0.,1.));
#18668 = DIRECTION('',(1.,0.,-0.));
#18669 = DEFINITIONAL_REPRESENTATION('',(#18670),#18674);
#18670 = CIRCLE('',#18671,4.85);
#18671 = AXIS2_PLACEMENT_2D('',#18672,#18673);
#18672 = CARTESIAN_POINT('',(0.,0.));
#18673 = DIRECTION('',(1.,0.));
#18674 = ( GEOMETRIC_REPRESENTATION_CONTEXT(2) 
PARAMETRIC_REPRESENTATION_CONTEXT() REPRESENTATION_CONTEXT('2D SPACE',''
  ) );
#18675 = ORIENTED_EDGE('',*,*,#18676,.F.);
#18676 = EDGE_CURVE('',#18430,#18648,#18677,.T.);
#18677 = SEAM_CURVE('',#18678,(#18682,#18689),.PCURVE_S1.);
#18678 = LINE('',#18679,#18680);
#18679 = CARTESIAN_POINT('',(-23.1,13.6,11.5));
#18680 = VECTOR('',#18681,1.);
#18681 = DIRECTION('',(0.,0.,1.));
#18682 = PCURVE('',#18446,#18683);
#18683 = DEFINITIONAL_REPRESENTATION('',(#18684),#18688);
#18684 = LINE('',#18685,#18686);
#18685 = CARTESIAN_POINT('',(6.28318530718,-0.));
#18686 = VECTOR('',#18687,1.);
#18687 = DIRECTION('',(0.,1.));
#18688 = ( GEOMETRIC_REPRESENTATION_CONTEXT(2) 
PARAMETRIC_REPRESENTATION_CONTEXT() REPRESENTATION_CONTEXT('2D SPACE',''
  ) );
#18689 = PCURVE('',#18446,#18690);
#18690 = DEFINITIONAL_REPRESENTATION('',(#18691),#18695);
#18691 = LINE('',#18692,#18693);
#18692 = CARTESIAN_POINT('',(0.,-0.));
#18693 = VECTOR('',#18694,1.);
#18694 = DIRECTION('',(0.,1.));
#18695 = ( GEOMETRIC_REPRESENTATION_CONTEXT(2) 
PARAMETRIC_REPRESENTATION_CONTEXT() REPRESENTATION_CONTEXT('2D SPACE',''
  ) );
#18696 = ORIENTED_EDGE('',*,*,#18429,.T.);
#18697 = ORIENTED_EDGE('',*,*,#18676,.T.);
#18698 = ADVANCED_FACE('',(#18699),#18500,.T.);
#18699 = FACE_BOUND('',#18700,.T.);
#18700 = EDGE_LOOP('',(#18701,#18730,#18751,#18752));
#18701 = ORIENTED_EDGE('',*,*,#18702,.F.);
#18702 = EDGE_CURVE('',#18703,#18703,#18705,.T.);
#18703 = VERTEX_POINT('',#18704);
#18704 = CARTESIAN_POINT('',(32.8,13.6,12.5));
#18705 = SURFACE_CURVE('',#18706,(#18711,#18718),.PCURVE_S1.);
#18706 = CIRCLE('',#18707,4.85);
#18707 = AXIS2_PLACEMENT_3D('',#18708,#18709,#18710);
#18708 = CARTESIAN_POINT('',(27.95,13.6,12.5));
#18709 = DIRECTION('',(0.,0.,1.));
#18710 = DIRECTION('',(1.,0.,-0.));
#18711 = PCURVE('',#18500,#18712);
#18712 = DEFINITIONAL_REPRESENTATION('',(#18713),#18717);
#18713 = LINE('',#18714,#18715);
#18714 = CARTESIAN_POINT('',(0.,1.));
#18715 = VECTOR('',#18716,1.);
#18716 = DIRECTION('',(1.,0.));
#18717 = ( GEOMETRIC_REPRESENTATION_CONTEXT(2) 
PARAMETRIC_REPRESENTATION_CONTEXT() REPRESENTATION_CONTEXT('2D SPACE',''
  ) );
#18718 = PCURVE('',#18719,#18724);
#18719 = PLANE('',#18720);
#18720 = AXIS2_PLACEMENT_3D('',#18721,#18722,#18723);
#18721 = CARTESIAN_POINT('',(27.95,13.6,12.5));
#18722 = DIRECTION('',(0.,0.,1.));
#18723 = DIRECTION('',(1.,0.,-0.));
#18724 = DEFINITIONAL_REPRESENTATION('',(#18725),#18729);
#18725 = CIRCLE('',#18726,4.85);
#18726 = AXIS2_PLACEMENT_2D('',#18727,#18728);
#18727 = CARTESIAN_POINT('',(0.,0.));
#18728 = DIRECTION('',(1.,0.));
#18729 = ( GEOMETRIC_REPRESENTATION_CONTEXT(2) 
PARAMETRIC_REPRESENTATION_CONTEXT() REPRESENTATION_CONTEXT('2D SPACE',''
  ) );
#18730 = ORIENTED_EDGE('',*,*,#18731,.F.);
#18731 = EDGE_CURVE('',#18484,#18703,#18732,.T.);
#18732 = SEAM_CURVE('',#18733,(#18737,#18744),.PCURVE_S1.);
#18733 = LINE('',#18734,#18735);
#18734 = CARTESIAN_POINT('',(32.8,13.6,11.5));
#18735 = VECTOR('',#18736,1.);
#18736 = DIRECTION('',(0.,0.,1.));
#18737 = PCURVE('',#18500,#18738);
#18738 = DEFINITIONAL_REPRESENTATION('',(#18739),#18743);
#18739 = LINE('',#18740,#18741);
#18740 = CARTESIAN_POINT('',(6.28318530718,-0.));
#18741 = VECTOR('',#18742,1.);
#18742 = DIRECTION('',(0.,1.));
#18743 = ( GEOMETRIC_REPRESENTATION_CONTEXT(2) 
PARAMETRIC_REPRESENTATION_CONTEXT() REPRESENTATION_CONTEXT('2D SPACE',''
  ) );
#18744 = PCURVE('',#18500,#18745);
#18745 = DEFINITIONAL_REPRESENTATION('',(#18746),#18750);
#18746 = LINE('',#18747,#18748);
#18747 = CARTESIAN_POINT('',(0.,-0.));
#18748 = VECTOR('',#18749,1.);
#18749 = DIRECTION('',(0.,1.));
#18750 = ( GEOMETRIC_REPRESENTATION_CONTEXT(2) 
PARAMETRIC_REPRESENTATION_CONTEXT() REPRESENTATION_CONTEXT('2D SPACE',''
  ) );
#18751 = ORIENTED_EDGE('',*,*,#18483,.T.);
#18752 = ORIENTED_EDGE('',*,*,#18731,.T.);
#18753 = ADVANCED_FACE('',(#18754,#18757),#18554,.T.);
#18754 = FACE_BOUND('',#18755,.T.);
#18755 = EDGE_LOOP('',(#18756));
#18756 = ORIENTED_EDGE('',*,*,#18537,.T.);
#18757 = FACE_BOUND('',#18758,.T.);
#18758 = EDGE_LOOP('',(#18759));
#18759 = ORIENTED_EDGE('',*,*,#18760,.F.);
#18760 = EDGE_CURVE('',#18761,#18761,#18763,.T.);
#18761 = VERTEX_POINT('',#18762);
#18762 = CARTESIAN_POINT('',(-24.1,-13.6,12.5));
#18763 = SURFACE_CURVE('',#18764,(#18769,#18776),.PCURVE_S1.);
#18764 = CIRCLE('',#18765,3.85);
#18765 = AXIS2_PLACEMENT_3D('',#18766,#18767,#18768);
#18766 = CARTESIAN_POINT('',(-27.95,-13.6,12.5));
#18767 = DIRECTION('',(0.,0.,1.));
#18768 = DIRECTION('',(1.,0.,-0.));
#18769 = PCURVE('',#18554,#18770);
#18770 = DEFINITIONAL_REPRESENTATION('',(#18771),#18775);
#18771 = CIRCLE('',#18772,3.85);
#18772 = AXIS2_PLACEMENT_2D('',#18773,#18774);
#18773 = CARTESIAN_POINT('',(0.,0.));
#18774 = DIRECTION('',(1.,0.));
#18775 = ( GEOMETRIC_REPRESENTATION_CONTEXT(2) 
PARAMETRIC_REPRESENTATION_CONTEXT() REPRESENTATION_CONTEXT('2D SPACE',''
  ) );
#18776 = PCURVE('',#18777,#18782);
#18777 = CYLINDRICAL_SURFACE('',#18778,3.85);
#18778 = AXIS2_PLACEMENT_3D('',#18779,#18780,#18781);
#18779 = CARTESIAN_POINT('',(-27.95,-13.6,12.5));
#18780 = DIRECTION('',(0.,0.,1.));
#18781 = DIRECTION('',(1.,0.,-0.));
#18782 = DEFINITIONAL_REPRESENTATION('',(#18783),#18787);
#18783 = LINE('',#18784,#18785);
#18784 = CARTESIAN_POINT('',(0.,0.));
#18785 = VECTOR('',#18786,1.);
#18786 = DIRECTION('',(1.,0.));
#18787 = ( GEOMETRIC_REPRESENTATION_CONTEXT(2) 
PARAMETRIC_REPRESENTATION_CONTEXT() REPRESENTATION_CONTEXT('2D SPACE',''
  ) );
#18788 = ADVANCED_FACE('',(#18789,#18792),#18609,.T.);
#18789 = FACE_BOUND('',#18790,.T.);
#18790 = EDGE_LOOP('',(#18791));
#18791 = ORIENTED_EDGE('',*,*,#18592,.T.);
#18792 = FACE_BOUND('',#18793,.T.);
#18793 = EDGE_LOOP('',(#18794));
#18794 = ORIENTED_EDGE('',*,*,#18795,.F.);
#18795 = EDGE_CURVE('',#18796,#18796,#18798,.T.);
#18796 = VERTEX_POINT('',#18797);
#18797 = CARTESIAN_POINT('',(31.8,-13.6,12.5));
#18798 = SURFACE_CURVE('',#18799,(#18804,#18811),.PCURVE_S1.);
#18799 = CIRCLE('',#18800,3.85);
#18800 = AXIS2_PLACEMENT_3D('',#18801,#18802,#18803);
#18801 = CARTESIAN_POINT('',(27.95,-13.6,12.5));
#18802 = DIRECTION('',(0.,0.,1.));
#18803 = DIRECTION('',(1.,0.,-0.));
#18804 = PCURVE('',#18609,#18805);
#18805 = DEFINITIONAL_REPRESENTATION('',(#18806),#18810);
#18806 = CIRCLE('',#18807,3.85);
#18807 = AXIS2_PLACEMENT_2D('',#18808,#18809);
#18808 = CARTESIAN_POINT('',(0.,0.));
#18809 = DIRECTION('',(1.,0.));
#18810 = ( GEOMETRIC_REPRESENTATION_CONTEXT(2) 
PARAMETRIC_REPRESENTATION_CONTEXT() REPRESENTATION_CONTEXT('2D SPACE',''
  ) );
#18811 = PCURVE('',#18812,#18817);
#18812 = CYLINDRICAL_SURFACE('',#18813,3.85);
#18813 = AXIS2_PLACEMENT_3D('',#18814,#18815,#18816);
#18814 = CARTESIAN_POINT('',(27.95,-13.6,12.5));
#18815 = DIRECTION('',(0.,0.,1.));
#18816 = DIRECTION('',(1.,0.,-0.));
#18817 = DEFINITIONAL_REPRESENTATION('',(#18818),#18822);
#18818 = LINE('',#18819,#18820);
#18819 = CARTESIAN_POINT('',(0.,0.));
#18820 = VECTOR('',#18821,1.);
#18821 = DIRECTION('',(1.,0.));
#18822 = ( GEOMETRIC_REPRESENTATION_CONTEXT(2) 
PARAMETRIC_REPRESENTATION_CONTEXT() REPRESENTATION_CONTEXT('2D SPACE',''
  ) );
#18823 = ADVANCED_FACE('',(#18824,#18827),#18664,.T.);
#18824 = FACE_BOUND('',#18825,.T.);
#18825 = EDGE_LOOP('',(#18826));
#18826 = ORIENTED_EDGE('',*,*,#18647,.T.);
#18827 = FACE_BOUND('',#18828,.T.);
#18828 = EDGE_LOOP('',(#18829));
#18829 = ORIENTED_EDGE('',*,*,#18830,.F.);
#18830 = EDGE_CURVE('',#18831,#18831,#18833,.T.);
#18831 = VERTEX_POINT('',#18832);
#18832 = CARTESIAN_POINT('',(-24.1,13.6,12.5));
#18833 = SURFACE_CURVE('',#18834,(#18839,#18846),.PCURVE_S1.);
#18834 = CIRCLE('',#18835,3.85);
#18835 = AXIS2_PLACEMENT_3D('',#18836,#18837,#18838);
#18836 = CARTESIAN_POINT('',(-27.95,13.6,12.5));
#18837 = DIRECTION('',(0.,0.,1.));
#18838 = DIRECTION('',(1.,0.,-0.));
#18839 = PCURVE('',#18664,#18840);
#18840 = DEFINITIONAL_REPRESENTATION('',(#18841),#18845);
#18841 = CIRCLE('',#18842,3.85);
#18842 = AXIS2_PLACEMENT_2D('',#18843,#18844);
#18843 = CARTESIAN_POINT('',(0.,0.));
#18844 = DIRECTION('',(1.,0.));
#18845 = ( GEOMETRIC_REPRESENTATION_CONTEXT(2) 
PARAMETRIC_REPRESENTATION_CONTEXT() REPRESENTATION_CONTEXT('2D SPACE',''
  ) );
#18846 = PCURVE('',#18847,#18852);
#18847 = CYLINDRICAL_SURFACE('',#18848,3.85);
#18848 = AXIS2_PLACEMENT_3D('',#18849,#18850,#18851);
#18849 = CARTESIAN_POINT('',(-27.95,13.6,12.5));
#18850 = DIRECTION('',(0.,0.,1.));
#18851 = DIRECTION('',(1.,0.,-0.));
#18852 = DEFINITIONAL_REPRESENTATION('',(#18853),#18857);
#18853 = LINE('',#18854,#18855);
#18854 = CARTESIAN_POINT('',(0.,0.));
#18855 = VECTOR('',#18856,1.);
#18856 = DIRECTION('',(1.,0.));
#18857 = ( GEOMETRIC_REPRESENTATION_CONTEXT(2) 
PARAMETRIC_REPRESENTATION_CONTEXT() REPRESENTATION_CONTEXT('2D SPACE',''
  ) );
#18858 = ADVANCED_FACE('',(#18859,#18862),#18719,.T.);
#18859 = FACE_BOUND('',#18860,.T.);
#18860 = EDGE_LOOP('',(#18861));
#18861 = ORIENTED_EDGE('',*,*,#18702,.T.);
#18862 = FACE_BOUND('',#18863,.T.);
#18863 = EDGE_LOOP('',(#18864));
#18864 = ORIENTED_EDGE('',*,*,#18865,.F.);
#18865 = EDGE_CURVE('',#18866,#18866,#18868,.T.);
#18866 = VERTEX_POINT('',#18867);
#18867 = CARTESIAN_POINT('',(31.8,13.6,12.5));
#18868 = SURFACE_CURVE('',#18869,(#18874,#18881),.PCURVE_S1.);
#18869 = CIRCLE('',#18870,3.85);
#18870 = AXIS2_PLACEMENT_3D('',#18871,#18872,#18873);
#18871 = CARTESIAN_POINT('',(27.95,13.6,12.5));
#18872 = DIRECTION('',(0.,0.,1.));
#18873 = DIRECTION('',(1.,0.,-0.));
#18874 = PCURVE('',#18719,#18875);
#18875 = DEFINITIONAL_REPRESENTATION('',(#18876),#18880);
#18876 = CIRCLE('',#18877,3.85);
#18877 = AXIS2_PLACEMENT_2D('',#18878,#18879);
#18878 = CARTESIAN_POINT('',(0.,0.));
#18879 = DIRECTION('',(1.,0.));
#18880 = ( GEOMETRIC_REPRESENTATION_CONTEXT(2) 
PARAMETRIC_REPRESENTATION_CONTEXT() REPRESENTATION_CONTEXT('2D SPACE',''
  ) );
#18881 = PCURVE('',#18882,#18887);
#18882 = CYLINDRICAL_SURFACE('',#18883,3.85);
#18883 = AXIS2_PLACEMENT_3D('',#18884,#18885,#18886);
#18884 = CARTESIAN_POINT('',(27.95,13.6,12.5));
#18885 = DIRECTION('',(0.,0.,1.));
#18886 = DIRECTION('',(1.,0.,-0.));
#18887 = DEFINITIONAL_REPRESENTATION('',(#18888),#18892);
#18888 = LINE('',#18889,#18890);
#18889 = CARTESIAN_POINT('',(0.,0.));
#18890 = VECTOR('',#18891,1.);
#18891 = DIRECTION('',(1.,0.));
#18892 = ( GEOMETRIC_REPRESENTATION_CONTEXT(2) 
PARAMETRIC_REPRESENTATION_CONTEXT() REPRESENTATION_CONTEXT('2D SPACE',''
  ) );
#18893 = ADVANCED_FACE('',(#18894),#18777,.T.);
#18894 = FACE_BOUND('',#18895,.T.);
#18895 = EDGE_LOOP('',(#18896,#18925,#18946,#18947));
#18896 = ORIENTED_EDGE('',*,*,#18897,.F.);
#18897 = EDGE_CURVE('',#18898,#18898,#18900,.T.);
#18898 = VERTEX_POINT('',#18899);
#18899 = CARTESIAN_POINT('',(-24.1,-13.6,21.3));
#18900 = SURFACE_CURVE('',#18901,(#18906,#18913),.PCURVE_S1.);
#18901 = CIRCLE('',#18902,3.85);
#18902 = AXIS2_PLACEMENT_3D('',#18903,#18904,#18905);
#18903 = CARTESIAN_POINT('',(-27.95,-13.6,21.3));
#18904 = DIRECTION('',(0.,0.,1.));
#18905 = DIRECTION('',(1.,0.,-0.));
#18906 = PCURVE('',#18777,#18907);
#18907 = DEFINITIONAL_REPRESENTATION('',(#18908),#18912);
#18908 = LINE('',#18909,#18910);
#18909 = CARTESIAN_POINT('',(0.,8.8));
#18910 = VECTOR('',#18911,1.);
#18911 = DIRECTION('',(1.,0.));
#18912 = ( GEOMETRIC_REPRESENTATION_CONTEXT(2) 
PARAMETRIC_REPRESENTATION_CONTEXT() REPRESENTATION_CONTEXT('2D SPACE',''
  ) );
#18913 = PCURVE('',#18914,#18919);
#18914 = PLANE('',#18915);
#18915 = AXIS2_PLACEMENT_3D('',#18916,#18917,#18918);
#18916 = CARTESIAN_POINT('',(-27.95,-13.6,21.3));
#18917 = DIRECTION('',(0.,0.,1.));
#18918 = DIRECTION('',(1.,0.,-0.));
#18919 = DEFINITIONAL_REPRESENTATION('',(#18920),#18924);
#18920 = CIRCLE('',#18921,3.85);
#18921 = AXIS2_PLACEMENT_2D('',#18922,#18923);
#18922 = CARTESIAN_POINT('',(0.,0.));
#18923 = DIRECTION('',(1.,0.));
#18924 = ( GEOMETRIC_REPRESENTATION_CONTEXT(2) 
PARAMETRIC_REPRESENTATION_CONTEXT() REPRESENTATION_CONTEXT('2D SPACE',''
  ) );
#18925 = ORIENTED_EDGE('',*,*,#18926,.F.);
#18926 = EDGE_CURVE('',#18761,#18898,#18927,.T.);
#18927 = SEAM_CURVE('',#18928,(#18932,#18939),.PCURVE_S1.);
#18928 = LINE('',#18929,#18930);
#18929 = CARTESIAN_POINT('',(-24.1,-13.6,12.5));
#18930 = VECTOR('',#18931,1.);
#18931 = DIRECTION('',(0.,0.,1.));
#18932 = PCURVE('',#18777,#18933);
#18933 = DEFINITIONAL_REPRESENTATION('',(#18934),#18938);
#18934 = LINE('',#18935,#18936);
#18935 = CARTESIAN_POINT('',(6.28318530718,-0.));
#18936 = VECTOR('',#18937,1.);
#18937 = DIRECTION('',(0.,1.));
#18938 = ( GEOMETRIC_REPRESENTATION_CONTEXT(2) 
PARAMETRIC_REPRESENTATION_CONTEXT() REPRESENTATION_CONTEXT('2D SPACE',''
  ) );
#18939 = PCURVE('',#18777,#18940);
#18940 = DEFINITIONAL_REPRESENTATION('',(#18941),#18945);
#18941 = LINE('',#18942,#18943);
#18942 = CARTESIAN_POINT('',(0.,-0.));
#18943 = VECTOR('',#18944,1.);
#18944 = DIRECTION('',(0.,1.));
#18945 = ( GEOMETRIC_REPRESENTATION_CONTEXT(2) 
PARAMETRIC_REPRESENTATION_CONTEXT() REPRESENTATION_CONTEXT('2D SPACE',''
  ) );
#18946 = ORIENTED_EDGE('',*,*,#18760,.T.);
#18947 = ORIENTED_EDGE('',*,*,#18926,.T.);
#18948 = ADVANCED_FACE('',(#18949),#18812,.T.);
#18949 = FACE_BOUND('',#18950,.T.);
#18950 = EDGE_LOOP('',(#18951,#18980,#19001,#19002));
#18951 = ORIENTED_EDGE('',*,*,#18952,.F.);
#18952 = EDGE_CURVE('',#18953,#18953,#18955,.T.);
#18953 = VERTEX_POINT('',#18954);
#18954 = CARTESIAN_POINT('',(31.8,-13.6,21.3));
#18955 = SURFACE_CURVE('',#18956,(#18961,#18968),.PCURVE_S1.);
#18956 = CIRCLE('',#18957,3.85);
#18957 = AXIS2_PLACEMENT_3D('',#18958,#18959,#18960);
#18958 = CARTESIAN_POINT('',(27.95,-13.6,21.3));
#18959 = DIRECTION('',(0.,0.,1.));
#18960 = DIRECTION('',(1.,0.,-0.));
#18961 = PCURVE('',#18812,#18962);
#18962 = DEFINITIONAL_REPRESENTATION('',(#18963),#18967);
#18963 = LINE('',#18964,#18965);
#18964 = CARTESIAN_POINT('',(0.,8.8));
#18965 = VECTOR('',#18966,1.);
#18966 = DIRECTION('',(1.,0.));
#18967 = ( GEOMETRIC_REPRESENTATION_CONTEXT(2) 
PARAMETRIC_REPRESENTATION_CONTEXT() REPRESENTATION_CONTEXT('2D SPACE',''
  ) );
#18968 = PCURVE('',#18969,#18974);
#18969 = PLANE('',#18970);
#18970 = AXIS2_PLACEMENT_3D('',#18971,#18972,#18973);
#18971 = CARTESIAN_POINT('',(27.95,-13.6,21.3));
#18972 = DIRECTION('',(0.,0.,1.));
#18973 = DIRECTION('',(1.,0.,-0.));
#18974 = DEFINITIONAL_REPRESENTATION('',(#18975),#18979);
#18975 = CIRCLE('',#18976,3.85);
#18976 = AXIS2_PLACEMENT_2D('',#18977,#18978);
#18977 = CARTESIAN_POINT('',(0.,0.));
#18978 = DIRECTION('',(1.,0.));
#18979 = ( GEOMETRIC_REPRESENTATION_CONTEXT(2) 
PARAMETRIC_REPRESENTATION_CONTEXT() REPRESENTATION_CONTEXT('2D SPACE',''
  ) );
#18980 = ORIENTED_EDGE('',*,*,#18981,.F.);
#18981 = EDGE_CURVE('',#18796,#18953,#18982,.T.);
#18982 = SEAM_CURVE('',#18983,(#18987,#18994),.PCURVE_S1.);
#18983 = LINE('',#18984,#18985);
#18984 = CARTESIAN_POINT('',(31.8,-13.6,12.5));
#18985 = VECTOR('',#18986,1.);
#18986 = DIRECTION('',(0.,0.,1.));
#18987 = PCURVE('',#18812,#18988);
#18988 = DEFINITIONAL_REPRESENTATION('',(#18989),#18993);
#18989 = LINE('',#18990,#18991);
#18990 = CARTESIAN_POINT('',(6.28318530718,-0.));
#18991 = VECTOR('',#18992,1.);
#18992 = DIRECTION('',(0.,1.));
#18993 = ( GEOMETRIC_REPRESENTATION_CONTEXT(2) 
PARAMETRIC_REPRESENTATION_CONTEXT() REPRESENTATION_CONTEXT('2D SPACE',''
  ) );
#18994 = PCURVE('',#18812,#18995);
#18995 = DEFINITIONAL_REPRESENTATION('',(#18996),#19000);
#18996 = LINE('',#18997,#18998);
#18997 = CARTESIAN_POINT('',(0.,-0.));
#18998 = VECTOR('',#18999,1.);
#18999 = DIRECTION('',(0.,1.));
#19000 = ( GEOMETRIC_REPRESENTATION_CONTEXT(2) 
PARAMETRIC_REPRESENTATION_CONTEXT() REPRESENTATION_CONTEXT('2D SPACE',''
  ) );
#19001 = ORIENTED_EDGE('',*,*,#18795,.T.);
#19002 = ORIENTED_EDGE('',*,*,#18981,.T.);
#19003 = ADVANCED_FACE('',(#19004),#18847,.T.);
#19004 = FACE_BOUND('',#19005,.T.);
#19005 = EDGE_LOOP('',(#19006,#19035,#19056,#19057));
#19006 = ORIENTED_EDGE('',*,*,#19007,.F.);
#19007 = EDGE_CURVE('',#19008,#19008,#19010,.T.);
#19008 = VERTEX_POINT('',#19009);
#19009 = CARTESIAN_POINT('',(-24.1,13.6,21.3));
#19010 = SURFACE_CURVE('',#19011,(#19016,#19023),.PCURVE_S1.);
#19011 = CIRCLE('',#19012,3.85);
#19012 = AXIS2_PLACEMENT_3D('',#19013,#19014,#19015);
#19013 = CARTESIAN_POINT('',(-27.95,13.6,21.3));
#19014 = DIRECTION('',(0.,0.,1.));
#19015 = DIRECTION('',(1.,0.,-0.));
#19016 = PCURVE('',#18847,#19017);
#19017 = DEFINITIONAL_REPRESENTATION('',(#19018),#19022);
#19018 = LINE('',#19019,#19020);
#19019 = CARTESIAN_POINT('',(0.,8.8));
#19020 = VECTOR('',#19021,1.);
#19021 = DIRECTION('',(1.,0.));
#19022 = ( GEOMETRIC_REPRESENTATION_CONTEXT(2) 
PARAMETRIC_REPRESENTATION_CONTEXT() REPRESENTATION_CONTEXT('2D SPACE',''
  ) );
#19023 = PCURVE('',#19024,#19029);
#19024 = PLANE('',#19025);
#19025 = AXIS2_PLACEMENT_3D('',#19026,#19027,#19028);
#19026 = CARTESIAN_POINT('',(-27.95,13.6,21.3));
#19027 = DIRECTION('',(0.,0.,1.));
#19028 = DIRECTION('',(1.,0.,-0.));
#19029 = DEFINITIONAL_REPRESENTATION('',(#19030),#19034);
#19030 = CIRCLE('',#19031,3.85);
#19031 = AXIS2_PLACEMENT_2D('',#19032,#19033);
#19032 = CARTESIAN_POINT('',(0.,0.));
#19033 = DIRECTION('',(1.,0.));
#19034 = ( GEOMETRIC_REPRESENTATION_CONTEXT(2) 
PARAMETRIC_REPRESENTATION_CONTEXT() REPRESENTATION_CONTEXT('2D SPACE',''
  ) );
#19035 = ORIENTED_EDGE('',*,*,#19036,.F.);
#19036 = EDGE_CURVE('',#18831,#19008,#19037,.T.);
#19037 = SEAM_CURVE('',#19038,(#19042,#19049),.PCURVE_S1.);
#19038 = LINE('',#19039,#19040);
#19039 = CARTESIAN_POINT('',(-24.1,13.6,12.5));
#19040 = VECTOR('',#19041,1.);
#19041 = DIRECTION('',(0.,0.,1.));
#19042 = PCURVE('',#18847,#19043);
#19043 = DEFINITIONAL_REPRESENTATION('',(#19044),#19048);
#19044 = LINE('',#19045,#19046);
#19045 = CARTESIAN_POINT('',(6.28318530718,-0.));
#19046 = VECTOR('',#19047,1.);
#19047 = DIRECTION('',(0.,1.));
#19048 = ( GEOMETRIC_REPRESENTATION_CONTEXT(2) 
PARAMETRIC_REPRESENTATION_CONTEXT() REPRESENTATION_CONTEXT('2D SPACE',''
  ) );
#19049 = PCURVE('',#18847,#19050);
#19050 = DEFINITIONAL_REPRESENTATION('',(#19051),#19055);
#19051 = LINE('',#19052,#19053);
#19052 = CARTESIAN_POINT('',(0.,-0.));
#19053 = VECTOR('',#19054,1.);
#19054 = DIRECTION('',(0.,1.));
#19055 = ( GEOMETRIC_REPRESENTATION_CONTEXT(2) 
PARAMETRIC_REPRESENTATION_CONTEXT() REPRESENTATION_CONTEXT('2D SPACE',''
  ) );
#19056 = ORIENTED_EDGE('',*,*,#18830,.T.);
#19057 = ORIENTED_EDGE('',*,*,#19036,.T.);
#19058 = ADVANCED_FACE('',(#19059),#18882,.T.);
#19059 = FACE_BOUND('',#19060,.T.);
#19060 = EDGE_LOOP('',(#19061,#19090,#19111,#19112));
#19061 = ORIENTED_EDGE('',*,*,#19062,.F.);
#19062 = EDGE_CURVE('',#19063,#19063,#19065,.T.);
#19063 = VERTEX_POINT('',#19064);
#19064 = CARTESIAN_POINT('',(31.8,13.6,21.3));
#19065 = SURFACE_CURVE('',#19066,(#19071,#19078),.PCURVE_S1.);
#19066 = CIRCLE('',#19067,3.85);
#19067 = AXIS2_PLACEMENT_3D('',#19068,#19069,#19070);
#19068 = CARTESIAN_POINT('',(27.95,13.6,21.3));
#19069 = DIRECTION('',(0.,0.,1.));
#19070 = DIRECTION('',(1.,0.,-0.));
#19071 = PCURVE('',#18882,#19072);
#19072 = DEFINITIONAL_REPRESENTATION('',(#19073),#19077);
#19073 = LINE('',#19074,#19075);
#19074 = CARTESIAN_POINT('',(0.,8.8));
#19075 = VECTOR('',#19076,1.);
#19076 = DIRECTION('',(1.,0.));
#19077 = ( GEOMETRIC_REPRESENTATION_CONTEXT(2) 
PARAMETRIC_REPRESENTATION_CONTEXT() REPRESENTATION_CONTEXT('2D SPACE',''
  ) );
#19078 = PCURVE('',#19079,#19084);
#19079 = PLANE('',#19080);
#19080 = AXIS2_PLACEMENT_3D('',#19081,#19082,#19083);
#19081 = CARTESIAN_POINT('',(27.95,13.6,21.3));
#19082 = DIRECTION('',(0.,0.,1.));
#19083 = DIRECTION('',(1.,0.,-0.));
#19084 = DEFINITIONAL_REPRESENTATION('',(#19085),#19089);
#19085 = CIRCLE('',#19086,3.85);
#19086 = AXIS2_PLACEMENT_2D('',#19087,#19088);
#19087 = CARTESIAN_POINT('',(0.,0.));
#19088 = DIRECTION('',(1.,0.));
#19089 = ( GEOMETRIC_REPRESENTATION_CONTEXT(2) 
PARAMETRIC_REPRESENTATION_CONTEXT() REPRESENTATION_CONTEXT('2D SPACE',''
  ) );
#19090 = ORIENTED_EDGE('',*,*,#19091,.F.);
#19091 = EDGE_CURVE('',#18866,#19063,#19092,.T.);
#19092 = SEAM_CURVE('',#19093,(#19097,#19104),.PCURVE_S1.);
#19093 = LINE('',#19094,#19095);
#19094 = CARTESIAN_POINT('',(31.8,13.6,12.5));
#19095 = VECTOR('',#19096,1.);
#19096 = DIRECTION('',(0.,0.,1.));
#19097 = PCURVE('',#18882,#19098);
#19098 = DEFINITIONAL_REPRESENTATION('',(#19099),#19103);
#19099 = LINE('',#19100,#19101);
#19100 = CARTESIAN_POINT('',(6.28318530718,-0.));
#19101 = VECTOR('',#19102,1.);
#19102 = DIRECTION('',(0.,1.));
#19103 = ( GEOMETRIC_REPRESENTATION_CONTEXT(2) 
PARAMETRIC_REPRESENTATION_CONTEXT() REPRESENTATION_CONTEXT('2D SPACE',''
  ) );
#19104 = PCURVE('',#18882,#19105);
#19105 = DEFINITIONAL_REPRESENTATION('',(#19106),#19110);
#19106 = LINE('',#19107,#19108);
#19107 = CARTESIAN_POINT('',(0.,-0.));
#19108 = VECTOR('',#19109,1.);
#19109 = DIRECTION('',(0.,1.));
#19110 = ( GEOMETRIC_REPRESENTATION_CONTEXT(2) 
PARAMETRIC_REPRESENTATION_CONTEXT() REPRESENTATION_CONTEXT('2D SPACE',''
  ) );
#19111 = ORIENTED_EDGE('',*,*,#18865,.T.);
#19112 = ORIENTED_EDGE('',*,*,#19091,.T.);
#19113 = ADVANCED_FACE('',(#19114,#19117),#18914,.T.);
#19114 = FACE_BOUND('',#19115,.T.);
#19115 = EDGE_LOOP('',(#19116));
#19116 = ORIENTED_EDGE('',*,*,#18897,.T.);
#19117 = FACE_BOUND('',#19118,.T.);
#19118 = EDGE_LOOP('',(#19119));
#19119 = ORIENTED_EDGE('',*,*,#19120,.F.);
#19120 = EDGE_CURVE('',#19121,#19121,#19123,.T.);
#19121 = VERTEX_POINT('',#19122);
#19122 = CARTESIAN_POINT('',(-25.85,-13.6,21.3));
#19123 = SURFACE_CURVE('',#19124,(#19129,#19136),.PCURVE_S1.);
#19124 = CIRCLE('',#19125,2.1);
#19125 = AXIS2_PLACEMENT_3D('',#19126,#19127,#19128);
#19126 = CARTESIAN_POINT('',(-27.95,-13.6,21.3));
#19127 = DIRECTION('',(0.,0.,1.));
#19128 = DIRECTION('',(1.,0.,-0.));
#19129 = PCURVE('',#18914,#19130);
#19130 = DEFINITIONAL_REPRESENTATION('',(#19131),#19135);
#19131 = CIRCLE('',#19132,2.1);
#19132 = AXIS2_PLACEMENT_2D('',#19133,#19134);
#19133 = CARTESIAN_POINT('',(0.,0.));
#19134 = DIRECTION('',(1.,0.));
#19135 = ( GEOMETRIC_REPRESENTATION_CONTEXT(2) 
PARAMETRIC_REPRESENTATION_CONTEXT() REPRESENTATION_CONTEXT('2D SPACE',''
  ) );
#19136 = PCURVE('',#19137,#19142);
#19137 = CYLINDRICAL_SURFACE('',#19138,2.1);
#19138 = AXIS2_PLACEMENT_3D('',#19139,#19140,#19141);
#19139 = CARTESIAN_POINT('',(-27.95,-13.6,15.6));
#19140 = DIRECTION('',(0.,0.,1.));
#19141 = DIRECTION('',(1.,0.,-0.));
#19142 = DEFINITIONAL_REPRESENTATION('',(#19143),#19147);
#19143 = LINE('',#19144,#19145);
#19144 = CARTESIAN_POINT('',(0.,5.7));
#19145 = VECTOR('',#19146,1.);
#19146 = DIRECTION('',(1.,0.));
#19147 = ( GEOMETRIC_REPRESENTATION_CONTEXT(2) 
PARAMETRIC_REPRESENTATION_CONTEXT() REPRESENTATION_CONTEXT('2D SPACE',''
  ) );
#19148 = ADVANCED_FACE('',(#19149,#19152),#18969,.T.);
#19149 = FACE_BOUND('',#19150,.T.);
#19150 = EDGE_LOOP('',(#19151));
#19151 = ORIENTED_EDGE('',*,*,#18952,.T.);
#19152 = FACE_BOUND('',#19153,.T.);
#19153 = EDGE_LOOP('',(#19154));
#19154 = ORIENTED_EDGE('',*,*,#19155,.F.);
#19155 = EDGE_CURVE('',#19156,#19156,#19158,.T.);
#19156 = VERTEX_POINT('',#19157);
#19157 = CARTESIAN_POINT('',(30.05,-13.6,21.3));
#19158 = SURFACE_CURVE('',#19159,(#19164,#19171),.PCURVE_S1.);
#19159 = CIRCLE('',#19160,2.1);
#19160 = AXIS2_PLACEMENT_3D('',#19161,#19162,#19163);
#19161 = CARTESIAN_POINT('',(27.95,-13.6,21.3));
#19162 = DIRECTION('',(0.,0.,1.));
#19163 = DIRECTION('',(1.,0.,-0.));
#19164 = PCURVE('',#18969,#19165);
#19165 = DEFINITIONAL_REPRESENTATION('',(#19166),#19170);
#19166 = CIRCLE('',#19167,2.1);
#19167 = AXIS2_PLACEMENT_2D('',#19168,#19169);
#19168 = CARTESIAN_POINT('',(0.,0.));
#19169 = DIRECTION('',(1.,0.));
#19170 = ( GEOMETRIC_REPRESENTATION_CONTEXT(2) 
PARAMETRIC_REPRESENTATION_CONTEXT() REPRESENTATION_CONTEXT('2D SPACE',''
  ) );
#19171 = PCURVE('',#19172,#19177);
#19172 = CYLINDRICAL_SURFACE('',#19173,2.1);
#19173 = AXIS2_PLACEMENT_3D('',#19174,#19175,#19176);
#19174 = CARTESIAN_POINT('',(27.95,-13.6,15.6));
#19175 = DIRECTION('',(0.,0.,1.));
#19176 = DIRECTION('',(1.,0.,-0.));
#19177 = DEFINITIONAL_REPRESENTATION('',(#19178),#19182);
#19178 = LINE('',#19179,#19180);
#19179 = CARTESIAN_POINT('',(0.,5.7));
#19180 = VECTOR('',#19181,1.);
#19181 = DIRECTION('',(1.,0.));
#19182 = ( GEOMETRIC_REPRESENTATION_CONTEXT(2) 
PARAMETRIC_REPRESENTATION_CONTEXT() REPRESENTATION_CONTEXT('2D SPACE',''
  ) );
#19183 = ADVANCED_FACE('',(#19184,#19187),#19024,.T.);
#19184 = FACE_BOUND('',#19185,.T.);
#19185 = EDGE_LOOP('',(#19186));
#19186 = ORIENTED_EDGE('',*,*,#19007,.T.);
#19187 = FACE_BOUND('',#19188,.T.);
#19188 = EDGE_LOOP('',(#19189));
#19189 = ORIENTED_EDGE('',*,*,#19190,.F.);
#19190 = EDGE_CURVE('',#19191,#19191,#19193,.T.);
#19191 = VERTEX_POINT('',#19192);
#19192 = CARTESIAN_POINT('',(-25.85,13.6,21.3));
#19193 = SURFACE_CURVE('',#19194,(#19199,#19206),.PCURVE_S1.);
#19194 = CIRCLE('',#19195,2.1);
#19195 = AXIS2_PLACEMENT_3D('',#19196,#19197,#19198);
#19196 = CARTESIAN_POINT('',(-27.95,13.6,21.3));
#19197 = DIRECTION('',(0.,0.,1.));
#19198 = DIRECTION('',(1.,0.,-0.));
#19199 = PCURVE('',#19024,#19200);
#19200 = DEFINITIONAL_REPRESENTATION('',(#19201),#19205);
#19201 = CIRCLE('',#19202,2.1);
#19202 = AXIS2_PLACEMENT_2D('',#19203,#19204);
#19203 = CARTESIAN_POINT('',(0.,0.));
#19204 = DIRECTION('',(1.,0.));
#19205 = ( GEOMETRIC_REPRESENTATION_CONTEXT(2) 
PARAMETRIC_REPRESENTATION_CONTEXT() REPRESENTATION_CONTEXT('2D SPACE',''
  ) );
#19206 = PCURVE('',#19207,#19212);
#19207 = CYLINDRICAL_SURFACE('',#19208,2.1);
#19208 = AXIS2_PLACEMENT_3D('',#19209,#19210,#19211);
#19209 = CARTESIAN_POINT('',(-27.95,13.6,15.6));
#19210 = DIRECTION('',(0.,0.,1.));
#19211 = DIRECTION('',(1.,0.,-0.));
#19212 = DEFINITIONAL_REPRESENTATION('',(#19213),#19217);
#19213 = LINE('',#19214,#19215);
#19214 = CARTESIAN_POINT('',(0.,5.7));
#19215 = VECTOR('',#19216,1.);
#19216 = DIRECTION('',(1.,0.));
#19217 = ( GEOMETRIC_REPRESENTATION_CONTEXT(2) 
PARAMETRIC_REPRESENTATION_CONTEXT() REPRESENTATION_CONTEXT('2D SPACE',''
  ) );
#19218 = ADVANCED_FACE('',(#19219,#19222),#19079,.T.);
#19219 = FACE_BOUND('',#19220,.T.);
#19220 = EDGE_LOOP('',(#19221));
#19221 = ORIENTED_EDGE('',*,*,#19062,.T.);
#19222 = FACE_BOUND('',#19223,.T.);
#19223 = EDGE_LOOP('',(#19224));
#19224 = ORIENTED_EDGE('',*,*,#19225,.F.);
#19225 = EDGE_CURVE('',#19226,#19226,#19228,.T.);
#19226 = VERTEX_POINT('',#19227);
#19227 = CARTESIAN_POINT('',(30.05,13.6,21.3));
#19228 = SURFACE_CURVE('',#19229,(#19234,#19241),.PCURVE_S1.);
#19229 = CIRCLE('',#19230,2.1);
#19230 = AXIS2_PLACEMENT_3D('',#19231,#19232,#19233);
#19231 = CARTESIAN_POINT('',(27.95,13.6,21.3));
#19232 = DIRECTION('',(0.,0.,1.));
#19233 = DIRECTION('',(1.,0.,-0.));
#19234 = PCURVE('',#19079,#19235);
#19235 = DEFINITIONAL_REPRESENTATION('',(#19236),#19240);
#19236 = CIRCLE('',#19237,2.1);
#19237 = AXIS2_PLACEMENT_2D('',#19238,#19239);
#19238 = CARTESIAN_POINT('',(0.,0.));
#19239 = DIRECTION('',(1.,0.));
#19240 = ( GEOMETRIC_REPRESENTATION_CONTEXT(2) 
PARAMETRIC_REPRESENTATION_CONTEXT() REPRESENTATION_CONTEXT('2D SPACE',''
  ) );
#19241 = PCURVE('',#19242,#19247);
#19242 = CYLINDRICAL_SURFACE('',#19243,2.1);
#19243 = AXIS2_PLACEMENT_3D('',#19244,#19245,#19246);
#19244 = CARTESIAN_POINT('',(27.95,13.6,15.6));
#19245 = DIRECTION('',(0.,0.,1.));
#19246 = DIRECTION('',(1.,0.,-0.));
#19247 = DEFINITIONAL_REPRESENTATION('',(#19248),#19252);
#19248 = LINE('',#19249,#19250);
#19249 = CARTESIAN_POINT('',(0.,5.7));
#19250 = VECTOR('',#19251,1.);
#19251 = DIRECTION('',(1.,0.));
#19252 = ( GEOMETRIC_REPRESENTATION_CONTEXT(2) 
PARAMETRIC_REPRESENTATION_CONTEXT() REPRESENTATION_CONTEXT('2D SPACE',''
  ) );
#19253 = ADVANCED_FACE('',(#19254),#19137,.F.);
#19254 = FACE_BOUND('',#19255,.F.);
#19255 = EDGE_LOOP('',(#19256,#19257,#19280,#19307));
#19256 = ORIENTED_EDGE('',*,*,#19120,.F.);
#19257 = ORIENTED_EDGE('',*,*,#19258,.F.);
#19258 = EDGE_CURVE('',#19259,#19121,#19261,.T.);
#19259 = VERTEX_POINT('',#19260);
#19260 = CARTESIAN_POINT('',(-25.85,-13.6,15.6));
#19261 = SEAM_CURVE('',#19262,(#19266,#19273),.PCURVE_S1.);
#19262 = LINE('',#19263,#19264);
#19263 = CARTESIAN_POINT('',(-25.85,-13.6,15.6));
#19264 = VECTOR('',#19265,1.);
#19265 = DIRECTION('',(0.,0.,1.));
#19266 = PCURVE('',#19137,#19267);
#19267 = DEFINITIONAL_REPRESENTATION('',(#19268),#19272);
#19268 = LINE('',#19269,#19270);
#19269 = CARTESIAN_POINT('',(6.28318530718,-0.));
#19270 = VECTOR('',#19271,1.);
#19271 = DIRECTION('',(0.,1.));
#19272 = ( GEOMETRIC_REPRESENTATION_CONTEXT(2) 
PARAMETRIC_REPRESENTATION_CONTEXT() REPRESENTATION_CONTEXT('2D SPACE',''
  ) );
#19273 = PCURVE('',#19137,#19274);
#19274 = DEFINITIONAL_REPRESENTATION('',(#19275),#19279);
#19275 = LINE('',#19276,#19277);
#19276 = CARTESIAN_POINT('',(0.,-0.));
#19277 = VECTOR('',#19278,1.);
#19278 = DIRECTION('',(0.,1.));
#19279 = ( GEOMETRIC_REPRESENTATION_CONTEXT(2) 
PARAMETRIC_REPRESENTATION_CONTEXT() REPRESENTATION_CONTEXT('2D SPACE',''
  ) );
#19280 = ORIENTED_EDGE('',*,*,#19281,.T.);
#19281 = EDGE_CURVE('',#19259,#19259,#19282,.T.);
#19282 = SURFACE_CURVE('',#19283,(#19288,#19295),.PCURVE_S1.);
#19283 = CIRCLE('',#19284,2.1);
#19284 = AXIS2_PLACEMENT_3D('',#19285,#19286,#19287);
#19285 = CARTESIAN_POINT('',(-27.95,-13.6,15.6));
#19286 = DIRECTION('',(0.,0.,1.));
#19287 = DIRECTION('',(1.,0.,-0.));
#19288 = PCURVE('',#19137,#19289);
#19289 = DEFINITIONAL_REPRESENTATION('',(#19290),#19294);
#19290 = LINE('',#19291,#19292);
#19291 = CARTESIAN_POINT('',(0.,0.));
#19292 = VECTOR('',#19293,1.);
#19293 = DIRECTION('',(1.,0.));
#19294 = ( GEOMETRIC_REPRESENTATION_CONTEXT(2) 
PARAMETRIC_REPRESENTATION_CONTEXT() REPRESENTATION_CONTEXT('2D SPACE',''
  ) );
#19295 = PCURVE('',#19296,#19301);
#19296 = PLANE('',#19297);
#19297 = AXIS2_PLACEMENT_3D('',#19298,#19299,#19300);
#19298 = CARTESIAN_POINT('',(-27.95,-13.6,15.6));
#19299 = DIRECTION('',(0.,0.,1.));
#19300 = DIRECTION('',(1.,0.,-0.));
#19301 = DEFINITIONAL_REPRESENTATION('',(#19302),#19306);
#19302 = CIRCLE('',#19303,2.1);
#19303 = AXIS2_PLACEMENT_2D('',#19304,#19305);
#19304 = CARTESIAN_POINT('',(0.,0.));
#19305 = DIRECTION('',(1.,0.));
#19306 = ( GEOMETRIC_REPRESENTATION_CONTEXT(2) 
PARAMETRIC_REPRESENTATION_CONTEXT() REPRESENTATION_CONTEXT('2D SPACE',''
  ) );
#19307 = ORIENTED_EDGE('',*,*,#19258,.T.);
#19308 = ADVANCED_FACE('',(#19309),#19172,.F.);
#19309 = FACE_BOUND('',#19310,.F.);
#19310 = EDGE_LOOP('',(#19311,#19312,#19335,#19362));
#19311 = ORIENTED_EDGE('',*,*,#19155,.F.);
#19312 = ORIENTED_EDGE('',*,*,#19313,.F.);
#19313 = EDGE_CURVE('',#19314,#19156,#19316,.T.);
#19314 = VERTEX_POINT('',#19315);
#19315 = CARTESIAN_POINT('',(30.05,-13.6,15.6));
#19316 = SEAM_CURVE('',#19317,(#19321,#19328),.PCURVE_S1.);
#19317 = LINE('',#19318,#19319);
#19318 = CARTESIAN_POINT('',(30.05,-13.6,15.6));
#19319 = VECTOR('',#19320,1.);
#19320 = DIRECTION('',(0.,0.,1.));
#19321 = PCURVE('',#19172,#19322);
#19322 = DEFINITIONAL_REPRESENTATION('',(#19323),#19327);
#19323 = LINE('',#19324,#19325);
#19324 = CARTESIAN_POINT('',(6.28318530718,-0.));
#19325 = VECTOR('',#19326,1.);
#19326 = DIRECTION('',(0.,1.));
#19327 = ( GEOMETRIC_REPRESENTATION_CONTEXT(2) 
PARAMETRIC_REPRESENTATION_CONTEXT() REPRESENTATION_CONTEXT('2D SPACE',''
  ) );
#19328 = PCURVE('',#19172,#19329);
#19329 = DEFINITIONAL_REPRESENTATION('',(#19330),#19334);
#19330 = LINE('',#19331,#19332);
#19331 = CARTESIAN_POINT('',(0.,-0.));
#19332 = VECTOR('',#19333,1.);
#19333 = DIRECTION('',(0.,1.));
#19334 = ( GEOMETRIC_REPRESENTATION_CONTEXT(2) 
PARAMETRIC_REPRESENTATION_CONTEXT() REPRESENTATION_CONTEXT('2D SPACE',''
  ) );
#19335 = ORIENTED_EDGE('',*,*,#19336,.T.);
#19336 = EDGE_CURVE('',#19314,#19314,#19337,.T.);
#19337 = SURFACE_CURVE('',#19338,(#19343,#19350),.PCURVE_S1.);
#19338 = CIRCLE('',#19339,2.1);
#19339 = AXIS2_PLACEMENT_3D('',#19340,#19341,#19342);
#19340 = CARTESIAN_POINT('',(27.95,-13.6,15.6));
#19341 = DIRECTION('',(0.,0.,1.));
#19342 = DIRECTION('',(1.,0.,-0.));
#19343 = PCURVE('',#19172,#19344);
#19344 = DEFINITIONAL_REPRESENTATION('',(#19345),#19349);
#19345 = LINE('',#19346,#19347);
#19346 = CARTESIAN_POINT('',(0.,0.));
#19347 = VECTOR('',#19348,1.);
#19348 = DIRECTION('',(1.,0.));
#19349 = ( GEOMETRIC_REPRESENTATION_CONTEXT(2) 
PARAMETRIC_REPRESENTATION_CONTEXT() REPRESENTATION_CONTEXT('2D SPACE',''
  ) );
#19350 = PCURVE('',#19351,#19356);
#19351 = PLANE('',#19352);
#19352 = AXIS2_PLACEMENT_3D('',#19353,#19354,#19355);
#19353 = CARTESIAN_POINT('',(27.95,-13.6,15.6));
#19354 = DIRECTION('',(0.,0.,1.));
#19355 = DIRECTION('',(1.,0.,-0.));
#19356 = DEFINITIONAL_REPRESENTATION('',(#19357),#19361);
#19357 = CIRCLE('',#19358,2.1);
#19358 = AXIS2_PLACEMENT_2D('',#19359,#19360);
#19359 = CARTESIAN_POINT('',(0.,0.));
#19360 = DIRECTION('',(1.,0.));
#19361 = ( GEOMETRIC_REPRESENTATION_CONTEXT(2) 
PARAMETRIC_REPRESENTATION_CONTEXT() REPRESENTATION_CONTEXT('2D SPACE',''
  ) );
#19362 = ORIENTED_EDGE('',*,*,#19313,.T.);
#19363 = ADVANCED_FACE('',(#19364),#19207,.F.);
#19364 = FACE_BOUND('',#19365,.F.);
#19365 = EDGE_LOOP('',(#19366,#19367,#19390,#19417));
#19366 = ORIENTED_EDGE('',*,*,#19190,.F.);
#19367 = ORIENTED_EDGE('',*,*,#19368,.F.);
#19368 = EDGE_CURVE('',#19369,#19191,#19371,.T.);
#19369 = VERTEX_POINT('',#19370);
#19370 = CARTESIAN_POINT('',(-25.85,13.6,15.6));
#19371 = SEAM_CURVE('',#19372,(#19376,#19383),.PCURVE_S1.);
#19372 = LINE('',#19373,#19374);
#19373 = CARTESIAN_POINT('',(-25.85,13.6,15.6));
#19374 = VECTOR('',#19375,1.);
#19375 = DIRECTION('',(0.,0.,1.));
#19376 = PCURVE('',#19207,#19377);
#19377 = DEFINITIONAL_REPRESENTATION('',(#19378),#19382);
#19378 = LINE('',#19379,#19380);
#19379 = CARTESIAN_POINT('',(6.28318530718,-0.));
#19380 = VECTOR('',#19381,1.);
#19381 = DIRECTION('',(0.,1.));
#19382 = ( GEOMETRIC_REPRESENTATION_CONTEXT(2) 
PARAMETRIC_REPRESENTATION_CONTEXT() REPRESENTATION_CONTEXT('2D SPACE',''
  ) );
#19383 = PCURVE('',#19207,#19384);
#19384 = DEFINITIONAL_REPRESENTATION('',(#19385),#19389);
#19385 = LINE('',#19386,#19387);
#19386 = CARTESIAN_POINT('',(0.,-0.));
#19387 = VECTOR('',#19388,1.);
#19388 = DIRECTION('',(0.,1.));
#19389 = ( GEOMETRIC_REPRESENTATION_CONTEXT(2) 
PARAMETRIC_REPRESENTATION_CONTEXT() REPRESENTATION_CONTEXT('2D SPACE',''
  ) );
#19390 = ORIENTED_EDGE('',*,*,#19391,.T.);
#19391 = EDGE_CURVE('',#19369,#19369,#19392,.T.);
#19392 = SURFACE_CURVE('',#19393,(#19398,#19405),.PCURVE_S1.);
#19393 = CIRCLE('',#19394,2.1);
#19394 = AXIS2_PLACEMENT_3D('',#19395,#19396,#19397);
#19395 = CARTESIAN_POINT('',(-27.95,13.6,15.6));
#19396 = DIRECTION('',(0.,0.,1.));
#19397 = DIRECTION('',(1.,0.,-0.));
#19398 = PCURVE('',#19207,#19399);
#19399 = DEFINITIONAL_REPRESENTATION('',(#19400),#19404);
#19400 = LINE('',#19401,#19402);
#19401 = CARTESIAN_POINT('',(0.,0.));
#19402 = VECTOR('',#19403,1.);
#19403 = DIRECTION('',(1.,0.));
#19404 = ( GEOMETRIC_REPRESENTATION_CONTEXT(2) 
PARAMETRIC_REPRESENTATION_CONTEXT() REPRESENTATION_CONTEXT('2D SPACE',''
  ) );
#19405 = PCURVE('',#19406,#19411);
#19406 = PLANE('',#19407);
#19407 = AXIS2_PLACEMENT_3D('',#19408,#19409,#19410);
#19408 = CARTESIAN_POINT('',(-27.95,13.6,15.6));
#19409 = DIRECTION('',(0.,0.,1.));
#19410 = DIRECTION('',(1.,0.,-0.));
#19411 = DEFINITIONAL_REPRESENTATION('',(#19412),#19416);
#19412 = CIRCLE('',#19413,2.1);
#19413 = AXIS2_PLACEMENT_2D('',#19414,#19415);
#19414 = CARTESIAN_POINT('',(0.,0.));
#19415 = DIRECTION('',(1.,0.));
#19416 = ( GEOMETRIC_REPRESENTATION_CONTEXT(2) 
PARAMETRIC_REPRESENTATION_CONTEXT() REPRESENTATION_CONTEXT('2D SPACE',''
  ) );
#19417 = ORIENTED_EDGE('',*,*,#19368,.T.);
#19418 = ADVANCED_FACE('',(#19419),#19242,.F.);
#19419 = FACE_BOUND('',#19420,.F.);
#19420 = EDGE_LOOP('',(#19421,#19422,#19445,#19472));
#19421 = ORIENTED_EDGE('',*,*,#19225,.F.);
#19422 = ORIENTED_EDGE('',*,*,#19423,.F.);
#19423 = EDGE_CURVE('',#19424,#19226,#19426,.T.);
#19424 = VERTEX_POINT('',#19425);
#19425 = CARTESIAN_POINT('',(30.05,13.6,15.6));
#19426 = SEAM_CURVE('',#19427,(#19431,#19438),.PCURVE_S1.);
#19427 = LINE('',#19428,#19429);
#19428 = CARTESIAN_POINT('',(30.05,13.6,15.6));
#19429 = VECTOR('',#19430,1.);
#19430 = DIRECTION('',(0.,0.,1.));
#19431 = PCURVE('',#19242,#19432);
#19432 = DEFINITIONAL_REPRESENTATION('',(#19433),#19437);
#19433 = LINE('',#19434,#19435);
#19434 = CARTESIAN_POINT('',(6.28318530718,-0.));
#19435 = VECTOR('',#19436,1.);
#19436 = DIRECTION('',(0.,1.));
#19437 = ( GEOMETRIC_REPRESENTATION_CONTEXT(2) 
PARAMETRIC_REPRESENTATION_CONTEXT() REPRESENTATION_CONTEXT('2D SPACE',''
  ) );
#19438 = PCURVE('',#19242,#19439);
#19439 = DEFINITIONAL_REPRESENTATION('',(#19440),#19444);
#19440 = LINE('',#19441,#19442);
#19441 = CARTESIAN_POINT('',(0.,-0.));
#19442 = VECTOR('',#19443,1.);
#19443 = DIRECTION('',(0.,1.));
#19444 = ( GEOMETRIC_REPRESENTATION_CONTEXT(2) 
PARAMETRIC_REPRESENTATION_CONTEXT() REPRESENTATION_CONTEXT('2D SPACE',''
  ) );
#19445 = ORIENTED_EDGE('',*,*,#19446,.T.);
#19446 = EDGE_CURVE('',#19424,#19424,#19447,.T.);
#19447 = SURFACE_CURVE('',#19448,(#19453,#19460),.PCURVE_S1.);
#19448 = CIRCLE('',#19449,2.1);
#19449 = AXIS2_PLACEMENT_3D('',#19450,#19451,#19452);
#19450 = CARTESIAN_POINT('',(27.95,13.6,15.6));
#19451 = DIRECTION('',(0.,0.,1.));
#19452 = DIRECTION('',(1.,0.,-0.));
#19453 = PCURVE('',#19242,#19454);
#19454 = DEFINITIONAL_REPRESENTATION('',(#19455),#19459);
#19455 = LINE('',#19456,#19457);
#19456 = CARTESIAN_POINT('',(0.,0.));
#19457 = VECTOR('',#19458,1.);
#19458 = DIRECTION('',(1.,0.));
#19459 = ( GEOMETRIC_REPRESENTATION_CONTEXT(2) 
PARAMETRIC_REPRESENTATION_CONTEXT() REPRESENTATION_CONTEXT('2D SPACE',''
  ) );
#19460 = PCURVE('',#19461,#19466);
#19461 = PLANE('',#19462);
#19462 = AXIS2_PLACEMENT_3D('',#19463,#19464,#19465);
#19463 = CARTESIAN_POINT('',(27.95,13.6,15.6));
#19464 = DIRECTION('',(0.,0.,1.));
#19465 = DIRECTION('',(1.,0.,-0.));
#19466 = DEFINITIONAL_REPRESENTATION('',(#19467),#19471);
#19467 = CIRCLE('',#19468,2.1);
#19468 = AXIS2_PLACEMENT_2D('',#19469,#19470);
#19469 = CARTESIAN_POINT('',(0.,0.));
#19470 = DIRECTION('',(1.,0.));
#19471 = ( GEOMETRIC_REPRESENTATION_CONTEXT(2) 
PARAMETRIC_REPRESENTATION_CONTEXT() REPRESENTATION_CONTEXT('2D SPACE',''
  ) );
#19472 = ORIENTED_EDGE('',*,*,#19423,.T.);
#19473 = ADVANCED_FACE('',(#19474),#19296,.T.);
#19474 = FACE_BOUND('',#19475,.F.);
#19475 = EDGE_LOOP('',(#19476));
#19476 = ORIENTED_EDGE('',*,*,#19281,.F.);
#19477 = ADVANCED_FACE('',(#19478),#19351,.T.);
#19478 = FACE_BOUND('',#19479,.F.);
#19479 = EDGE_LOOP('',(#19480));
#19480 = ORIENTED_EDGE('',*,*,#19336,.F.);
#19481 = ADVANCED_FACE('',(#19482),#19406,.T.);
#19482 = FACE_BOUND('',#19483,.F.);
#19483 = EDGE_LOOP('',(#19484));
#19484 = ORIENTED_EDGE('',*,*,#19391,.F.);
#19485 = ADVANCED_FACE('',(#19486),#19461,.T.);
#19486 = FACE_BOUND('',#19487,.F.);
#19487 = EDGE_LOOP('',(#19488));
#19488 = ORIENTED_EDGE('',*,*,#19446,.F.);
#19489 = ( GEOMETRIC_REPRESENTATION_CONTEXT(3) 
GLOBAL_UNCERTAINTY_ASSIGNED_CONTEXT((#19493)) 
GLOBAL_UNIT_ASSIGNED_CONTEXT((#19490,#19491,#19492)) 
REPRESENTATION_CONTEXT('Context #1',
  '3D Context with UNIT and UNCERTAINTY') );
#19490 = ( LENGTH_UNIT() NAMED_UNIT(*) SI_UNIT(.MILLI.,.METRE.) );
#19491 = ( NAMED_UNIT(*) PLANE_ANGLE_UNIT() SI_UNIT($,.RADIAN.) );
#19492 = ( NAMED_UNIT(*) SI_UNIT($,.STERADIAN.) SOLID_ANGLE_UNIT() );
#19493 = UNCERTAINTY_MEASURE_WITH_UNIT(LENGTH_MEASURE(1.E-07),#19490,
  'distance_accuracy_value','confusion accuracy');
#19494 = PRODUCT_RELATED_PRODUCT_CATEGORY('part',$,(#7));
ENDSEC;
END-ISO-10303-21;
